2023-03-21T14:03:03.175Z: Listening on port 8041
2023-03-21T14:03:03.180Z: s2ccclll467230,UNK,test message,sms
2023-03-21T14:03:03.181Z: s2ducngu777338,TH,test message,sms
2023-03-21T14:03:03.181Z: s2thelee240915,UNK,test message,sms
2023-03-21T14:03:03.181Z: s2ducpha653500,UNK,test message,email
2023-03-21T14:03:03.182Z: s2picpan860809,UNK,test message,email
2023-03-21T14:03:03.182Z: s2pejjae163073,UNK,test message,sms
2023-03-21T14:03:03.182Z: s2huytra590111,UNK,test message,sms
2023-03-21T14:03:03.183Z: s2dactru331620,UNK,test message,sms
2023-03-21T14:03:03.183Z: s2sumjon810849,UNK,test message,sms
2023-03-21T14:03:03.183Z: s2amocha456181,UNK,test message,email
2023-03-21T14:03:03.183Z: s2tacsir206513,UNK,test message,email
2023-03-21T14:03:03.183Z: s2pilnoi275697,UNK,test message,sms
2023-03-21T14:03:03.183Z: s2huungu702756,UNK,test message,sms
2023-03-21T14:03:03.183Z: s2duyngu550403,UNK,test message,sms
2023-03-21T14:03:03.183Z: s2patsuc245473,TH,test message,sms
2023-03-21T14:03:03.184Z: s2manngu970753,VN,test message,email
2023-03-21T14:03:03.184Z: s2kripon178558,UNK,test message,email
2023-03-21T14:03:03.184Z: s2tanrac121847,UNK,test message,sms
2023-03-21T14:03:03.184Z: s2thalee886715,UNK,test message,sms
2023-03-21T14:03:03.184Z: s2thilee110100,UNK,test message,sms
2023-03-21T14:03:03.184Z: s2chivon003337,UNK,test message,sms
2023-03-21T14:03:03.184Z: s2quatra008348,UNK,test message,email
2023-03-21T14:03:03.184Z: s2athsri106993,TH,test message,email
2023-03-21T14:03:03.184Z: s2ngungu191810,TH,test message,sms
2023-03-21T14:03:03.184Z: s2vietra663180,UNK,test message,sms
2023-03-21T14:03:03.184Z: s2rawnua958082,UNK,test message,sms
2023-03-21T14:03:03.184Z: s2mischo927269,UNK,test message,sms
2023-03-21T14:03:03.184Z: s2anhpha013289,TH,test message,email
2023-03-21T14:03:03.184Z: s2nirbua136259,TH,test message,email
2023-03-21T14:03:03.184Z: s2chasos385807,VN,test message,sms
2023-03-21T14:03:03.184Z: s2linngo151089,TH,test message,sms
2023-03-21T14:03:03.184Z: s2sasnun143217,UNK,test message,sms
2023-03-21T14:03:03.184Z: s2vanhoa095477,UNK,test message,sms
2023-03-21T14:03:03.184Z: s2thingu652639,UNK,test message,email
2023-03-21T14:03:03.184Z: s2chakom063612,UNK,test message,email
2023-03-21T14:03:03.184Z: s2bennop679138,VN,test message,sms
2023-03-21T14:03:03.184Z: s2qaiqai825072,UNK,test message,sms
2023-03-21T14:03:03.184Z: s2supnga663491,UNK,test message,sms
2023-03-21T14:03:03.184Z: s2hoatra821023,UNK,test message,sms
2023-03-21T14:03:03.184Z: s2hoangu096181,UNK,test message,email
2023-03-21T14:03:03.184Z: s2kwupim588532,TH,test message,email
2023-03-21T14:03:03.184Z: s2pitsea049818,UNK,test message,sms
2023-03-21T14:03:03.184Z: s2baohoo901114,TH,test message,sms
2023-03-21T14:03:03.185Z: s2donltt725479,UNK,test message,sms
2023-03-21T14:03:03.185Z: s2atijai146091,UNK,test message,sms
2023-03-21T14:03:03.185Z: s2nutnet255313,AU,test message,email
2023-03-21T14:03:03.185Z: s2ngotra187252,UNK,test message,email
2023-03-21T14:03:03.185Z: s2ducvoo817667,UNK,test message,sms
2023-03-21T14:03:03.185Z: s2dfgdfg242672,UNK,test message,sms
2023-03-21T14:03:03.185Z: s2faituy081010,UNK,test message,sms
2023-03-21T14:03:03.185Z: s2honngu713085,UNK,test message,sms
2023-03-21T14:03:03.185Z: s2thiduo228176,UNK,test message,email
2023-03-21T14:03:03.185Z: s2erwewr908290,UNK,test message,email
2023-03-21T14:03:03.185Z: s2phioph186963,TH,test message,sms
2023-03-21T14:03:03.185Z: s2porsri533337,UNK,test message,sms
2023-03-21T14:03:03.185Z: s2punsim030576,UNK,test message,sms
2023-03-21T14:03:03.185Z: s2ngongu215877,UNK,test message,sms
2023-03-21T14:03:03.185Z: s2huylee980574,UNK,test message,email
2023-03-21T14:03:03.185Z: s2thigyy235531,TH,test message,email
2023-03-21T14:03:03.185Z: s2phalai234294,TH,test message,sms
2023-03-21T14:03:03.185Z: s2thacuu273965,TH,test message,sms
2023-03-21T14:03:03.185Z: s2ngungu453276,UNK,test message,sms
2023-03-21T14:03:03.185Z: s2ytiyur754118,TH,test message,sms
2023-03-21T14:03:03.185Z: s2kawmee066393,UNK,test message,email
2023-03-21T14:03:03.185Z: s2hoangu517691,UNK,test message,email
2023-03-21T14:03:03.185Z: s2trhrjr459306,TH,test message,sms
2023-03-21T14:03:03.185Z: s2honvyy996658,TH,test message,sms
2023-03-21T14:03:03.185Z: s2tuaphu206898,UNK,test message,sms
2023-03-21T14:03:03.185Z: s2manvuu531010,UNK,test message,sms
2023-03-21T14:03:03.185Z: s2viivii896872,UNK,test message,email
2023-03-21T14:03:03.185Z: s2satsan498646,UNK,test message,email
2023-03-21T14:03:03.185Z: s2thajan575518,UNK,test message,sms
2023-03-21T14:03:03.185Z: s2kimvoo194238,TH,test message,sms
2023-03-21T14:03:03.185Z: s2vanhoa101604,TH,test message,sms
2023-03-21T14:03:03.185Z: s2ertert481432,TH,test message,sms
2023-03-21T14:03:03.185Z: s2cuotra457513,UNK,test message,sms
2023-03-21T14:03:03.185Z: s2ngungu261857,UNK,test message,email
2023-03-21T14:03:03.185Z: s2poosin028482,TH,test message,email
2023-03-21T14:03:03.185Z: s2phiphi164108,UNK,test message,sms
2023-03-21T14:03:03.186Z: s2natpig853723,UNK,test message,sms
2023-03-21T14:03:03.186Z: s2quanon252732,UNK,test message,sms
2023-03-21T14:03:03.186Z: s2thatra099107,UNK,test message,sms
2023-03-21T14:03:03.186Z: s2ngopha764275,VN,test message,email
2023-03-21T14:03:03.186Z: s2tarhgd300188,UNK,test message,email
2023-03-21T14:03:03.186Z: s2sayjai853550,TH,test message,sms
2023-03-21T14:03:03.186Z: s2tratra812565,UNK,test message,sms
2023-03-21T14:03:03.186Z: s2duybui435369,TH,test message,sms
2023-03-21T14:03:03.186Z: s2penkin773167,UNK,test message,sms
2023-03-21T14:03:03.186Z: s2ngovan363443,TH,test message,email
2023-03-21T14:03:03.186Z: s2vanngu365879,TH,test message,email
2023-03-21T14:03:03.186Z: s2thavuu572674,UNK,test message,sms
2023-03-21T14:03:03.186Z: s2thosrl118434,UNK,test message,sms
2023-03-21T14:03:03.186Z: s2khokho026199,UNK,test message,sms
2023-03-21T14:03:03.186Z: s2ngungu813049,UNK,test message,sms
2023-03-21T14:03:03.186Z: s2sarsah265873,TH,test message,email
2023-03-21T14:03:03.186Z: s2remboo176952,UNK,test message,email
2023-03-21T14:03:03.186Z: s2baahoo228675,TH,test message,sms
2023-03-21T14:03:03.186Z: s2tanyon922389,UNK,test message,sms
2023-03-21T14:03:03.186Z: s2giango283062,VN,test message,sms
2023-03-21T14:03:03.186Z: s2tuoduo530700,UNK,test message,sms
2023-03-21T14:03:03.196Z: Successfully connected to {localhost}
2023-03-21T14:03:04.693Z: Successfully connected to {data-platform.ckghnqcooulj.ap-southeast-1.redshift.amazonaws.com}
2023-03-21T14:03:04.880Z: {"email":"sjongyorklang@gmail.com","phone_number":"+66818737338"}
2023-03-21T14:03:04.881Z: {"email":"pe.boss2005@gmail.com","phone_number":"+66859533395"}
2023-03-21T14:03:04.916Z: {"email":"cl.igbs@gmail.com","phone_number":"INV"}
2023-03-21T14:03:04.969Z: {"email":"leethevu_22@yahoo.com","phone_number":"+84976186994"}
2023-03-21T14:03:04.970Z: {"email":"truongdachoan@gmail.com","phone_number":"+84967232361"}
2023-03-21T14:03:04.975Z: {"email":"tetuongluugukokhoc@yahoo.com","phone_number":"+841868590605"}
2023-03-21T14:03:05.008Z: {"email":"nguyenduchung82@gmail.com","phone_number":"+84909123789"}
2023-03-21T14:03:05.099Z: {"email":"amonchai_anl@hotmail.com","phone_number":"+66840770411"}
2023-03-21T14:03:08.467Z: {"email":"gahaphanhtn@gmail.com","phone_number":"+84937567426"}
2023-03-21T14:03:08.468Z: {"email":"pichetwork@gmail.com","phone_number":"+66900514288"}
2023-03-21T14:03:08.469Z: {"email":"nguyenlinh787377@gmail.com","phone_number":"+841697218291"}
2023-03-21T14:03:08.555Z: {"email":"piloonnoimor@gmail.com","phone_number":"+66815958605"}
2023-03-21T14:03:08.556Z: {"email":"tiepzenny@gmail.com","phone_number":"+841692211213"}
2023-03-21T14:03:08.557Z: {"email":"p_suchatoo@hotmail.com","phone_number":"+66824909900"}
2023-03-21T14:03:08.558Z: {"email":"manhdat.hoahoa@gmail.com","phone_number":"+84976282254"}
2023-03-21T14:03:08.607Z: {"email":"nice.pretty0720@gmail.com","phone_number":"+66983937956"}
2023-03-21T14:03:08.645Z: {"email":"natt-o@hotmail.com","phone_number":"+66818016988"}
2023-03-21T14:03:08.689Z: {"email":"win_9533@hotmail.com","phone_number":"+66888409944"}
2023-03-21T14:03:08.732Z: {"email":"rachatajanyapans@hotmail.com","phone_number":"+66985059393"}
2023-03-21T14:03:08.736Z: {"email":"nguyenhy161991.dn@gmail.com","phone_number":"+84905638885"}
2023-03-21T14:03:08.891Z: {"email":"orrapin36@hotmail.com","phone_number":"+66909977724"}
2023-03-21T14:03:09.090Z: {"email":"owara01@hotmail.com","phone_number":"+66878371268"}
2023-03-21T14:03:11.197Z: {"email":"may_va@hotmail.co.th","phone_number":"+66913091120"}
2023-03-21T14:03:11.197Z: {"email":"tranquangchung270794@gmail.com","phone_number":"+841639822632"}
2023-03-21T14:03:11.198Z: {"email":"thanh_nam103@yahoo.com","phone_number":"+84948556969"}
2023-03-21T14:03:11.199Z: {"email":"awidjij@gmail.com","phone_number":"+84912315488"}
2023-03-21T14:03:11.199Z: {"email":"Ppsetmet@gmail.com","phone_number":"+66837212626"}
2023-03-21T14:03:11.289Z: {"email":"haiziin@yahoo.com.vn","phone_number":"+84985380320"}
2023-03-21T14:03:11.333Z: {"email":"hoangvandinh60@yahoo.com","phone_number":"+841233451666"}
2023-03-21T14:03:11.374Z: {"email":"sasi_5654@hotmail.com","phone_number":"+66931929993"}
2023-03-21T14:03:11.728Z: {"email":"fantasmixxx@gmail.com","phone_number":"+841235841917"}
2023-03-21T14:03:11.794Z: {"email":"e-ice-ba@hotmail.com","phone_number":"+66897333317"}
2023-03-21T14:03:11.813Z: {"email":"hungranh@gmail.com","phone_number":"+84946450160"}
2023-03-21T14:03:16.093Z: {"email":"pokermanthailand@gmail.com","phone_number":"+66972370709"}
2023-03-21T14:03:16.100Z: {"email":"thulinh686@gmail.com","phone_number":"+84962177188"}
2023-03-21T14:03:16.103Z: {"email":"tranphuc.ruby@gmail.com","phone_number":"+841674701173"}
2023-03-21T14:03:16.178Z: {"email":"plapla1419@hotmail.com","phone_number":"+66912092202"}
2023-03-21T14:03:16.179Z: {"email":"mjonson@jmjunction.com","phone_number":"INV"}
2023-03-21T14:03:16.182Z: {"email":"bengany00@gmail.com","phone_number":"+66952260989"}
2023-03-21T14:03:16.449Z: {"email":"binhryes@gmail.com","phone_number":"+841629850900"}
2023-03-21T14:03:17.762Z: {"email":"nguyenvu19832001@yahoo.com","phone_number":"+84905973159"}
2023-03-21T14:03:17.768Z: {"email":"nuizza_piz@hotmail.com","phone_number":"+66922018378"}
2023-03-21T14:03:17.771Z: {"email":"kp_aristoton@hotmail.com","phone_number":"+66965695197"}
2023-03-21T14:03:17.975Z: {"email":"monoinlove@hotmail.com","phone_number":"+66828963013"}
2023-03-21T14:03:19.893Z: {"email":"j.ada76@yahoo.com","phone_number":"+66843664543"}
2023-03-21T14:03:20.720Z: {"email":"ngocchien619@gmail.com","phone_number":"+841677870023"}
2023-03-21T14:03:20.721Z: {"email":"vuhang0203@gmail.com","phone_number":"INV"}
2023-03-21T14:03:20.721Z: {"email":"donglt.hp@gmail.com","phone_number":"+84963388663"}
2023-03-21T14:03:20.810Z: {"email":"baonhanonline5@gmail.com","phone_number":"+841683763568"}
2023-03-21T14:03:20.811Z: {"email":"jiranon.j33@gmail.com","phone_number":"+66994851448"}
2023-03-21T14:03:20.811Z: {"email":"duongthithanhtuyen1989@gmail.com","phone_number":"+841626988341"}
2023-03-21T14:03:20.812Z: {"email":"lien_kieu87@yahoo.com","phone_number":"+84977684488"}
2023-03-21T14:03:20.812Z: {"email":"1252090611@gm.uit.edu.vn","phone_number":"+842343534534"}
2023-03-21T14:03:20.901Z: {"email":"i.bamrider@gmail.com","phone_number":"+66854597688"}
2023-03-21T14:03:20.943Z: {"email":"cakiem_273@yahoo.com","phone_number":"+84922048656"}
2023-03-21T14:03:20.988Z: {"email":"thienhu892@gmail.com","phone_number":"+841231331233"}
2023-03-21T14:03:21.079Z: {"email":"mickeey.ice@facebook.com","phone_number":"+841676361497"}
2023-03-21T14:03:21.522Z: {"email":"bigpew1810@gmail.com","phone_number":"+66811848008"}
2023-03-21T14:03:21.791Z: {"email":"vyhonghanh0412@yahoo.com.vn","phone_number":"INV"}
2023-03-21T14:03:22.050Z: {"email":"bongdem1979@gmail.com","phone_number":"+841213334444"}
2023-03-21T14:03:26.353Z: {"email":"ngocson_16697@gmail.com","phone_number":"+84988892597"}
2023-03-21T14:03:26.353Z: {"email":"koiiok248@gmail.com","phone_number":"+66946967634"}
2023-03-21T14:03:26.353Z: {"email":"tungoi27@yahoo.com","phone_number":"+84942121984"}
2023-03-21T14:03:26.447Z: {"email":"zinfa001@yahoo.com","phone_number":"+841889560723"}
2023-03-21T14:03:26.447Z: {"email":"cook-22@hotmail.com","phone_number":"INV"}
2023-03-21T14:03:26.448Z: {"email":"kaweekan69@gmail.com","phone_number":"+66915565969"}
2023-03-21T14:03:26.449Z: {"email":"ben-2@hotmail.com","phone_number":"INV"}
2023-03-21T14:03:26.449Z: {"email":"hoangnhan0179@gmail.com","phone_number":"+84933342112"}
2023-03-21T14:03:26.451Z: {"email":"quangquyvt113@yahoo.com","phone_number":"+84859487198"}
2023-03-21T14:03:26.675Z: {"email":"poontara_sintakoon@yahoo.co.th","phone_number":"+66864190063"}
2023-03-21T14:03:26.675Z: {"email":"cuongtran_cf@yahoo.com","phone_number":"+841646546354"}
2023-03-21T14:03:26.714Z: {"email":"c2traxanh150687@gmail.com","phone_number":"+841238764336"}
2023-03-21T14:03:26.847Z: {"email":"c2traxanh1507@yahoo.com.vn","phone_number":"+84978621126"}
2023-03-21T14:03:26.931Z: {"email":"wimza555@hotmail.com","phone_number":"+66867293546"}
2023-03-21T14:03:27.018Z: {"email":"lovewiner.92@gmail.com","phone_number":"+84942749127"}
2023-03-21T14:03:27.103Z: {"email":"vuacasino27021987@gmail.com","phone_number":"+84987500139"}
2023-03-21T14:03:27.189Z: {"email":"ngochai0224@gmail.com","phone_number":"+84975972941"}
2023-03-21T14:03:27.273Z: {"email":"sayrung490@gmail.com","phone_number":"+66954875262"}
2023-03-21T14:03:30.448Z: {"email":"thaoly332@gmail.com","phone_number":"+841663339899"}
2023-03-21T14:03:30.448Z: {"email":"1252031413@gmail.com","phone_number":"INV"}
2023-03-21T14:03:30.449Z: {"email":"gorn542@hotmail.com","phone_number":"+66901087484"}
2023-03-21T14:03:30.543Z: {"email":"caovian65@gmail.com","phone_number":"+84994488806"}
2023-03-21T14:03:30.544Z: {"email":"tom_godza@yahoo.com","phone_number":"INV"}
2023-03-21T14:03:30.544Z: {"email":"nhokzokam@gmail.com","phone_number":"+84935957090"}
2023-03-21T14:03:30.544Z: {"email":"liar150587@yahoo.com.vn","phone_number":"+84988747787"}
2023-03-21T14:03:30.545Z: {"email":"vanhai0506@gmail.com","phone_number":"+84979247304"}
2023-03-21T14:03:30.545Z: {"email":"kokptibull@gmail.com","phone_number":"+66611355608"}
2023-03-21T14:03:30.678Z: {"email":"swquang@gmail.com","phone_number":"+84908901779"}
2023-03-21T14:03:30.833Z: {"email":"binthoi100@gmail.com","phone_number":"+84948200668"}
2023-03-21T14:03:31.010Z: {"email":"help987@outlook.co.th","phone_number":"+66992592263"}
2023-03-21T14:03:35.886Z: {"email":"kham.nguyen.37@gmail.com","phone_number":"+84987295802"}
2023-03-21T14:03:35.974Z: {"email":"pekun77794@gmail.com","phone_number":"+66897236109"}
2023-03-21T14:03:35.975Z: {"email":"chawatluckito123456@gmail.com","phone_number":"+66901087484"}
2023-03-21T14:03:35.977Z: {"email":"nh0xvothuong@yahoo.com","phone_number":"+841644181179"}
2023-03-21T14:03:36.062Z: {"email":"giabaongo89@gmail.com","phone_number":"+841202367814"}
2023-03-21T14:03:36.063Z: {"email":"Thossaphon999@hotmail.co","phone_number":"+66994756976"}
2023-03-21T14:03:36.068Z: {"email":"pensrea@gmail.com","phone_number":"+66844504835"}
2023-03-21T14:03:36.069Z: {"email":"longcongtu053@gmail.com","phone_number":"+84933918053"}
2023-03-21T14:03:36.069Z: {"email":"nhattuanvanngoc@gmail.com","phone_number":"+841636538130"}
2023-03-21T14:03:36.245Z: {"email":"tuongkhanh_1905@yahoo.com","phone_number":"+84978108090"}
2023-03-21T14:13:55.719Z: Listening on port 8041
2023-03-21T14:13:55.724Z: s2ccclll467230,UNK,test message,sms
2023-03-21T14:13:55.725Z: s2ducngu777338,TH,test message,sms
2023-03-21T14:13:55.725Z: s2thelee240915,UNK,test message,sms
2023-03-21T14:13:55.725Z: s2ducpha653500,UNK,test message,email
2023-03-21T14:13:55.725Z: s2picpan860809,UNK,test message,email
2023-03-21T14:13:55.726Z: s2pejjae163073,UNK,test message,sms
2023-03-21T14:13:55.726Z: s2huytra590111,UNK,test message,sms
2023-03-21T14:13:55.727Z: s2dactru331620,UNK,test message,sms
2023-03-21T14:13:55.727Z: s2sumjon810849,UNK,test message,sms
2023-03-21T14:13:55.727Z: s2amocha456181,UNK,test message,email
2023-03-21T14:13:55.727Z: s2tacsir206513,UNK,test message,email
2023-03-21T14:13:55.727Z: s2pilnoi275697,UNK,test message,sms
2023-03-21T14:13:55.727Z: s2huungu702756,UNK,test message,sms
2023-03-21T14:13:55.727Z: s2duyngu550403,UNK,test message,sms
2023-03-21T14:13:55.727Z: s2patsuc245473,TH,test message,sms
2023-03-21T14:13:55.727Z: s2manngu970753,VN,test message,email
2023-03-21T14:13:55.727Z: s2kripon178558,UNK,test message,email
2023-03-21T14:13:55.727Z: s2tanrac121847,UNK,test message,sms
2023-03-21T14:13:55.728Z: s2thalee886715,UNK,test message,sms
2023-03-21T14:13:55.728Z: s2thilee110100,UNK,test message,sms
2023-03-21T14:13:55.728Z: s2chivon003337,UNK,test message,sms
2023-03-21T14:13:55.728Z: s2quatra008348,UNK,test message,email
2023-03-21T14:13:55.728Z: s2athsri106993,TH,test message,email
2023-03-21T14:13:55.728Z: s2ngungu191810,TH,test message,sms
2023-03-21T14:13:55.728Z: s2vietra663180,UNK,test message,sms
2023-03-21T14:13:55.728Z: s2rawnua958082,UNK,test message,sms
2023-03-21T14:13:55.728Z: s2mischo927269,UNK,test message,sms
2023-03-21T14:13:55.728Z: s2anhpha013289,TH,test message,email
2023-03-21T14:13:55.728Z: s2nirbua136259,TH,test message,email
2023-03-21T14:13:55.728Z: s2chasos385807,VN,test message,sms
2023-03-21T14:13:55.728Z: s2linngo151089,TH,test message,sms
2023-03-21T14:13:55.728Z: s2sasnun143217,UNK,test message,sms
2023-03-21T14:13:55.728Z: s2vanhoa095477,UNK,test message,sms
2023-03-21T14:13:55.728Z: s2thingu652639,UNK,test message,email
2023-03-21T14:13:55.728Z: s2chakom063612,UNK,test message,email
2023-03-21T14:13:55.728Z: s2bennop679138,VN,test message,sms
2023-03-21T14:13:55.728Z: s2qaiqai825072,UNK,test message,sms
2023-03-21T14:13:55.728Z: s2supnga663491,UNK,test message,sms
2023-03-21T14:13:55.728Z: s2hoatra821023,UNK,test message,sms
2023-03-21T14:13:55.728Z: s2hoangu096181,UNK,test message,email
2023-03-21T14:13:55.728Z: s2kwupim588532,TH,test message,email
2023-03-21T14:13:55.728Z: s2pitsea049818,UNK,test message,sms
2023-03-21T14:13:55.728Z: s2baohoo901114,TH,test message,sms
2023-03-21T14:13:55.728Z: s2donltt725479,UNK,test message,sms
2023-03-21T14:13:55.728Z: s2atijai146091,UNK,test message,sms
2023-03-21T14:13:55.728Z: s2nutnet255313,AU,test message,email
2023-03-21T14:13:55.728Z: s2ngotra187252,UNK,test message,email
2023-03-21T14:13:55.729Z: s2ducvoo817667,UNK,test message,sms
2023-03-21T14:13:55.729Z: s2dfgdfg242672,UNK,test message,sms
2023-03-21T14:13:55.729Z: s2faituy081010,UNK,test message,sms
2023-03-21T14:13:55.729Z: s2honngu713085,UNK,test message,sms
2023-03-21T14:13:55.729Z: s2thiduo228176,UNK,test message,email
2023-03-21T14:13:55.729Z: s2erwewr908290,UNK,test message,email
2023-03-21T14:13:55.729Z: s2phioph186963,TH,test message,sms
2023-03-21T14:13:55.729Z: s2porsri533337,UNK,test message,sms
2023-03-21T14:13:55.729Z: s2punsim030576,UNK,test message,sms
2023-03-21T14:13:55.729Z: s2ngongu215877,UNK,test message,sms
2023-03-21T14:13:55.729Z: s2huylee980574,UNK,test message,email
2023-03-21T14:13:55.729Z: s2thigyy235531,TH,test message,email
2023-03-21T14:13:55.729Z: s2phalai234294,TH,test message,sms
2023-03-21T14:13:55.729Z: s2thacuu273965,TH,test message,sms
2023-03-21T14:13:55.729Z: s2ngungu453276,UNK,test message,sms
2023-03-21T14:13:55.729Z: s2ytiyur754118,TH,test message,sms
2023-03-21T14:13:55.729Z: s2kawmee066393,UNK,test message,email
2023-03-21T14:13:55.729Z: s2hoangu517691,UNK,test message,email
2023-03-21T14:13:55.729Z: s2trhrjr459306,TH,test message,sms
2023-03-21T14:13:55.729Z: s2honvyy996658,TH,test message,sms
2023-03-21T14:13:55.729Z: s2tuaphu206898,UNK,test message,sms
2023-03-21T14:13:55.729Z: s2manvuu531010,UNK,test message,sms
2023-03-21T14:13:55.729Z: s2viivii896872,UNK,test message,email
2023-03-21T14:13:55.729Z: s2satsan498646,UNK,test message,email
2023-03-21T14:13:55.729Z: s2thajan575518,UNK,test message,sms
2023-03-21T14:13:55.729Z: s2kimvoo194238,TH,test message,sms
2023-03-21T14:13:55.729Z: s2vanhoa101604,TH,test message,sms
2023-03-21T14:13:55.729Z: s2ertert481432,TH,test message,sms
2023-03-21T14:13:55.729Z: s2cuotra457513,UNK,test message,sms
2023-03-21T14:13:55.729Z: s2ngungu261857,UNK,test message,email
2023-03-21T14:13:55.729Z: s2poosin028482,TH,test message,email
2023-03-21T14:13:55.729Z: s2phiphi164108,UNK,test message,sms
2023-03-21T14:13:55.729Z: s2natpig853723,UNK,test message,sms
2023-03-21T14:13:55.729Z: s2quanon252732,UNK,test message,sms
2023-03-21T14:13:55.729Z: s2thatra099107,UNK,test message,sms
2023-03-21T14:13:55.729Z: s2ngopha764275,VN,test message,email
2023-03-21T14:13:55.729Z: s2tarhgd300188,UNK,test message,email
2023-03-21T14:13:55.729Z: s2sayjai853550,TH,test message,sms
2023-03-21T14:13:55.729Z: s2tratra812565,UNK,test message,sms
2023-03-21T14:13:55.729Z: s2duybui435369,TH,test message,sms
2023-03-21T14:13:55.729Z: s2penkin773167,UNK,test message,sms
2023-03-21T14:13:55.729Z: s2ngovan363443,TH,test message,email
2023-03-21T14:13:55.729Z: s2vanngu365879,TH,test message,email
2023-03-21T14:13:55.730Z: s2thavuu572674,UNK,test message,sms
2023-03-21T14:13:55.730Z: s2thosrl118434,UNK,test message,sms
2023-03-21T14:13:55.730Z: s2khokho026199,UNK,test message,sms
2023-03-21T14:13:55.730Z: s2ngungu813049,UNK,test message,sms
2023-03-21T14:13:55.730Z: s2sarsah265873,TH,test message,email
2023-03-21T14:13:55.730Z: s2remboo176952,UNK,test message,email
2023-03-21T14:13:55.730Z: s2baahoo228675,TH,test message,sms
2023-03-21T14:13:55.730Z: s2tanyon922389,UNK,test message,sms
2023-03-21T14:13:55.730Z: s2giango283062,VN,test message,sms
2023-03-21T14:13:55.730Z: s2tuoduo530700,UNK,test message,sms
2023-03-21T14:13:55.738Z: Successfully connected to {localhost}
2023-03-21T14:13:57.749Z: Successfully connected to {data-platform.ckghnqcooulj.ap-southeast-1.redshift.amazonaws.com}
2023-03-21T14:14:09.994Z: {"player_token":"s2ducngu777338","country":"TH","message":"test message","platform":"sms","email":"nguyenduchung82@gmail.com","phone_number":"+84909123789"}
2023-03-21T14:14:09.994Z: {"player_token":"s2sumjon810849","country":"UNK","message":"test message","platform":"sms","email":"sjongyorklang@gmail.com","phone_number":"+66818737338"}
2023-03-21T14:14:09.995Z: {"player_token":"s2ducpha653500","country":"UNK","message":"test message","platform":"email","email":"tetuongluugukokhoc@yahoo.com","phone_number":"+841868590605"}
2023-03-21T14:14:09.995Z: {"player_token":"s2picpan860809","country":"UNK","message":"test message","platform":"email","email":"pichetwork@gmail.com","phone_number":"+66900514288"}
2023-03-21T14:14:09.995Z: {"player_token":"s2pejjae163073","country":"UNK","message":"test message","platform":"sms","email":"pe.boss2005@gmail.com","phone_number":"+66859533395"}
2023-03-21T14:14:10.051Z: {"player_token":"s2ccclll467230","country":"UNK","message":"test message","platform":"sms","email":"cl.igbs@gmail.com","phone_number":"INV"}
2023-03-21T14:14:10.051Z: {"player_token":"s2thelee240915","country":"UNK","message":"test message","platform":"sms","email":"leethevu_22@yahoo.com","phone_number":"+84976186994"}
2023-03-21T14:14:10.052Z: {"player_token":"s2dactru331620","country":"UNK","message":"test message","platform":"sms","email":"truongdachoan@gmail.com","phone_number":"+84967232361"}
2023-03-21T14:14:10.052Z: {"player_token":"s2huytra590111","country":"UNK","message":"test message","platform":"sms","email":"gahaphanhtn@gmail.com","phone_number":"+84937567426"}
2023-03-21T14:14:14.844Z: {"player_token":"s2manngu970753","country":"VN","message":"test message","platform":"email","email":"manhdat.hoahoa@gmail.com","phone_number":"+84976282254"}
2023-03-21T14:14:14.947Z: {"player_token":"s2tanrac121847","country":"UNK","message":"test message","platform":"sms","email":"rachatajanyapans@hotmail.com","phone_number":"+66985059393"}
2023-03-21T14:14:14.976Z: {"player_token":"s2patsuc245473","country":"TH","message":"test message","platform":"sms","email":"p_suchatoo@hotmail.com","phone_number":"+66824909900"}
2023-03-21T14:14:14.977Z: {"player_token":"s2amocha456181","country":"UNK","message":"test message","platform":"email","email":"amonchai_anl@hotmail.com","phone_number":"+66840770411"}
2023-03-21T14:14:14.977Z: {"player_token":"s2pilnoi275697","country":"UNK","message":"test message","platform":"sms","email":"piloonnoimor@gmail.com","phone_number":"+66815958605"}
2023-03-21T14:14:14.977Z: {"player_token":"s2huungu702756","country":"UNK","message":"test message","platform":"sms","email":"tiepzenny@gmail.com","phone_number":"+841692211213"}
2023-03-21T14:14:14.978Z: {"player_token":"s2kripon178558","country":"UNK","message":"test message","platform":"email","email":"nice.pretty0720@gmail.com","phone_number":"+66983937956"}
2023-03-21T14:14:15.049Z: {"player_token":"s2duyngu550403","country":"UNK","message":"test message","platform":"sms","email":"nguyenlinh787377@gmail.com","phone_number":"+841697218291"}
2023-03-21T14:14:17.220Z: {"player_token":"s2tacsir206513","country":"UNK","message":"test message","platform":"email","email":"natt-o@hotmail.com","phone_number":"+66818016988"}
2023-03-21T14:14:20.500Z: {"player_token":"s2thalee886715","country":"UNK","message":"test message","platform":"sms","email":"thanh_nam103@yahoo.com","phone_number":"+84948556969"}
2023-03-21T14:14:20.595Z: {"player_token":"s2quatra008348","country":"UNK","message":"test message","platform":"email","email":"tranquangchung270794@gmail.com","phone_number":"+841639822632"}
2023-03-21T14:14:20.596Z: {"player_token":"s2rawnua958082","country":"UNK","message":"test message","platform":"sms","email":"may_va@hotmail.co.th","phone_number":"+66913091120"}
2023-03-21T14:14:20.596Z: {"player_token":"s2athsri106993","country":"TH","message":"test message","platform":"email","email":"e-ice-ba@hotmail.com","phone_number":"+66897333317"}
2023-03-21T14:14:25.621Z: {"player_token":"s2vietra663180","country":"UNK","message":"test message","platform":"sms","email":"haiziin@yahoo.com.vn","phone_number":"+84985380320"}
2023-03-21T14:14:25.727Z: {"player_token":"s2thilee110100","country":"UNK","message":"test message","platform":"sms","email":"win_9533@hotmail.com","phone_number":"+66888409944"}
2023-03-21T14:14:25.727Z: {"player_token":"s2chivon003337","country":"UNK","message":"test message","platform":"sms","email":"hungranh@gmail.com","phone_number":"+84946450160"}
2023-03-21T14:14:25.728Z: {"player_token":"s2ngungu191810","country":"TH","message":"test message","platform":"sms","email":"nguyenhy161991.dn@gmail.com","phone_number":"+84905638885"}
2023-03-21T14:14:27.667Z: {"player_token":"s2anhpha013289","country":"TH","message":"test message","platform":"email","email":"awidjij@gmail.com","phone_number":"+84912315488"}
2023-03-21T14:14:27.667Z: {"player_token":"s2mischo927269","country":"UNK","message":"test message","platform":"sms","email":"orrapin36@hotmail.com","phone_number":"+66909977724"}
2023-03-21T14:14:27.668Z: {"player_token":"s2chasos385807","country":"VN","message":"test message","platform":"sms","email":"owara01@hotmail.com","phone_number":"+66878371268"}
2023-03-21T14:14:27.668Z: {"player_token":"s2linngo151089","country":"TH","message":"test message","platform":"sms","email":"fantasmixxx@gmail.com","phone_number":"+841235841917"}
2023-03-21T14:14:27.668Z: {"player_token":"s2nirbua136259","country":"TH","message":"test message","platform":"email","email":"Ppsetmet@gmail.com","phone_number":"+66837212626"}
2023-03-21T14:14:29.509Z: {"player_token":"s2sasnun143217","country":"UNK","message":"test message","platform":"sms","email":"sasi_5654@hotmail.com","phone_number":"+66931929993"}
2023-03-21T14:14:29.619Z: {"player_token":"s2thingu652639","country":"UNK","message":"test message","platform":"email","email":"thulinh686@gmail.com","phone_number":"+84962177188"}
2023-03-21T14:14:29.620Z: {"player_token":"s2chakom063612","country":"UNK","message":"test message","platform":"email","email":"pokermanthailand@gmail.com","phone_number":"+66972370709"}
2023-03-21T14:14:29.620Z: {"player_token":"s2vanhoa095477","country":"UNK","message":"test message","platform":"sms","email":"hoangvandinh60@yahoo.com","phone_number":"+841233451666"}
2023-03-21T14:14:29.743Z: {"player_token":"s2supnga663491","country":"UNK","message":"test message","platform":"sms","email":"plapla1419@hotmail.com","phone_number":"+66912092202"}
2023-03-21T14:14:29.852Z: {"player_token":"s2hoangu096181","country":"UNK","message":"test message","platform":"email","email":"nguyenvu19832001@yahoo.com","phone_number":"+84905973159"}
2023-03-21T14:14:29.853Z: {"player_token":"s2bennop679138","country":"VN","message":"test message","platform":"sms","email":"bengany00@gmail.com","phone_number":"+66952260989"}
2023-03-21T14:14:29.853Z: {"player_token":"s2hoatra821023","country":"UNK","message":"test message","platform":"sms","email":"tranphuc.ruby@gmail.com","phone_number":"+841674701173"}
2023-03-21T14:14:29.964Z: {"player_token":"s2qaiqai825072","country":"UNK","message":"test message","platform":"sms","email":"mjonson@jmjunction.com","phone_number":"INV"}
2023-03-21T14:14:31.456Z: {"player_token":"s2kwupim588532","country":"TH","message":"test message","platform":"email","email":"kp_aristoton@hotmail.com","phone_number":"+66965695197"}
2023-03-21T14:14:31.462Z: {"player_token":"s2pitsea049818","country":"UNK","message":"test message","platform":"sms","email":"nuizza_piz@hotmail.com","phone_number":"+66922018378"}
2023-03-21T14:14:31.462Z: {"player_token":"s2baohoo901114","country":"TH","message":"test message","platform":"sms","email":"baonhanonline5@gmail.com","phone_number":"+841683763568"}
2023-03-21T14:14:31.462Z: {"player_token":"s2donltt725479","country":"UNK","message":"test message","platform":"sms","email":"donglt.hp@gmail.com","phone_number":"+84963388663"}
2023-03-21T14:14:31.463Z: {"player_token":"s2ngotra187252","country":"UNK","message":"test message","platform":"email","email":"ngocchien619@gmail.com","phone_number":"+841677870023"}
2023-03-21T14:14:31.463Z: {"player_token":"s2dfgdfg242672","country":"UNK","message":"test message","platform":"sms","email":"vuhang0203@gmail.com","phone_number":"INV"}
2023-03-21T14:14:31.463Z: {"player_token":"s2nutnet255313","country":"AU","message":"test message","platform":"email","email":"monoinlove@hotmail.com","phone_number":"+66828963013"}
2023-03-21T14:14:31.558Z: {"player_token":"s2atijai146091","country":"UNK","message":"test message","platform":"sms","email":"j.ada76@yahoo.com","phone_number":"+66843664543"}
2023-03-21T14:14:31.559Z: {"player_token":"s2ducvoo817667","country":"UNK","message":"test message","platform":"sms","email":"binhryes@gmail.com","phone_number":"+841629850900"}
2023-03-21T14:14:34.634Z: {"player_token":"s2phioph186963","country":"TH","message":"test message","platform":"sms","email":"bigpew1810@gmail.com","phone_number":"+66811848008"}
2023-03-21T14:14:34.634Z: {"player_token":"s2punsim030576","country":"UNK","message":"test message","platform":"sms","email":"i.bamrider@gmail.com","phone_number":"+66854597688"}
2023-03-21T14:14:34.634Z: {"player_token":"s2thiduo228176","country":"UNK","message":"test message","platform":"email","email":"duongthithanhtuyen1989@gmail.com","phone_number":"+841626988341"}
2023-03-21T14:14:34.635Z: {"player_token":"s2faituy081010","country":"UNK","message":"test message","platform":"sms","email":"jiranon.j33@gmail.com","phone_number":"+66994851448"}
2023-03-21T14:14:34.635Z: {"player_token":"s2erwewr908290","country":"UNK","message":"test message","platform":"email","email":"1252090611@gm.uit.edu.vn","phone_number":"+842343534534"}
2023-03-21T14:14:34.635Z: {"player_token":"s2honngu713085","country":"UNK","message":"test message","platform":"sms","email":"lien_kieu87@yahoo.com","phone_number":"+84977684488"}
2023-03-21T14:14:34.744Z: {"player_token":"s2ngongu215877","country":"UNK","message":"test message","platform":"sms","email":"ngocson_16697@gmail.com","phone_number":"+84988892597"}
2023-03-21T14:14:34.744Z: {"player_token":"s2huylee980574","country":"UNK","message":"test message","platform":"email","email":"cakiem_273@yahoo.com","phone_number":"+84922048656"}
2023-03-21T14:14:34.745Z: {"player_token":"s2porsri533337","country":"UNK","message":"test message","platform":"sms","email":"koiiok248@gmail.com","phone_number":"+66946967634"}
2023-03-21T14:14:37.091Z: {"player_token":"s2thigyy235531","country":"TH","message":"test message","platform":"email","email":"thienhu892@gmail.com","phone_number":"+841231331233"}
2023-03-21T14:14:37.108Z: {"player_token":"s2honvyy996658","country":"TH","message":"test message","platform":"sms","email":"vyhonghanh0412@yahoo.com.vn","phone_number":"INV"}
2023-03-21T14:14:37.108Z: {"player_token":"s2thacuu273965","country":"TH","message":"test message","platform":"sms","email":"tungoi27@yahoo.com","phone_number":"+84942121984"}
2023-03-21T14:14:37.108Z: {"player_token":"s2ytiyur754118","country":"TH","message":"test message","platform":"sms","email":"cook-22@hotmail.com","phone_number":"INV"}
2023-03-21T14:14:37.108Z: {"player_token":"s2phalai234294","country":"TH","message":"test message","platform":"sms","email":"mickeey.ice@facebook.com","phone_number":"+841676361497"}
2023-03-21T14:14:37.108Z: {"player_token":"s2trhrjr459306","country":"TH","message":"test message","platform":"sms","email":"ben-2@hotmail.com","phone_number":"INV"}
2023-03-21T14:14:37.109Z: {"player_token":"s2ngungu453276","country":"UNK","message":"test message","platform":"sms","email":"zinfa001@yahoo.com","phone_number":"+841889560723"}
2023-03-21T14:14:37.461Z: {"player_token":"s2hoangu517691","country":"UNK","message":"test message","platform":"email","email":"hoangnhan0179@gmail.com","phone_number":"+84933342112"}
2023-03-21T14:14:37.462Z: {"player_token":"s2kawmee066393","country":"UNK","message":"test message","platform":"email","email":"kaweekan69@gmail.com","phone_number":"+66915565969"}
2023-03-21T14:14:39.034Z: {"player_token":"s2satsan498646","country":"UNK","message":"test message","platform":"email","email":"tom_godza@yahoo.com","phone_number":"INV"}
2023-03-21T14:14:39.034Z: {"player_token":"s2thajan575518","country":"UNK","message":"test message","platform":"sms","email":"gorn542@hotmail.com","phone_number":"+66901087484"}
2023-03-21T14:14:39.034Z: {"player_token":"s2tuaphu206898","country":"UNK","message":"test message","platform":"sms","email":"bongdem1979@gmail.com","phone_number":"+841213334444"}
2023-03-21T14:14:39.034Z: {"player_token":"s2vanhoa101604","country":"TH","message":"test message","platform":"sms","email":"nhokzokam@gmail.com","phone_number":"+84935957090"}
2023-03-21T14:14:39.034Z: {"player_token":"s2manvuu531010","country":"UNK","message":"test message","platform":"sms","email":"quangquyvt113@yahoo.com","phone_number":"+84859487198"}
2023-03-21T14:14:39.035Z: {"player_token":"s2kimvoo194238","country":"TH","message":"test message","platform":"sms","email":"thaoly332@gmail.com","phone_number":"+841663339899"}
2023-03-21T14:14:39.035Z: {"player_token":"s2cuotra457513","country":"UNK","message":"test message","platform":"sms","email":"cuongtran_cf@yahoo.com","phone_number":"+841646546354"}
2023-03-21T14:14:39.139Z: {"player_token":"s2viivii896872","country":"UNK","message":"test message","platform":"email","email":"caovian65@gmail.com","phone_number":"+84994488806"}
2023-03-21T14:14:39.139Z: {"player_token":"s2ertert481432","country":"TH","message":"test message","platform":"sms","email":"1252031413@gmail.com","phone_number":"INV"}
2023-03-21T14:14:41.794Z: {"player_token":"s2ngopha764275","country":"VN","message":"test message","platform":"email","email":"ngochai0224@gmail.com","phone_number":"+84975972941"}
2023-03-21T14:14:41.795Z: {"player_token":"s2quanon252732","country":"UNK","message":"test message","platform":"sms","email":"lovewiner.92@gmail.com","phone_number":"+84942749127"}
2023-03-21T14:14:41.795Z: {"player_token":"s2poosin028482","country":"TH","message":"test message","platform":"email","email":"poontara_sintakoon@yahoo.co.th","phone_number":"+66864190063"}
2023-03-21T14:14:41.795Z: {"player_token":"s2natpig853723","country":"UNK","message":"test message","platform":"sms","email":"wimza555@hotmail.com","phone_number":"+66867293546"}
2023-03-21T14:14:41.795Z: {"player_token":"s2tarhgd300188","country":"UNK","message":"test message","platform":"email","email":"kokptibull@gmail.com","phone_number":"+66611355608"}
2023-03-21T14:14:41.795Z: {"player_token":"s2phiphi164108","country":"UNK","message":"test message","platform":"sms","email":"c2traxanh1507@yahoo.com.vn","phone_number":"+84978621126"}
2023-03-21T14:14:41.795Z: {"player_token":"s2thatra099107","country":"UNK","message":"test message","platform":"sms","email":"vuacasino27021987@gmail.com","phone_number":"+84987500139"}
2023-03-21T14:14:41.796Z: {"player_token":"s2sayjai853550","country":"TH","message":"test message","platform":"sms","email":"sayrung490@gmail.com","phone_number":"+66954875262"}
2023-03-21T14:14:41.796Z: {"player_token":"s2ngungu261857","country":"UNK","message":"test message","platform":"email","email":"c2traxanh150687@gmail.com","phone_number":"+841238764336"}
2023-03-21T14:14:43.429Z: {"player_token":"s2vanngu365879","country":"TH","message":"test message","platform":"email","email":"swquang@gmail.com","phone_number":"+84908901779"}
2023-03-21T14:14:43.645Z: {"player_token":"s2ngungu813049","country":"UNK","message":"test message","platform":"sms","email":"longcongtu053@gmail.com","phone_number":"+84933918053"}
2023-03-21T14:14:43.645Z: {"player_token":"s2duybui435369","country":"TH","message":"test message","platform":"sms","email":"vanhai0506@gmail.com","phone_number":"+84979247304"}
2023-03-21T14:14:43.645Z: {"player_token":"s2ngovan363443","country":"TH","message":"test message","platform":"email","email":"nhattuanvanngoc@gmail.com","phone_number":"+841636538130"}
2023-03-21T14:14:43.846Z: {"player_token":"s2thavuu572674","country":"UNK","message":"test message","platform":"sms","email":"binthoi100@gmail.com","phone_number":"+84948200668"}
2023-03-21T14:14:52.511Z: {"player_token":"s2penkin773167","country":"UNK","message":"test message","platform":"sms","email":"pensrea@gmail.com","phone_number":"+66844504835"}
2023-03-21T14:14:52.511Z: {"player_token":"s2khokho026199","country":"UNK","message":"test message","platform":"sms","email":"kham.nguyen.37@gmail.com","phone_number":"+84987295802"}
2023-03-21T14:14:52.523Z: {"player_token":"s2remboo176952","country":"UNK","message":"test message","platform":"email","email":"help987@outlook.co.th","phone_number":"+66992592263"}
2023-03-21T14:14:52.523Z: {"player_token":"s2tanyon922389","country":"UNK","message":"test message","platform":"sms","email":"pekun77794@gmail.com","phone_number":"+66897236109"}
2023-03-21T14:14:52.523Z: {"player_token":"s2thosrl118434","country":"UNK","message":"test message","platform":"sms","email":"Thossaphon999@hotmail.co","phone_number":"+66994756976"}
2023-03-21T14:14:52.524Z: {"player_token":"s2tratra812565","country":"UNK","message":"test message","platform":"sms","email":"liar150587@yahoo.com.vn","phone_number":"+84988747787"}
2023-03-21T14:14:52.984Z: {"player_token":"s2giango283062","country":"VN","message":"test message","platform":"sms","email":"giabaongo89@gmail.com","phone_number":"+841202367814"}
2023-03-21T14:14:52.985Z: {"player_token":"s2sarsah265873","country":"TH","message":"test message","platform":"email","email":"chawatluckito123456@gmail.com","phone_number":"+66901087484"}
2023-03-21T14:14:52.985Z: {"player_token":"s2baahoo228675","country":"TH","message":"test message","platform":"sms","email":"nh0xvothuong@yahoo.com","phone_number":"+841644181179"}
2023-03-21T14:14:53.755Z: {"player_token":"s2tuoduo530700","country":"UNK","message":"test message","platform":"sms","email":"tuongkhanh_1905@yahoo.com","phone_number":"+84978108090"}
2023-03-21T14:20:46.099Z: Listening on port 8041
2023-03-21T14:20:46.113Z: Successfully connected to {localhost}
2023-03-21T14:20:50.094Z: Successfully connected to {data-platform.ckghnqcooulj.ap-southeast-1.redshift.amazonaws.com}
2023-03-21T14:20:54.009Z: Listening on port 8041
2023-03-21T14:20:54.025Z: Successfully connected to {localhost}
2023-03-21T14:21:00.980Z: Successfully connected to {data-platform.ckghnqcooulj.ap-southeast-1.redshift.amazonaws.com}
2023-03-21T14:21:06.733Z: Listening on port 8041
2023-03-21T14:21:06.751Z: Successfully connected to {localhost}
2023-03-21T14:21:09.632Z: Successfully connected to {data-platform.ckghnqcooulj.ap-southeast-1.redshift.amazonaws.com}
2023-03-21T14:21:14.113Z: Listening on port 8041
2023-03-21T14:21:14.129Z: Successfully connected to {localhost}
2023-03-21T14:21:15.912Z: Listening on port 8041
2023-03-21T14:21:15.928Z: Successfully connected to {localhost}
2023-03-21T14:21:21.316Z: Successfully connected to {data-platform.ckghnqcooulj.ap-southeast-1.redshift.amazonaws.com}
2023-03-21T14:21:24.904Z: {"player_token":"s2picpan860809","country":"UNK","message":"test message","platform":"email","email":"pichetwork@gmail.com"}
2023-03-21T14:21:25.012Z: {"player_token":"s2huytra590111","country":"UNK","message":"test message","platform":"sms","phone_number":"+84937567426"}
2023-03-21T14:21:25.012Z: {"player_token":"s2ducpha653500","country":"UNK","message":"test message","platform":"email","email":"tetuongluugukokhoc@yahoo.com"}
2023-03-21T14:21:25.013Z: {"player_token":"s2sumjon810849","country":"UNK","message":"test message","platform":"sms","phone_number":"+66818737338"}
2023-03-21T14:21:25.013Z: {"player_token":"s2pejjae163073","country":"UNK","message":"test message","platform":"sms","phone_number":"+66859533395"}
2023-03-21T14:21:25.014Z: {"player_token":"s2thelee240915","country":"UNK","message":"test message","platform":"sms","phone_number":"+84976186994"}
2023-03-21T14:21:26.068Z: {"player_token":"s2dactru331620","country":"UNK","message":"test message","platform":"sms","phone_number":"+84967232361"}
2023-03-21T14:21:28.093Z: {"player_token":"s2ducngu777338","country":"TH","message":"test message","platform":"sms","phone_number":"+84909123789"}
2023-03-21T14:21:28.179Z: {"player_token":"s2ccclll467230","country":"UNK","message":"test message","platform":"sms","phone_number":"INV"}
2023-03-21T14:21:28.846Z: {"player_token":"s2amocha456181","country":"UNK","message":"test message","platform":"email","email":"amonchai_anl@hotmail.com"}
2023-03-21T14:21:29.013Z: {"player_token":"s2duyngu550403","country":"UNK","message":"test message","platform":"sms","phone_number":"+841697218291"}
2023-03-21T14:21:29.013Z: {"player_token":"s2pilnoi275697","country":"UNK","message":"test message","platform":"sms","phone_number":"+66815958605"}
2023-03-21T14:21:29.013Z: {"player_token":"s2tacsir206513","country":"UNK","message":"test message","platform":"email","email":"natt-o@hotmail.com"}
2023-03-21T14:21:29.875Z: {"player_token":"s2patsuc245473","country":"TH","message":"test message","platform":"sms","phone_number":"+66824909900"}
2023-03-21T14:21:31.188Z: {"player_token":"s2huungu702756","country":"UNK","message":"test message","platform":"sms","phone_number":"+841692211213"}
2023-03-21T14:21:31.615Z: {"player_token":"s2manngu970753","country":"VN","message":"test message","platform":"email","email":"manhdat.hoahoa@gmail.com"}
2023-03-21T14:21:32.343Z: {"player_token":"s2tanrac121847","country":"UNK","message":"test message","platform":"sms","phone_number":"+66985059393"}
2023-03-21T14:21:32.691Z: {"player_token":"s2chivon003337","country":"UNK","message":"test message","platform":"sms","phone_number":"+84946450160"}
2023-03-21T14:21:33.301Z: {"player_token":"s2thalee886715","country":"UNK","message":"test message","platform":"sms","phone_number":"+84948556969"}
2023-03-21T14:21:33.989Z: {"player_token":"s2kripon178558","country":"UNK","message":"test message","platform":"email","email":"nice.pretty0720@gmail.com"}
2023-03-21T14:21:35.284Z: {"player_token":"s2quatra008348","country":"UNK","message":"test message","platform":"email","email":"tranquangchung270794@gmail.com"}
2023-03-21T14:21:35.384Z: {"player_token":"s2thilee110100","country":"UNK","message":"test message","platform":"sms","phone_number":"+66888409944"}
2023-03-21T14:21:35.661Z: {"player_token":"s2athsri106993","country":"TH","message":"test message","platform":"email","email":"e-ice-ba@hotmail.com"}
2023-03-21T14:21:35.661Z: {"player_token":"s2ngungu191810","country":"TH","message":"test message","platform":"sms","phone_number":"+84905638885"}
2023-03-21T14:21:35.661Z: {"player_token":"s2rawnua958082","country":"UNK","message":"test message","platform":"sms","phone_number":"+66913091120"}
2023-03-21T14:21:37.736Z: {"player_token":"s2nirbua136259","country":"TH","message":"test message","platform":"email","email":"Ppsetmet@gmail.com"}
2023-03-21T14:21:38.373Z: {"player_token":"s2vietra663180","country":"UNK","message":"test message","platform":"sms","phone_number":"+84985380320"}
2023-03-21T14:21:38.481Z: {"player_token":"s2anhpha013289","country":"TH","message":"test message","platform":"email","email":"awidjij@gmail.com"}
2023-03-21T14:21:38.481Z: {"player_token":"s2mischo927269","country":"UNK","message":"test message","platform":"sms","phone_number":"+66909977724"}
2023-03-21T14:21:38.481Z: {"player_token":"s2linngo151089","country":"TH","message":"test message","platform":"sms","phone_number":"+841235841917"}
2023-03-21T14:21:40.932Z: {"player_token":"s2thingu652639","country":"UNK","message":"test message","platform":"email","email":"thulinh686@gmail.com"}
2023-03-21T14:21:41.028Z: {"player_token":"s2vanhoa095477","country":"UNK","message":"test message","platform":"sms","phone_number":"+841233451666"}
2023-03-21T14:21:43.697Z: {"player_token":"s2chasos385807","country":"VN","message":"test message","platform":"sms","phone_number":"+66878371268"}
2023-03-21T14:21:43.965Z: {"player_token":"s2sasnun143217","country":"UNK","message":"test message","platform":"sms","phone_number":"+66931929993"}
2023-03-21T14:21:44.680Z: {"player_token":"s2bennop679138","country":"VN","message":"test message","platform":"sms","phone_number":"+66952260989"}
2023-03-21T14:21:44.778Z: {"player_token":"s2hoatra821023","country":"UNK","message":"test message","platform":"sms","phone_number":"+841674701173"}
2023-03-21T14:21:44.778Z: {"player_token":"s2supnga663491","country":"UNK","message":"test message","platform":"sms","phone_number":"+66912092202"}
2023-03-21T14:21:44.779Z: {"player_token":"s2qaiqai825072","country":"UNK","message":"test message","platform":"sms","phone_number":"INV"}
2023-03-21T14:21:44.779Z: {"player_token":"s2chakom063612","country":"UNK","message":"test message","platform":"email","email":"pokermanthailand@gmail.com"}
2023-03-21T14:21:49.739Z: {"player_token":"s2hoangu096181","country":"UNK","message":"test message","platform":"email","email":"nguyenvu19832001@yahoo.com"}
2023-03-21T14:21:49.824Z: {"player_token":"s2kwupim588532","country":"TH","message":"test message","platform":"email","email":"kp_aristoton@hotmail.com"}
2023-03-21T14:21:51.274Z: {"player_token":"s2faituy081010","country":"UNK","message":"test message","platform":"sms","phone_number":"+66994851448"}
2023-03-21T14:21:51.275Z: {"player_token":"s2baohoo901114","country":"TH","message":"test message","platform":"sms","phone_number":"+841683763568"}
2023-03-21T14:21:51.582Z: {"player_token":"s2honngu713085","country":"UNK","message":"test message","platform":"sms","phone_number":"+84977684488"}
2023-03-21T14:21:51.582Z: {"player_token":"s2thiduo228176","country":"UNK","message":"test message","platform":"email","email":"duongthithanhtuyen1989@gmail.com"}
2023-03-21T14:21:51.680Z: {"player_token":"s2pitsea049818","country":"UNK","message":"test message","platform":"sms","phone_number":"+66922018378"}
2023-03-21T14:21:51.680Z: {"player_token":"s2ngotra187252","country":"UNK","message":"test message","platform":"email","email":"ngocchien619@gmail.com"}
2023-03-21T14:21:51.681Z: {"player_token":"s2ducvoo817667","country":"UNK","message":"test message","platform":"sms","phone_number":"+841629850900"}
2023-03-21T14:21:51.681Z: {"player_token":"s2nutnet255313","country":"AU","message":"test message","platform":"email","email":"monoinlove@hotmail.com"}
2023-03-21T14:21:51.681Z: {"player_token":"s2donltt725479","country":"UNK","message":"test message","platform":"sms","phone_number":"+84963388663"}
2023-03-21T14:21:51.848Z: {"player_token":"s2punsim030576","country":"UNK","message":"test message","platform":"sms","phone_number":"+66854597688"}
2023-03-21T14:21:51.849Z: {"player_token":"s2phioph186963","country":"TH","message":"test message","platform":"sms","phone_number":"+66811848008"}
2023-03-21T14:21:51.849Z: {"player_token":"s2erwewr908290","country":"UNK","message":"test message","platform":"email","email":"1252090611@gm.uit.edu.vn"}
2023-03-21T14:21:52.442Z: {"player_token":"s2dfgdfg242672","country":"UNK","message":"test message","platform":"sms","phone_number":"INV"}
2023-03-21T14:21:52.548Z: {"player_token":"s2atijai146091","country":"UNK","message":"test message","platform":"sms","phone_number":"+66843664543"}
2023-03-21T14:21:56.449Z: {"player_token":"s2thigyy235531","country":"TH","message":"test message","platform":"email","email":"thienhu892@gmail.com"}
2023-03-21T14:21:56.450Z: {"player_token":"s2huylee980574","country":"UNK","message":"test message","platform":"email","email":"cakiem_273@yahoo.com"}
2023-03-21T14:21:56.467Z: {"player_token":"s2ngongu215877","country":"UNK","message":"test message","platform":"sms","phone_number":"+84988892597"}
2023-03-21T14:21:56.467Z: {"player_token":"s2porsri533337","country":"UNK","message":"test message","platform":"sms","phone_number":"+66946967634"}
2023-03-21T14:21:56.467Z: {"player_token":"s2ngungu453276","country":"UNK","message":"test message","platform":"sms","phone_number":"+841889560723"}
2023-03-21T14:21:56.468Z: {"player_token":"s2ytiyur754118","country":"TH","message":"test message","platform":"sms","phone_number":"INV"}
2023-03-21T14:21:59.059Z: {"player_token":"s2thacuu273965","country":"TH","message":"test message","platform":"sms","phone_number":"+84942121984"}
2023-03-21T14:21:59.881Z: {"player_token":"s2kawmee066393","country":"UNK","message":"test message","platform":"email","email":"kaweekan69@gmail.com"}
2023-03-21T14:21:59.974Z: {"player_token":"s2phalai234294","country":"TH","message":"test message","platform":"sms","phone_number":"+841676361497"}
2023-03-21T14:22:00.624Z: {"player_token":"s2viivii896872","country":"UNK","message":"test message","platform":"email","email":"caovian65@gmail.com"}
2023-03-21T14:22:00.624Z: {"player_token":"s2trhrjr459306","country":"TH","message":"test message","platform":"sms","phone_number":"INV"}
2023-03-21T14:22:00.830Z: {"player_token":"s2tuaphu206898","country":"UNK","message":"test message","platform":"sms","phone_number":"+841213334444"}
2023-03-21T14:22:00.830Z: {"player_token":"s2hoangu517691","country":"UNK","message":"test message","platform":"email","email":"hoangnhan0179@gmail.com"}
2023-03-21T14:22:01.243Z: {"player_token":"s2honvyy996658","country":"TH","message":"test message","platform":"sms","phone_number":"INV"}
2023-03-21T14:22:02.742Z: {"player_token":"s2manvuu531010","country":"UNK","message":"test message","platform":"sms","phone_number":"+84859487198"}
2023-03-21T14:22:02.742Z: {"player_token":"s2satsan498646","country":"UNK","message":"test message","platform":"email","email":"tom_godza@yahoo.com"}
2023-03-21T14:22:04.478Z: {"player_token":"s2thajan575518","country":"UNK","message":"test message","platform":"sms","phone_number":"+66901087484"}
2023-03-21T14:22:05.640Z: {"player_token":"s2kimvoo194238","country":"TH","message":"test message","platform":"sms","phone_number":"+841663339899"}
2023-03-21T14:22:05.640Z: {"player_token":"s2vanhoa101604","country":"TH","message":"test message","platform":"sms","phone_number":"+84935957090"}
2023-03-21T14:22:05.742Z: {"player_token":"s2cuotra457513","country":"UNK","message":"test message","platform":"sms","phone_number":"+841646546354"}
2023-03-21T14:22:05.743Z: {"player_token":"s2ertert481432","country":"TH","message":"test message","platform":"sms","phone_number":"INV"}
2023-03-21T14:22:05.743Z: {"player_token":"s2poosin028482","country":"TH","message":"test message","platform":"email","email":"poontara_sintakoon@yahoo.co.th"}
2023-03-21T14:22:05.743Z: {"player_token":"s2ngungu261857","country":"UNK","message":"test message","platform":"email","email":"c2traxanh150687@gmail.com"}
2023-03-21T14:22:05.744Z: {"player_token":"s2phiphi164108","country":"UNK","message":"test message","platform":"sms","phone_number":"+84978621126"}
2023-03-21T14:22:05.744Z: {"player_token":"s2natpig853723","country":"UNK","message":"test message","platform":"sms","phone_number":"+66867293546"}
2023-03-21T14:22:06.950Z: {"player_token":"s2quanon252732","country":"UNK","message":"test message","platform":"sms","phone_number":"+84942749127"}
2023-03-21T14:22:10.491Z: {"player_token":"s2tarhgd300188","country":"UNK","message":"test message","platform":"email","email":"kokptibull@gmail.com"}
2023-03-21T14:22:10.491Z: {"player_token":"s2tratra812565","country":"UNK","message":"test message","platform":"sms","phone_number":"+84988747787"}
2023-03-21T14:22:10.491Z: {"player_token":"s2sayjai853550","country":"TH","message":"test message","platform":"sms","phone_number":"+66954875262"}
2023-03-21T14:22:10.608Z: {"player_token":"s2duybui435369","country":"TH","message":"test message","platform":"sms","phone_number":"+84979247304"}
2023-03-21T14:22:10.609Z: {"player_token":"s2penkin773167","country":"UNK","message":"test message","platform":"sms","phone_number":"+66844504835"}
2023-03-21T14:22:10.609Z: {"player_token":"s2ngovan363443","country":"TH","message":"test message","platform":"email","email":"nhattuanvanngoc@gmail.com"}
2023-03-21T14:22:10.609Z: {"player_token":"s2ngopha764275","country":"VN","message":"test message","platform":"email","email":"ngochai0224@gmail.com"}
2023-03-21T14:22:10.609Z: {"player_token":"s2thatra099107","country":"UNK","message":"test message","platform":"sms","phone_number":"+84987500139"}
2023-03-21T14:22:11.343Z: {"player_token":"s2vanngu365879","country":"TH","message":"test message","platform":"email","email":"swquang@gmail.com"}
2023-03-21T14:22:13.464Z: {"player_token":"s2thavuu572674","country":"UNK","message":"test message","platform":"sms","phone_number":"+84948200668"}
2023-03-21T14:22:13.607Z: {"player_token":"s2thosrl118434","country":"UNK","message":"test message","platform":"sms","phone_number":"+66994756976"}
2023-03-21T14:22:14.653Z: {"player_token":"s2tanyon922389","country":"UNK","message":"test message","platform":"sms","phone_number":"+66897236109"}
2023-03-21T14:22:14.654Z: {"player_token":"s2sarsah265873","country":"TH","message":"test message","platform":"email","email":"chawatluckito123456@gmail.com"}
2023-03-21T14:22:14.654Z: {"player_token":"s2khokho026199","country":"UNK","message":"test message","platform":"sms","phone_number":"+84987295802"}
2023-03-21T14:22:14.654Z: {"player_token":"s2ngungu813049","country":"UNK","message":"test message","platform":"sms","phone_number":"+84933918053"}
2023-03-21T14:22:14.654Z: {"player_token":"s2remboo176952","country":"UNK","message":"test message","platform":"email","email":"help987@outlook.co.th"}
2023-03-21T14:22:14.654Z: {"player_token":"s2baahoo228675","country":"TH","message":"test message","platform":"sms","phone_number":"+841644181179"}
2023-03-21T14:22:15.830Z: {"player_token":"s2giango283062","country":"VN","message":"test message","platform":"sms","phone_number":"+841202367814"}
2023-03-21T14:22:16.923Z: {"player_token":"s2tuoduo530700","country":"UNK","message":"test message","platform":"sms","phone_number":"+84978108090"}
2023-03-21T14:46:24.291Z: Listening on port 8041
2023-03-21T14:46:24.307Z: Successfully connected to {localhost}
2023-03-21T14:46:25.750Z: Successfully connected to {data-platform.ckghnqcooulj.ap-southeast-1.redshift.amazonaws.com}
2023-03-21T14:46:30.223Z: {"player_token":"s2ducngu777338","country":"TH","message":"test message","platform":"sms","phone_number":"+84909123789"}
2023-03-21T14:46:30.508Z: Listening on port 8041
2023-03-21T14:46:30.526Z: Successfully connected to {localhost}
2023-03-21T14:46:31.457Z: Successfully connected to {data-platform.ckghnqcooulj.ap-southeast-1.redshift.amazonaws.com}
2023-03-21T14:46:36.411Z: {"player_token":"s2ccclll467230","country":"UNK","message":"test message","platform":"sms","phone_number":"INV"}
2023-03-21T14:46:36.722Z: Listening on port 8041
2023-03-21T14:46:36.738Z: Successfully connected to {localhost}
2023-03-21T14:46:37.998Z: Successfully connected to {data-platform.ckghnqcooulj.ap-southeast-1.redshift.amazonaws.com}
2023-03-21T14:46:42.811Z: Listening on port 8041
2023-03-21T14:46:42.825Z: Successfully connected to {localhost}
2023-03-21T14:46:43.928Z: Successfully connected to {data-platform.ckghnqcooulj.ap-southeast-1.redshift.amazonaws.com}
2023-03-21T14:46:46.047Z: {"player_token":"s2ducngu777338","country":"TH","message":"test message","platform":"sms","phone_number":"+84909123789"}
2023-03-21T14:46:46.341Z: Listening on port 8041
2023-03-21T14:46:46.355Z: Successfully connected to {localhost}
2023-03-21T14:46:47.556Z: Successfully connected to {data-platform.ckghnqcooulj.ap-southeast-1.redshift.amazonaws.com}
2023-03-21T14:46:49.853Z: {"player_token":"s2picpan860809","country":"UNK","message":"test message","platform":"email","email":"pichetwork@gmail.com"}
2023-03-21T14:46:50.165Z: Listening on port 8041
2023-03-21T14:46:50.180Z: Successfully connected to {localhost}
2023-03-21T14:46:51.425Z: Successfully connected to {data-platform.ckghnqcooulj.ap-southeast-1.redshift.amazonaws.com}
2023-03-21T14:46:56.166Z: {"player_token":"s2ccclll467230","country":"UNK","message":"test message","platform":"sms","phone_number":"INV"}
2023-03-21T14:46:56.472Z: Listening on port 8041
2023-03-21T14:46:56.486Z: Successfully connected to {localhost}
2023-03-21T14:46:57.543Z: Successfully connected to {data-platform.ckghnqcooulj.ap-southeast-1.redshift.amazonaws.com}
2023-03-21T14:47:04.806Z: {"player_token":"s2huytra590111","country":"UNK","message":"test message","platform":"sms","phone_number":"+84937567426"}
2023-03-21T14:47:05.087Z: Listening on port 8041
2023-03-21T14:47:05.101Z: Successfully connected to {localhost}
2023-03-21T14:47:06.279Z: Successfully connected to {data-platform.ckghnqcooulj.ap-southeast-1.redshift.amazonaws.com}
2023-03-21T14:47:08.493Z: {"player_token":"s2ducpha653500","country":"UNK","message":"test message","platform":"email","email":"tetuongluugukokhoc@yahoo.com"}
2023-03-21T14:47:08.815Z: Listening on port 8041
2023-03-21T14:47:08.831Z: Successfully connected to {localhost}
2023-03-21T14:47:10.003Z: Successfully connected to {data-platform.ckghnqcooulj.ap-southeast-1.redshift.amazonaws.com}
2023-03-21T14:47:12.102Z: {"player_token":"s2ccclll467230","country":"UNK","message":"test message","platform":"sms","phone_number":"INV"}
2023-03-21T14:47:12.406Z: Listening on port 8041
2023-03-21T14:47:12.420Z: Successfully connected to {localhost}
2023-03-21T14:47:13.443Z: Successfully connected to {data-platform.ckghnqcooulj.ap-southeast-1.redshift.amazonaws.com}
2023-03-21T14:47:16.202Z: {"player_token":"s2ducpha653500","country":"UNK","message":"test message","platform":"email","email":"tetuongluugukokhoc@yahoo.com"}
2023-03-21T14:47:16.523Z: Listening on port 8041
2023-03-21T14:47:16.536Z: Successfully connected to {localhost}
2023-03-21T14:47:17.570Z: Successfully connected to {data-platform.ckghnqcooulj.ap-southeast-1.redshift.amazonaws.com}
2023-03-21T14:47:20.500Z: {"player_token":"s2pejjae163073","country":"UNK","message":"test message","platform":"sms","phone_number":"+66859533395"}
2023-03-21T14:47:20.788Z: Listening on port 8041
2023-03-21T14:47:20.803Z: Successfully connected to {localhost}
2023-03-21T14:47:22.058Z: Successfully connected to {data-platform.ckghnqcooulj.ap-southeast-1.redshift.amazonaws.com}
2023-03-21T14:47:24.547Z: {"player_token":"s2ducngu777338","country":"TH","message":"test message","platform":"sms","phone_number":"+84909123789"}
2023-03-21T14:47:24.843Z: Listening on port 8041
2023-03-21T14:47:24.856Z: Successfully connected to {localhost}
2023-03-21T14:47:26.212Z: Successfully connected to {data-platform.ckghnqcooulj.ap-southeast-1.redshift.amazonaws.com}
2023-03-21T14:47:30.851Z: {"player_token":"s2ccclll467230","country":"UNK","message":"test message","platform":"sms","phone_number":"INV"}
2023-03-21T14:47:31.139Z: Listening on port 8041
2023-03-21T14:47:31.155Z: Successfully connected to {localhost}
2023-03-21T14:47:32.124Z: Successfully connected to {data-platform.ckghnqcooulj.ap-southeast-1.redshift.amazonaws.com}
2023-03-21T14:47:34.909Z: {"player_token":"s2pejjae163073","country":"UNK","message":"test message","platform":"sms","phone_number":"+66859533395"}
2023-03-21T14:47:35.184Z: Listening on port 8041
2023-03-21T14:47:35.197Z: Successfully connected to {localhost}
2023-03-21T14:47:36.025Z: Successfully connected to {data-platform.ckghnqcooulj.ap-southeast-1.redshift.amazonaws.com}
2023-03-21T14:47:38.399Z: {"player_token":"s2huytra590111","country":"UNK","message":"test message","platform":"sms","phone_number":"+84937567426"}
2023-03-21T14:47:38.664Z: Listening on port 8041
2023-03-21T14:47:38.681Z: Successfully connected to {localhost}
2023-03-21T14:47:39.615Z: Successfully connected to {data-platform.ckghnqcooulj.ap-southeast-1.redshift.amazonaws.com}
2023-03-21T14:47:39.763Z: {"player_token":"s2huytra590111","country":"UNK","message":"test message","platform":"sms","phone_number":"+84937567426"}
2023-03-21T14:47:40.084Z: Listening on port 8041
2023-03-21T14:47:40.102Z: Successfully connected to {localhost}
2023-03-21T14:47:40.886Z: Successfully connected to {data-platform.ckghnqcooulj.ap-southeast-1.redshift.amazonaws.com}
2023-03-21T14:47:41.067Z: {"player_token":"s2picpan860809","country":"UNK","message":"test message","platform":"email","email":"pichetwork@gmail.com"}
2023-03-21T14:47:41.370Z: Listening on port 8041
2023-03-21T14:47:41.386Z: Successfully connected to {localhost}
2023-03-21T14:47:42.447Z: Successfully connected to {data-platform.ckghnqcooulj.ap-southeast-1.redshift.amazonaws.com}
2023-03-21T14:47:42.598Z: {"player_token":"s2ccclll467230","country":"UNK","message":"test message","platform":"sms","phone_number":"INV"}
2023-03-21T14:47:42.880Z: Listening on port 8041
2023-03-21T14:47:42.893Z: Successfully connected to {localhost}
2023-03-21T14:47:44.247Z: Successfully connected to {data-platform.ckghnqcooulj.ap-southeast-1.redshift.amazonaws.com}
2023-03-21T14:47:44.273Z: {"player_token":"s2sumjon810849","country":"UNK","message":"test message","platform":"sms","phone_number":"+66818737338"}
2023-03-21T14:47:44.563Z: Listening on port 8041
2023-03-21T14:47:44.578Z: Successfully connected to {localhost}
2023-03-21T14:47:45.556Z: Successfully connected to {data-platform.ckghnqcooulj.ap-southeast-1.redshift.amazonaws.com}
2023-03-21T14:47:46.109Z: {"player_token":"s2picpan860809","country":"UNK","message":"test message","platform":"email","email":"pichetwork@gmail.com"}
2023-03-21T14:47:46.396Z: Listening on port 8041
2023-03-21T14:47:46.409Z: Successfully connected to {localhost}
2023-03-21T14:47:47.301Z: Successfully connected to {data-platform.ckghnqcooulj.ap-southeast-1.redshift.amazonaws.com}
2023-03-21T14:47:47.624Z: {"player_token":"s2sumjon810849","country":"UNK","message":"test message","platform":"sms","phone_number":"+66818737338"}
2023-03-21T14:47:47.892Z: Listening on port 8041
2023-03-21T14:47:47.904Z: Successfully connected to {localhost}
2023-03-21T14:47:48.853Z: Successfully connected to {data-platform.ckghnqcooulj.ap-southeast-1.redshift.amazonaws.com}
2023-03-21T14:47:49.236Z: {"player_token":"s2thelee240915","country":"UNK","message":"test message","platform":"sms","phone_number":"+84976186994"}
2023-03-21T14:47:49.503Z: Listening on port 8041
2023-03-21T14:47:49.516Z: Successfully connected to {localhost}
2023-03-21T14:47:50.573Z: Successfully connected to {data-platform.ckghnqcooulj.ap-southeast-1.redshift.amazonaws.com}
2023-03-21T14:47:50.749Z: {"player_token":"s2thelee240915","country":"UNK","message":"test message","platform":"sms","phone_number":"+84976186994"}
2023-03-21T14:47:51.022Z: Listening on port 8041
2023-03-21T14:47:51.035Z: Successfully connected to {localhost}
2023-03-21T14:47:52.123Z: Successfully connected to {data-platform.ckghnqcooulj.ap-southeast-1.redshift.amazonaws.com}
2023-03-21T14:47:52.206Z: {"player_token":"s2huytra590111","country":"UNK","message":"test message","platform":"sms","phone_number":"+84937567426"}
2023-03-21T14:47:52.477Z: Listening on port 8041
2023-03-21T14:47:52.491Z: Successfully connected to {localhost}
2023-03-21T14:47:53.629Z: Successfully connected to {data-platform.ckghnqcooulj.ap-southeast-1.redshift.amazonaws.com}
2023-03-21T14:47:53.664Z: {"player_token":"s2pejjae163073","country":"UNK","message":"test message","platform":"sms","phone_number":"+66859533395"}
2023-03-21T14:47:53.930Z: Listening on port 8041
2023-03-21T14:47:53.943Z: Successfully connected to {localhost}
2023-03-21T14:47:55.141Z: Successfully connected to {data-platform.ckghnqcooulj.ap-southeast-1.redshift.amazonaws.com}
2023-03-21T14:47:55.354Z: {"player_token":"s2ducpha653500","country":"UNK","message":"test message","platform":"email","email":"tetuongluugukokhoc@yahoo.com"}
2023-03-21T14:47:55.639Z: Listening on port 8041
2023-03-21T14:47:55.655Z: Successfully connected to {localhost}
2023-03-21T14:47:56.680Z: Successfully connected to {data-platform.ckghnqcooulj.ap-southeast-1.redshift.amazonaws.com}
2023-03-21T14:47:56.809Z: {"player_token":"s2picpan860809","country":"UNK","message":"test message","platform":"email","email":"pichetwork@gmail.com"}
2023-03-21T14:47:57.107Z: Listening on port 8041
2023-03-21T14:47:57.120Z: Successfully connected to {localhost}
2023-03-21T14:47:58.133Z: Successfully connected to {data-platform.ckghnqcooulj.ap-southeast-1.redshift.amazonaws.com}
2023-03-21T14:47:58.213Z: {"player_token":"s2dactru331620","country":"UNK","message":"test message","platform":"sms","phone_number":"+84967232361"}
2023-03-21T14:47:58.495Z: Listening on port 8041
2023-03-21T14:47:58.510Z: Successfully connected to {localhost}
2023-03-21T14:47:59.479Z: Successfully connected to {data-platform.ckghnqcooulj.ap-southeast-1.redshift.amazonaws.com}
2023-03-21T14:47:59.649Z: {"player_token":"s2ducngu777338","country":"TH","message":"test message","platform":"sms","phone_number":"+84909123789"}
2023-03-21T14:47:59.947Z: Listening on port 8041
2023-03-21T14:47:59.962Z: Successfully connected to {localhost}
2023-03-21T14:48:00.988Z: Successfully connected to {data-platform.ckghnqcooulj.ap-southeast-1.redshift.amazonaws.com}
2023-03-21T14:48:01.147Z: {"player_token":"s2picpan860809","country":"UNK","message":"test message","platform":"email","email":"pichetwork@gmail.com"}
2023-03-21T14:48:01.411Z: Listening on port 8041
2023-03-21T14:48:01.424Z: Successfully connected to {localhost}
2023-03-21T14:48:02.634Z: Successfully connected to {data-platform.ckghnqcooulj.ap-southeast-1.redshift.amazonaws.com}
2023-03-21T14:48:02.908Z: Listening on port 8041
2023-03-21T14:48:02.920Z: Successfully connected to {localhost}
2023-03-21T14:48:03.926Z: Successfully connected to {data-platform.ckghnqcooulj.ap-southeast-1.redshift.amazonaws.com}
2023-03-21T14:48:04.119Z: {"player_token":"s2picpan860809","country":"UNK","message":"test message","platform":"email","email":"pichetwork@gmail.com"}
2023-03-21T14:48:04.432Z: Listening on port 8041
2023-03-21T14:48:04.445Z: Successfully connected to {localhost}
2023-03-21T14:48:05.646Z: {"player_token":"s2sumjon810849","country":"UNK","message":"test message","platform":"sms","phone_number":"+66818737338"}
2023-03-21T14:48:05.926Z: Listening on port 8041
2023-03-21T14:48:05.940Z: Successfully connected to {localhost}
2023-03-21T14:48:06.926Z: Successfully connected to {data-platform.ckghnqcooulj.ap-southeast-1.redshift.amazonaws.com}
2023-03-21T14:48:07.092Z: {"player_token":"s2sumjon810849","country":"UNK","message":"test message","platform":"sms","phone_number":"+66818737338"}
2023-03-21T14:48:07.372Z: Listening on port 8041
2023-03-21T14:48:07.385Z: Successfully connected to {localhost}
2023-03-21T14:48:08.520Z: Successfully connected to {data-platform.ckghnqcooulj.ap-southeast-1.redshift.amazonaws.com}
2023-03-21T14:48:08.704Z: {"player_token":"s2picpan860809","country":"UNK","message":"test message","platform":"email","email":"pichetwork@gmail.com"}
2023-03-21T14:48:08.981Z: Listening on port 8041
2023-03-21T14:48:08.994Z: Successfully connected to {localhost}
2023-03-21T14:48:09.956Z: Successfully connected to {data-platform.ckghnqcooulj.ap-southeast-1.redshift.amazonaws.com}
2023-03-21T14:48:10.104Z: {"player_token":"s2dactru331620","country":"UNK","message":"test message","platform":"sms","phone_number":"+84967232361"}
2023-03-21T14:48:10.384Z: Listening on port 8041
2023-03-21T14:48:10.398Z: Successfully connected to {localhost}
2023-03-21T14:48:11.461Z: Successfully connected to {data-platform.ckghnqcooulj.ap-southeast-1.redshift.amazonaws.com}
2023-03-21T14:48:11.622Z: {"player_token":"s2pejjae163073","country":"UNK","message":"test message","platform":"sms","phone_number":"+66859533395"}
2023-03-21T14:48:11.895Z: Listening on port 8041
2023-03-21T14:48:11.909Z: Successfully connected to {localhost}
2023-03-21T14:48:12.834Z: Successfully connected to {data-platform.ckghnqcooulj.ap-southeast-1.redshift.amazonaws.com}
2023-03-21T14:48:13.018Z: {"player_token":"s2ducpha653500","country":"UNK","message":"test message","platform":"email","email":"tetuongluugukokhoc@yahoo.com"}
2023-03-21T14:48:13.291Z: Listening on port 8041
2023-03-21T14:48:13.305Z: Successfully connected to {localhost}
2023-03-21T14:48:14.486Z: Successfully connected to {data-platform.ckghnqcooulj.ap-southeast-1.redshift.amazonaws.com}
2023-03-21T14:48:14.510Z: {"player_token":"s2dactru331620","country":"UNK","message":"test message","platform":"sms","phone_number":"+84967232361"}
2023-03-21T14:48:14.789Z: Listening on port 8041
2023-03-21T14:48:14.803Z: Successfully connected to {localhost}
2023-03-21T14:48:15.895Z: Successfully connected to {data-platform.ckghnqcooulj.ap-southeast-1.redshift.amazonaws.com}
2023-03-21T14:48:16.085Z: {"player_token":"s2dactru331620","country":"UNK","message":"test message","platform":"sms","phone_number":"+84967232361"}
2023-03-21T14:48:16.408Z: Listening on port 8041
2023-03-21T14:48:16.425Z: Successfully connected to {localhost}
2023-03-21T14:48:17.473Z: Successfully connected to {data-platform.ckghnqcooulj.ap-southeast-1.redshift.amazonaws.com}
2023-03-21T14:48:17.512Z: {"player_token":"s2huytra590111","country":"UNK","message":"test message","platform":"sms","phone_number":"+84937567426"}
2023-03-21T14:48:17.831Z: Listening on port 8041
2023-03-21T14:48:17.847Z: Successfully connected to {localhost}
2023-03-21T14:48:18.835Z: Successfully connected to {data-platform.ckghnqcooulj.ap-southeast-1.redshift.amazonaws.com}
2023-03-21T14:48:18.976Z: {"player_token":"s2pejjae163073","country":"UNK","message":"test message","platform":"sms","phone_number":"+66859533395"}
2023-03-21T14:48:19.255Z: Listening on port 8041
2023-03-21T14:48:19.272Z: Successfully connected to {localhost}
2023-03-21T14:48:20.118Z: Successfully connected to {data-platform.ckghnqcooulj.ap-southeast-1.redshift.amazonaws.com}
2023-03-21T14:48:20.290Z: {"player_token":"s2picpan860809","country":"UNK","message":"test message","platform":"email","email":"pichetwork@gmail.com"}
2023-03-21T14:48:20.592Z: Listening on port 8041
2023-03-21T14:48:20.606Z: Successfully connected to {localhost}
2023-03-21T14:48:21.502Z: Successfully connected to {data-platform.ckghnqcooulj.ap-southeast-1.redshift.amazonaws.com}
2023-03-21T14:48:21.679Z: {"player_token":"s2pejjae163073","country":"UNK","message":"test message","platform":"sms","phone_number":"+66859533395"}
2023-03-21T14:48:21.989Z: Listening on port 8041
2023-03-21T14:48:22.006Z: Successfully connected to {localhost}
2023-03-21T14:48:23.169Z: Successfully connected to {data-platform.ckghnqcooulj.ap-southeast-1.redshift.amazonaws.com}
2023-03-21T14:48:23.462Z: Listening on port 8041
2023-03-21T14:48:23.478Z: Successfully connected to {localhost}
2023-03-21T14:48:24.604Z: Successfully connected to {data-platform.ckghnqcooulj.ap-southeast-1.redshift.amazonaws.com}
2023-03-21T14:48:24.721Z: {"player_token":"s2ccclll467230","country":"UNK","message":"test message","platform":"sms","phone_number":"INV"}
2023-03-21T14:48:24.989Z: Listening on port 8041
2023-03-21T14:48:25.002Z: Successfully connected to {localhost}
2023-03-21T14:48:26.047Z: Successfully connected to {data-platform.ckghnqcooulj.ap-southeast-1.redshift.amazonaws.com}
2023-03-21T14:48:26.171Z: {"player_token":"s2ducpha653500","country":"UNK","message":"test message","platform":"email","email":"tetuongluugukokhoc@yahoo.com"}
2023-03-21T14:48:26.470Z: Listening on port 8041
2023-03-21T14:48:26.486Z: Successfully connected to {localhost}
2023-03-21T14:48:27.500Z: Successfully connected to {data-platform.ckghnqcooulj.ap-southeast-1.redshift.amazonaws.com}
2023-03-21T14:48:27.656Z: {"player_token":"s2thelee240915","country":"UNK","message":"test message","platform":"sms","phone_number":"+84976186994"}
2023-03-21T14:48:27.980Z: Listening on port 8041
2023-03-21T14:48:27.998Z: Successfully connected to {localhost}
2023-03-21T14:48:29.163Z: Successfully connected to {data-platform.ckghnqcooulj.ap-southeast-1.redshift.amazonaws.com}
2023-03-21T14:48:29.221Z: {"player_token":"s2ccclll467230","country":"UNK","message":"test message","platform":"sms","phone_number":"INV"}
2023-03-21T14:48:29.556Z: Listening on port 8041
2023-03-21T14:48:29.574Z: Successfully connected to {localhost}
2023-03-21T14:48:30.750Z: Successfully connected to {data-platform.ckghnqcooulj.ap-southeast-1.redshift.amazonaws.com}
2023-03-21T14:48:30.870Z: {"player_token":"s2ducpha653500","country":"UNK","message":"test message","platform":"email","email":"tetuongluugukokhoc@yahoo.com"}
2023-03-21T14:48:31.152Z: Listening on port 8041
2023-03-21T14:48:31.168Z: Successfully connected to {localhost}
2023-03-21T14:48:32.237Z: Successfully connected to {data-platform.ckghnqcooulj.ap-southeast-1.redshift.amazonaws.com}
2023-03-21T14:48:32.403Z: {"player_token":"s2huytra590111","country":"UNK","message":"test message","platform":"sms","phone_number":"+84937567426"}
2023-03-21T14:48:32.687Z: Listening on port 8041
2023-03-21T14:48:32.703Z: Successfully connected to {localhost}
2023-03-21T14:48:33.831Z: Successfully connected to {data-platform.ckghnqcooulj.ap-southeast-1.redshift.amazonaws.com}
2023-03-21T14:48:34.046Z: {"player_token":"s2huytra590111","country":"UNK","message":"test message","platform":"sms","phone_number":"+84937567426"}
2023-03-21T14:48:34.339Z: Listening on port 8041
2023-03-21T14:48:34.353Z: Successfully connected to {localhost}
2023-03-21T14:48:35.542Z: {"player_token":"s2huytra590111","country":"UNK","message":"test message","platform":"sms","phone_number":"+84937567426"}
2023-03-21T14:48:35.844Z: Listening on port 8041
2023-03-21T14:48:35.860Z: Successfully connected to {localhost}
2023-03-21T14:48:36.911Z: Successfully connected to {data-platform.ckghnqcooulj.ap-southeast-1.redshift.amazonaws.com}
2023-03-21T14:48:37.076Z: {"player_token":"s2sumjon810849","country":"UNK","message":"test message","platform":"sms","phone_number":"+66818737338"}
2023-03-21T14:48:37.377Z: Listening on port 8041
2023-03-21T14:48:37.392Z: Successfully connected to {localhost}
2023-03-21T14:48:38.467Z: Successfully connected to {data-platform.ckghnqcooulj.ap-southeast-1.redshift.amazonaws.com}
2023-03-21T14:48:38.668Z: {"player_token":"s2ducpha653500","country":"UNK","message":"test message","platform":"email","email":"tetuongluugukokhoc@yahoo.com"}
2023-03-21T14:48:39.013Z: Listening on port 8041
2023-03-21T14:48:39.033Z: Successfully connected to {localhost}
2023-03-21T14:48:40.219Z: Successfully connected to {data-platform.ckghnqcooulj.ap-southeast-1.redshift.amazonaws.com}
2023-03-21T14:48:40.313Z: {"player_token":"s2picpan860809","country":"UNK","message":"test message","platform":"email","email":"pichetwork@gmail.com"}
2023-03-21T14:48:40.637Z: Listening on port 8041
2023-03-21T14:48:40.652Z: Successfully connected to {localhost}
2023-03-21T14:48:41.581Z: Successfully connected to {data-platform.ckghnqcooulj.ap-southeast-1.redshift.amazonaws.com}
2023-03-21T14:48:41.850Z: {"player_token":"s2ccclll467230","country":"UNK","message":"test message","platform":"sms","phone_number":"INV"}
2023-03-21T14:48:42.192Z: Listening on port 8041
2023-03-21T14:48:42.208Z: Successfully connected to {localhost}
2023-03-21T14:48:43.318Z: Successfully connected to {data-platform.ckghnqcooulj.ap-southeast-1.redshift.amazonaws.com}
2023-03-21T14:48:43.415Z: {"player_token":"s2thelee240915","country":"UNK","message":"test message","platform":"sms","phone_number":"+84976186994"}
2023-03-21T14:48:43.708Z: Listening on port 8041
2023-03-21T14:48:43.724Z: Successfully connected to {localhost}
2023-03-21T14:48:44.706Z: Successfully connected to {data-platform.ckghnqcooulj.ap-southeast-1.redshift.amazonaws.com}
2023-03-21T14:48:44.929Z: {"player_token":"s2ducngu777338","country":"TH","message":"test message","platform":"sms","phone_number":"+84909123789"}
2023-03-21T14:48:45.235Z: Listening on port 8041
2023-03-21T14:48:45.250Z: Successfully connected to {localhost}
2023-03-21T14:48:46.351Z: Successfully connected to {data-platform.ckghnqcooulj.ap-southeast-1.redshift.amazonaws.com}
2023-03-21T14:48:46.517Z: {"player_token":"s2ducngu777338","country":"TH","message":"test message","platform":"sms","phone_number":"+84909123789"}
2023-03-21T14:48:46.818Z: Listening on port 8041
2023-03-21T14:48:46.841Z: Successfully connected to {localhost}
2023-03-21T14:48:47.373Z: Listening on port 8041
2023-03-21T14:48:47.390Z: Successfully connected to {localhost}
2023-03-21T14:48:48.430Z: Successfully connected to {data-platform.ckghnqcooulj.ap-southeast-1.redshift.amazonaws.com}
2023-03-21T14:48:48.617Z: {"player_token":"s2ducpha653500","country":"UNK","message":"test message","platform":"email","email":"tetuongluugukokhoc@yahoo.com"}
2023-03-21T14:48:48.960Z: Listening on port 8041
2023-03-21T14:48:48.977Z: Successfully connected to {localhost}
2023-03-21T14:48:50.010Z: Successfully connected to {data-platform.ckghnqcooulj.ap-southeast-1.redshift.amazonaws.com}
2023-03-21T14:48:50.083Z: {"player_token":"s2picpan860809","country":"UNK","message":"test message","platform":"email","email":"pichetwork@gmail.com"}
2023-03-21T14:48:50.378Z: Listening on port 8041
2023-03-21T14:48:50.394Z: Successfully connected to {localhost}
2023-03-21T14:48:51.240Z: Successfully connected to {data-platform.ckghnqcooulj.ap-southeast-1.redshift.amazonaws.com}
2023-03-21T14:48:51.520Z: {"player_token":"s2ducngu777338","country":"TH","message":"test message","platform":"sms","phone_number":"+84909123789"}
2023-03-21T14:48:51.831Z: Listening on port 8041
2023-03-21T14:48:51.849Z: Successfully connected to {localhost}
2023-03-21T14:48:53.341Z: Successfully connected to {data-platform.ckghnqcooulj.ap-southeast-1.redshift.amazonaws.com}
2023-03-21T14:48:53.410Z: {"player_token":"s2dactru331620","country":"UNK","message":"test message","platform":"sms","phone_number":"+84967232361"}
2023-03-21T14:48:53.702Z: Listening on port 8041
2023-03-21T14:48:53.716Z: Successfully connected to {localhost}
2023-03-21T14:48:54.766Z: Successfully connected to {data-platform.ckghnqcooulj.ap-southeast-1.redshift.amazonaws.com}
2023-03-21T14:48:54.906Z: {"player_token":"s2ducpha653500","country":"UNK","message":"test message","platform":"email","email":"tetuongluugukokhoc@yahoo.com"}
2023-03-21T14:48:55.188Z: Listening on port 8041
2023-03-21T14:48:55.201Z: Successfully connected to {localhost}
2023-03-21T14:48:56.461Z: Successfully connected to {data-platform.ckghnqcooulj.ap-southeast-1.redshift.amazonaws.com}
2023-03-21T14:48:56.567Z: {"player_token":"s2ccclll467230","country":"UNK","message":"test message","platform":"sms","phone_number":"INV"}
2023-03-21T14:48:56.878Z: Listening on port 8041
2023-03-21T14:48:56.893Z: Successfully connected to {localhost}
2023-03-21T14:48:58.043Z: Successfully connected to {data-platform.ckghnqcooulj.ap-southeast-1.redshift.amazonaws.com}
2023-03-21T14:48:58.131Z: {"player_token":"s2picpan860809","country":"UNK","message":"test message","platform":"email","email":"pichetwork@gmail.com"}
2023-03-21T14:48:58.459Z: Listening on port 8041
2023-03-21T14:48:58.474Z: Successfully connected to {localhost}
2023-03-21T14:48:59.586Z: Successfully connected to {data-platform.ckghnqcooulj.ap-southeast-1.redshift.amazonaws.com}
2023-03-21T14:48:59.784Z: {"player_token":"s2dactru331620","country":"UNK","message":"test message","platform":"sms","phone_number":"+84967232361"}
2023-03-21T14:49:00.053Z: Listening on port 8041
2023-03-21T14:49:00.065Z: Successfully connected to {localhost}
2023-03-21T14:49:00.938Z: Listening on port 8041
2023-03-21T14:49:00.953Z: Successfully connected to {localhost}
2023-03-21T14:49:01.998Z: Successfully connected to {data-platform.ckghnqcooulj.ap-southeast-1.redshift.amazonaws.com}
2023-03-21T14:49:02.213Z: {"player_token":"s2sumjon810849","country":"UNK","message":"test message","platform":"sms","phone_number":"+66818737338"}
2023-03-21T14:49:02.550Z: Listening on port 8041
2023-03-21T14:49:02.565Z: Successfully connected to {localhost}
2023-03-21T14:49:03.920Z: Successfully connected to {data-platform.ckghnqcooulj.ap-southeast-1.redshift.amazonaws.com}
2023-03-21T14:49:04.128Z: {"player_token":"s2huytra590111","country":"UNK","message":"test message","platform":"sms","phone_number":"+84937567426"}
2023-03-21T14:49:04.434Z: Listening on port 8041
2023-03-21T14:49:04.450Z: Successfully connected to {localhost}
2023-03-21T14:49:05.523Z: Successfully connected to {data-platform.ckghnqcooulj.ap-southeast-1.redshift.amazonaws.com}
2023-03-21T14:49:05.684Z: {"player_token":"s2ccclll467230","country":"UNK","message":"test message","platform":"sms","phone_number":"INV"}
2023-03-21T14:49:05.990Z: Listening on port 8041
2023-03-21T14:49:06.006Z: Successfully connected to {localhost}
2023-03-21T14:49:07.413Z: Successfully connected to {data-platform.ckghnqcooulj.ap-southeast-1.redshift.amazonaws.com}
2023-03-21T14:49:07.571Z: {"player_token":"s2thelee240915","country":"UNK","message":"test message","platform":"sms","phone_number":"+84976186994"}
2023-03-21T14:49:07.905Z: Listening on port 8041
2023-03-21T14:49:07.920Z: Successfully connected to {localhost}
2023-03-21T14:49:08.967Z: Successfully connected to {data-platform.ckghnqcooulj.ap-southeast-1.redshift.amazonaws.com}
2023-03-21T14:49:09.162Z: {"player_token":"s2ducpha653500","country":"UNK","message":"test message","platform":"email","email":"tetuongluugukokhoc@yahoo.com"}
2023-03-21T14:49:09.464Z: Listening on port 8041
2023-03-21T14:49:09.479Z: Successfully connected to {localhost}
2023-03-21T14:49:10.617Z: Successfully connected to {data-platform.ckghnqcooulj.ap-southeast-1.redshift.amazonaws.com}
2023-03-21T14:49:10.745Z: {"player_token":"s2picpan860809","country":"UNK","message":"test message","platform":"email","email":"pichetwork@gmail.com"}
2023-03-21T14:49:10.745Z: undefined
2023-03-21T14:49:10.783Z: {"player_token":"s2thelee240915","country":"UNK","message":"test message","platform":"sms","phone_number":"+84976186994"}
2023-03-21T14:49:10.783Z: undefined
2023-03-21T14:49:10.874Z: {"player_token":"s2dactru331620","country":"UNK","message":"test message","platform":"sms","phone_number":"+84967232361"}
2023-03-21T14:49:10.874Z: undefined
2023-03-21T14:49:10.875Z: {"player_token":"s2pejjae163073","country":"UNK","message":"test message","platform":"sms","phone_number":"+66859533395"}
2023-03-21T14:49:10.875Z: undefined
2023-03-21T14:49:10.875Z: {"player_token":"s2ducpha653500","country":"UNK","message":"test message","platform":"email","email":"tetuongluugukokhoc@yahoo.com"}
2023-03-21T14:49:10.875Z: undefined
2023-03-21T14:49:10.875Z: {"player_token":"s2huytra590111","country":"UNK","message":"test message","platform":"sms","phone_number":"+84937567426"}
2023-03-21T14:49:10.875Z: undefined
2023-03-21T14:49:10.950Z: {"player_token":"s2ducngu777338","country":"TH","message":"test message","platform":"sms","phone_number":"+84909123789"}
2023-03-21T14:49:10.950Z: undefined
2023-03-21T14:49:10.950Z: {"player_token":"s2amocha456181","country":"UNK","message":"test message","platform":"email","email":"amonchai_anl@hotmail.com"}
2023-03-21T14:49:10.950Z: undefined
2023-03-21T14:49:10.951Z: {"player_token":"s2sumjon810849","country":"UNK","message":"test message","platform":"sms","phone_number":"+66818737338"}
2023-03-21T14:49:10.951Z: undefined
2023-03-21T14:49:10.951Z: {"player_token":"s2ccclll467230","country":"UNK","message":"test message","platform":"sms","phone_number":"INV"}
2023-03-21T14:49:10.951Z: undefined
2023-03-21T14:49:11.526Z: Listening on port 8041
2023-03-21T14:49:11.541Z: Successfully connected to {localhost}
2023-03-21T14:49:12.662Z: Successfully connected to {data-platform.ckghnqcooulj.ap-southeast-1.redshift.amazonaws.com}
2023-03-21T14:49:12.664Z: {"player_token":"s2picpan860809","country":"UNK","message":"test message","platform":"email","email":"pichetwork@gmail.com"}
2023-03-21T14:49:12.665Z: undefined
2023-03-21T14:49:12.672Z: {"player_token":"s2ccclll467230","country":"UNK","message":"test message","platform":"sms","phone_number":"INV"}
2023-03-21T14:49:12.672Z: undefined
2023-03-21T14:49:12.673Z: {"player_token":"s2huytra590111","country":"UNK","message":"test message","platform":"sms","phone_number":"+84937567426"}
2023-03-21T14:49:12.673Z: undefined
2023-03-21T14:49:12.751Z: {"player_token":"s2thelee240915","country":"UNK","message":"test message","platform":"sms","phone_number":"+84976186994"}
2023-03-21T14:49:12.751Z: undefined
2023-03-21T14:49:12.796Z: {"player_token":"s2pejjae163073","country":"UNK","message":"test message","platform":"sms","phone_number":"+66859533395"}
2023-03-21T14:49:12.796Z: undefined
2023-03-21T14:49:12.797Z: {"player_token":"s2ducngu777338","country":"TH","message":"test message","platform":"sms","phone_number":"+84909123789"}
2023-03-21T14:49:12.797Z: undefined
2023-03-21T14:49:12.797Z: {"player_token":"s2amocha456181","country":"UNK","message":"test message","platform":"email","email":"amonchai_anl@hotmail.com"}
2023-03-21T14:49:12.797Z: undefined
2023-03-21T14:49:12.797Z: {"player_token":"s2dactru331620","country":"UNK","message":"test message","platform":"sms","phone_number":"+84967232361"}
2023-03-21T14:49:12.798Z: undefined
2023-03-21T14:49:12.798Z: {"player_token":"s2ducpha653500","country":"UNK","message":"test message","platform":"email","email":"tetuongluugukokhoc@yahoo.com"}
2023-03-21T14:49:12.798Z: undefined
2023-03-21T14:49:12.832Z: {"player_token":"s2sumjon810849","country":"UNK","message":"test message","platform":"sms","phone_number":"+66818737338"}
2023-03-21T14:49:12.832Z: undefined
2023-03-21T14:49:14.519Z: {"player_token":"s2tanrac121847","country":"UNK","message":"test message","platform":"sms","phone_number":"+66985059393"}
2023-03-21T14:49:14.519Z: undefined
2023-03-21T14:49:14.745Z: {"player_token":"s2thalee886715","country":"UNK","message":"test message","platform":"sms","phone_number":"+84948556969"}
2023-03-21T14:49:14.745Z: undefined
2023-03-21T14:49:14.826Z: {"player_token":"s2tacsir206513","country":"UNK","message":"test message","platform":"email","email":"natt-o@hotmail.com"}
2023-03-21T14:49:14.827Z: undefined
2023-03-21T14:49:14.827Z: {"player_token":"s2duyngu550403","country":"UNK","message":"test message","platform":"sms","phone_number":"+841697218291"}
2023-03-21T14:49:14.827Z: undefined
2023-03-21T14:49:14.827Z: {"player_token":"s2pilnoi275697","country":"UNK","message":"test message","platform":"sms","phone_number":"+66815958605"}
2023-03-21T14:49:14.827Z: undefined
2023-03-21T14:49:14.828Z: {"player_token":"s2kripon178558","country":"UNK","message":"test message","platform":"email","email":"nice.pretty0720@gmail.com"}
2023-03-21T14:49:14.828Z: undefined
2023-03-21T14:49:15.162Z: {"player_token":"s2patsuc245473","country":"TH","message":"test message","platform":"sms","phone_number":"+66824909900"}
2023-03-21T14:49:15.162Z: undefined
2023-03-21T14:49:15.297Z: {"player_token":"s2manngu970753","country":"VN","message":"test message","platform":"email","email":"manhdat.hoahoa@gmail.com"}
2023-03-21T14:49:15.297Z: undefined
2023-03-21T14:49:15.373Z: {"player_token":"s2huungu702756","country":"UNK","message":"test message","platform":"sms","phone_number":"+841692211213"}
2023-03-21T14:49:15.373Z: undefined
2023-03-21T14:49:16.697Z: {"player_token":"s2thilee110100","country":"UNK","message":"test message","platform":"sms","phone_number":"+66888409944"}
2023-03-21T14:49:16.697Z: undefined
2023-03-21T14:49:16.908Z: {"player_token":"s2chivon003337","country":"UNK","message":"test message","platform":"sms","phone_number":"+84946450160"}
2023-03-21T14:49:16.908Z: undefined
2023-03-21T14:49:17.489Z: {"player_token":"s2ngungu191810","country":"TH","message":"test message","platform":"sms","phone_number":"+84905638885"}
2023-03-21T14:49:17.489Z: undefined
2023-03-21T14:49:17.489Z: {"player_token":"s2quatra008348","country":"UNK","message":"test message","platform":"email","email":"tranquangchung270794@gmail.com"}
2023-03-21T14:49:17.489Z: undefined
2023-03-21T14:49:17.489Z: {"player_token":"s2vietra663180","country":"UNK","message":"test message","platform":"sms","phone_number":"+84985380320"}
2023-03-21T14:49:17.489Z: undefined
2023-03-21T14:49:17.490Z: {"player_token":"s2athsri106993","country":"TH","message":"test message","platform":"email","email":"e-ice-ba@hotmail.com"}
2023-03-21T14:49:17.490Z: undefined
2023-03-21T14:49:17.583Z: {"player_token":"s2rawnua958082","country":"UNK","message":"test message","platform":"sms","phone_number":"+66913091120"}
2023-03-21T14:49:17.584Z: undefined
2023-03-21T14:49:17.584Z: {"player_token":"s2anhpha013289","country":"TH","message":"test message","platform":"email","email":"awidjij@gmail.com"}
2023-03-21T14:49:17.584Z: undefined
2023-03-21T14:49:17.584Z: {"player_token":"s2mischo927269","country":"UNK","message":"test message","platform":"sms","phone_number":"+66909977724"}
2023-03-21T14:49:17.584Z: undefined
2023-03-21T14:49:17.677Z: {"player_token":"s2linngo151089","country":"TH","message":"test message","platform":"sms","phone_number":"+841235841917"}
2023-03-21T14:49:17.677Z: undefined
2023-03-21T14:49:20.321Z: {"player_token":"s2nirbua136259","country":"TH","message":"test message","platform":"email","email":"Ppsetmet@gmail.com"}
2023-03-21T14:49:20.322Z: undefined
2023-03-21T14:49:20.399Z: {"player_token":"s2chasos385807","country":"VN","message":"test message","platform":"sms","phone_number":"+66878371268"}
2023-03-21T14:49:20.399Z: undefined
2023-03-21T14:49:20.399Z: {"player_token":"s2bennop679138","country":"VN","message":"test message","platform":"sms","phone_number":"+66952260989"}
2023-03-21T14:49:20.399Z: undefined
2023-03-21T14:49:20.400Z: {"player_token":"s2supnga663491","country":"UNK","message":"test message","platform":"sms","phone_number":"+66912092202"}
2023-03-21T14:49:20.400Z: undefined
2023-03-21T14:49:20.400Z: {"player_token":"s2thingu652639","country":"UNK","message":"test message","platform":"email","email":"thulinh686@gmail.com"}
2023-03-21T14:49:20.400Z: undefined
2023-03-21T14:49:20.478Z: {"player_token":"s2vanhoa095477","country":"UNK","message":"test message","platform":"sms","phone_number":"+841233451666"}
2023-03-21T14:49:20.478Z: undefined
2023-03-21T14:49:20.479Z: {"player_token":"s2qaiqai825072","country":"UNK","message":"test message","platform":"sms","phone_number":"INV"}
2023-03-21T14:49:20.479Z: undefined
2023-03-21T14:49:20.479Z: {"player_token":"s2chakom063612","country":"UNK","message":"test message","platform":"email","email":"pokermanthailand@gmail.com"}
2023-03-21T14:49:20.479Z: undefined
2023-03-21T14:49:20.480Z: {"player_token":"s2sasnun143217","country":"UNK","message":"test message","platform":"sms","phone_number":"+66931929993"}
2023-03-21T14:49:20.480Z: undefined
2023-03-21T14:49:26.354Z: {"player_token":"s2pitsea049818","country":"UNK","message":"test message","platform":"sms","phone_number":"+66922018378"}
2023-03-21T14:49:26.354Z: undefined
2023-03-21T14:49:26.354Z: {"player_token":"s2nutnet255313","country":"AU","message":"test message","platform":"email","email":"monoinlove@hotmail.com"}
2023-03-21T14:49:26.354Z: undefined
2023-03-21T14:49:26.354Z: {"player_token":"s2atijai146091","country":"UNK","message":"test message","platform":"sms","phone_number":"+66843664543"}
2023-03-21T14:49:26.354Z: undefined
2023-03-21T14:49:26.354Z: {"player_token":"s2ngotra187252","country":"UNK","message":"test message","platform":"email","email":"ngocchien619@gmail.com"}
2023-03-21T14:49:26.354Z: undefined
2023-03-21T14:49:26.355Z: {"player_token":"s2kwupim588532","country":"TH","message":"test message","platform":"email","email":"kp_aristoton@hotmail.com"}
2023-03-21T14:49:26.355Z: undefined
2023-03-21T14:49:26.355Z: {"player_token":"s2baohoo901114","country":"TH","message":"test message","platform":"sms","phone_number":"+841683763568"}
2023-03-21T14:49:26.355Z: undefined
2023-03-21T14:49:26.355Z: {"player_token":"s2donltt725479","country":"UNK","message":"test message","platform":"sms","phone_number":"+84963388663"}
2023-03-21T14:49:26.355Z: undefined
2023-03-21T14:49:26.533Z: {"player_token":"s2hoangu096181","country":"UNK","message":"test message","platform":"email","email":"nguyenvu19832001@yahoo.com"}
2023-03-21T14:49:26.533Z: undefined
2023-03-21T14:49:26.534Z: {"player_token":"s2hoatra821023","country":"UNK","message":"test message","platform":"sms","phone_number":"+841674701173"}
2023-03-21T14:49:26.534Z: undefined
2023-03-21T14:49:26.724Z: {"player_token":"s2faituy081010","country":"UNK","message":"test message","platform":"sms","phone_number":"+66994851448"}
2023-03-21T14:49:26.724Z: undefined
2023-03-21T14:49:26.864Z: {"player_token":"s2phioph186963","country":"TH","message":"test message","platform":"sms","phone_number":"+66811848008"}
2023-03-21T14:49:26.864Z: undefined
2023-03-21T14:49:26.865Z: {"player_token":"s2erwewr908290","country":"UNK","message":"test message","platform":"email","email":"1252090611@gm.uit.edu.vn"}
2023-03-21T14:49:26.865Z: undefined
2023-03-21T14:49:26.865Z: {"player_token":"s2honngu713085","country":"UNK","message":"test message","platform":"sms","phone_number":"+84977684488"}
2023-03-21T14:49:26.865Z: undefined
2023-03-21T14:49:26.865Z: {"player_token":"s2thiduo228176","country":"UNK","message":"test message","platform":"email","email":"duongthithanhtuyen1989@gmail.com"}
2023-03-21T14:49:26.865Z: undefined
2023-03-21T14:49:26.998Z: {"player_token":"s2punsim030576","country":"UNK","message":"test message","platform":"sms","phone_number":"+66854597688"}
2023-03-21T14:49:26.998Z: undefined
2023-03-21T14:49:28.199Z: {"player_token":"s2porsri533337","country":"UNK","message":"test message","platform":"sms","phone_number":"+66946967634"}
2023-03-21T14:49:28.199Z: undefined
2023-03-21T14:49:28.277Z: {"player_token":"s2huylee980574","country":"UNK","message":"test message","platform":"email","email":"cakiem_273@yahoo.com"}
2023-03-21T14:49:28.277Z: undefined
2023-03-21T14:49:28.463Z: {"player_token":"s2thigyy235531","country":"TH","message":"test message","platform":"email","email":"thienhu892@gmail.com"}
2023-03-21T14:49:28.463Z: undefined
2023-03-21T14:49:28.464Z: {"player_token":"s2phalai234294","country":"TH","message":"test message","platform":"sms","phone_number":"+841676361497"}
2023-03-21T14:49:28.464Z: undefined
2023-03-21T14:49:28.464Z: {"player_token":"s2ngongu215877","country":"UNK","message":"test message","platform":"sms","phone_number":"+84988892597"}
2023-03-21T14:49:28.464Z: undefined
2023-03-21T14:49:28.464Z: {"player_token":"s2ducvoo817667","country":"UNK","message":"test message","platform":"sms","phone_number":"+841629850900"}
2023-03-21T14:49:28.464Z: undefined
2023-03-21T14:49:28.993Z: {"player_token":"s2dfgdfg242672","country":"UNK","message":"test message","platform":"sms","phone_number":"INV"}
2023-03-21T14:49:28.993Z: undefined
2023-03-21T14:49:28.993Z: {"player_token":"s2thacuu273965","country":"TH","message":"test message","platform":"sms","phone_number":"+84942121984"}
2023-03-21T14:49:28.993Z: undefined
2023-03-21T14:49:28.993Z: {"player_token":"s2ngungu453276","country":"UNK","message":"test message","platform":"sms","phone_number":"+841889560723"}
2023-03-21T14:49:28.993Z: undefined
2023-03-21T14:49:31.734Z: {"player_token":"s2ytiyur754118","country":"TH","message":"test message","platform":"sms","phone_number":"INV"}
2023-03-21T14:49:31.734Z: undefined
2023-03-21T14:49:31.769Z: {"player_token":"s2trhrjr459306","country":"TH","message":"test message","platform":"sms","phone_number":"INV"}
2023-03-21T14:49:31.769Z: undefined
2023-03-21T14:49:31.769Z: {"player_token":"s2tuaphu206898","country":"UNK","message":"test message","platform":"sms","phone_number":"+841213334444"}
2023-03-21T14:49:31.769Z: undefined
2023-03-21T14:49:31.770Z: {"player_token":"s2kawmee066393","country":"UNK","message":"test message","platform":"email","email":"kaweekan69@gmail.com"}
2023-03-21T14:49:31.770Z: undefined
2023-03-21T14:49:31.770Z: {"player_token":"s2hoangu517691","country":"UNK","message":"test message","platform":"email","email":"hoangnhan0179@gmail.com"}
2023-03-21T14:49:31.770Z: undefined
2023-03-21T14:49:31.770Z: {"player_token":"s2honvyy996658","country":"TH","message":"test message","platform":"sms","phone_number":"INV"}
2023-03-21T14:49:31.770Z: undefined
2023-03-21T14:49:31.846Z: {"player_token":"s2satsan498646","country":"UNK","message":"test message","platform":"email","email":"tom_godza@yahoo.com"}
2023-03-21T14:49:31.846Z: undefined
2023-03-21T14:49:31.853Z: {"player_token":"s2manvuu531010","country":"UNK","message":"test message","platform":"sms","phone_number":"+84859487198"}
2023-03-21T14:49:31.853Z: undefined
2023-03-21T14:49:31.930Z: {"player_token":"s2viivii896872","country":"UNK","message":"test message","platform":"email","email":"caovian65@gmail.com"}
2023-03-21T14:49:31.930Z: undefined
2023-03-21T14:49:33.480Z: {"player_token":"s2kimvoo194238","country":"TH","message":"test message","platform":"sms","phone_number":"+841663339899"}
2023-03-21T14:49:33.480Z: undefined
2023-03-21T14:49:33.585Z: {"player_token":"s2ertert481432","country":"TH","message":"test message","platform":"sms","phone_number":"INV"}
2023-03-21T14:49:33.585Z: undefined
2023-03-21T14:49:33.586Z: {"player_token":"s2vanhoa101604","country":"TH","message":"test message","platform":"sms","phone_number":"+84935957090"}
2023-03-21T14:49:33.586Z: undefined
2023-03-21T14:49:33.586Z: {"player_token":"s2natpig853723","country":"UNK","message":"test message","platform":"sms","phone_number":"+66867293546"}
2023-03-21T14:49:33.586Z: undefined
2023-03-21T14:49:33.587Z: {"player_token":"s2phiphi164108","country":"UNK","message":"test message","platform":"sms","phone_number":"+84978621126"}
2023-03-21T14:49:33.587Z: undefined
2023-03-21T14:49:33.587Z: {"player_token":"s2ngungu261857","country":"UNK","message":"test message","platform":"email","email":"c2traxanh150687@gmail.com"}
2023-03-21T14:49:33.587Z: undefined
2023-03-21T14:49:33.587Z: {"player_token":"s2thajan575518","country":"UNK","message":"test message","platform":"sms","phone_number":"+66901087484"}
2023-03-21T14:49:33.587Z: undefined
2023-03-21T14:49:33.652Z: {"player_token":"s2poosin028482","country":"TH","message":"test message","platform":"email","email":"poontara_sintakoon@yahoo.co.th"}
2023-03-21T14:49:33.652Z: undefined
2023-03-21T14:49:33.652Z: {"player_token":"s2cuotra457513","country":"UNK","message":"test message","platform":"sms","phone_number":"+841646546354"}
2023-03-21T14:49:33.653Z: undefined
2023-03-21T14:49:35.345Z: {"player_token":"s2quanon252732","country":"UNK","message":"test message","platform":"sms","phone_number":"+84942749127"}
2023-03-21T14:49:35.345Z: undefined
2023-03-21T14:49:35.421Z: {"player_token":"s2ngopha764275","country":"VN","message":"test message","platform":"email","email":"ngochai0224@gmail.com"}
2023-03-21T14:49:35.421Z: undefined
2023-03-21T14:49:35.421Z: {"player_token":"s2penkin773167","country":"UNK","message":"test message","platform":"sms","phone_number":"+66844504835"}
2023-03-21T14:49:35.421Z: undefined
2023-03-21T14:49:35.422Z: {"player_token":"s2tarhgd300188","country":"UNK","message":"test message","platform":"email","email":"kokptibull@gmail.com"}
2023-03-21T14:49:35.422Z: undefined
2023-03-21T14:49:35.422Z: {"player_token":"s2sayjai853550","country":"TH","message":"test message","platform":"sms","phone_number":"+66954875262"}
2023-03-21T14:49:35.422Z: undefined
2023-03-21T14:49:35.422Z: {"player_token":"s2ngovan363443","country":"TH","message":"test message","platform":"email","email":"nhattuanvanngoc@gmail.com"}
2023-03-21T14:49:35.422Z: undefined
2023-03-21T14:49:35.423Z: {"player_token":"s2duybui435369","country":"TH","message":"test message","platform":"sms","phone_number":"+84979247304"}
2023-03-21T14:49:35.423Z: undefined
2023-03-21T14:49:35.423Z: {"player_token":"s2thatra099107","country":"UNK","message":"test message","platform":"sms","phone_number":"+84987500139"}
2023-03-21T14:49:35.423Z: undefined
2023-03-21T14:49:35.504Z: {"player_token":"s2tratra812565","country":"UNK","message":"test message","platform":"sms","phone_number":"+84988747787"}
2023-03-21T14:49:35.505Z: undefined
2023-03-21T14:49:36.890Z: {"player_token":"s2thavuu572674","country":"UNK","message":"test message","platform":"sms","phone_number":"+84948200668"}
2023-03-21T14:49:36.890Z: undefined
2023-03-21T14:49:36.972Z: {"player_token":"s2remboo176952","country":"UNK","message":"test message","platform":"email","email":"help987@outlook.co.th"}
2023-03-21T14:49:36.972Z: undefined
2023-03-21T14:49:37.122Z: {"player_token":"s2baahoo228675","country":"TH","message":"test message","platform":"sms","phone_number":"+841644181179"}
2023-03-21T14:49:37.122Z: undefined
2023-03-21T14:49:37.286Z: {"player_token":"s2ngungu813049","country":"UNK","message":"test message","platform":"sms","phone_number":"+84933918053"}
2023-03-21T14:49:37.286Z: undefined
2023-03-21T14:49:37.299Z: {"player_token":"s2thosrl118434","country":"UNK","message":"test message","platform":"sms","phone_number":"+66994756976"}
2023-03-21T14:49:37.300Z: undefined
2023-03-21T14:49:37.371Z: {"player_token":"s2vanngu365879","country":"TH","message":"test message","platform":"email","email":"swquang@gmail.com"}
2023-03-21T14:49:37.371Z: undefined
2023-03-21T14:49:37.371Z: {"player_token":"s2khokho026199","country":"UNK","message":"test message","platform":"sms","phone_number":"+84987295802"}
2023-03-21T14:49:37.371Z: undefined
2023-03-21T14:49:37.371Z: {"player_token":"s2sarsah265873","country":"TH","message":"test message","platform":"email","email":"chawatluckito123456@gmail.com"}
2023-03-21T14:49:37.371Z: undefined
2023-03-21T14:49:37.379Z: {"player_token":"s2tanyon922389","country":"UNK","message":"test message","platform":"sms","phone_number":"+66897236109"}
2023-03-21T14:49:37.379Z: undefined
2023-03-21T14:49:38.123Z: {"player_token":"s2giango283062","country":"VN","message":"test message","platform":"sms","phone_number":"+841202367814"}
2023-03-21T14:49:38.123Z: undefined
2023-03-21T14:49:38.128Z: {"player_token":"s2tuoduo530700","country":"UNK","message":"test message","platform":"sms","phone_number":"+84978108090"}
2023-03-21T14:49:38.128Z: undefined
2023-03-21T14:51:31.298Z: Listening on port 8041
2023-03-21T14:51:31.311Z: Successfully connected to {localhost}
2023-03-21T14:51:32.999Z: Successfully connected to {data-platform.ckghnqcooulj.ap-southeast-1.redshift.amazonaws.com}
2023-03-21T14:51:33.044Z: {"player_token":"s2pejjae163073","country":"UNK","message":"test message","platform":"sms","phone_number":"+66859533395"}
2023-03-21T14:51:33.044Z: done
2023-03-21T14:51:33.044Z: done
2023-03-21T14:51:33.045Z: {"player_token":"s2ducpha653500","country":"UNK","message":"test message","platform":"email","email":"tetuongluugukokhoc@yahoo.com"}
2023-03-21T14:51:33.045Z: done
2023-03-21T14:51:33.045Z: done
2023-03-21T14:51:33.122Z: {"player_token":"s2dactru331620","country":"UNK","message":"test message","platform":"sms","phone_number":"+84967232361"}
2023-03-21T14:51:33.122Z: done
2023-03-21T14:51:33.122Z: done
2023-03-21T14:51:33.123Z: {"player_token":"s2ducngu777338","country":"TH","message":"test message","platform":"sms","phone_number":"+84909123789"}
2023-03-21T14:51:33.123Z: done
2023-03-21T14:51:33.123Z: done
2023-03-21T14:51:33.123Z: {"player_token":"s2huytra590111","country":"UNK","message":"test message","platform":"sms","phone_number":"+84937567426"}
2023-03-21T14:51:33.123Z: done
2023-03-21T14:51:33.124Z: done
2023-03-21T14:51:33.195Z: {"player_token":"s2ccclll467230","country":"UNK","message":"test message","platform":"sms","phone_number":"INV"}
2023-03-21T14:51:33.195Z: done
2023-03-21T14:51:33.196Z: done
2023-03-21T14:51:33.196Z: {"player_token":"s2picpan860809","country":"UNK","message":"test message","platform":"email","email":"pichetwork@gmail.com"}
2023-03-21T14:51:33.196Z: done
2023-03-21T14:51:33.196Z: done
2023-03-21T14:51:33.196Z: {"player_token":"s2sumjon810849","country":"UNK","message":"test message","platform":"sms","phone_number":"+66818737338"}
2023-03-21T14:51:33.196Z: done
2023-03-21T14:51:33.196Z: done
2023-03-21T14:51:33.286Z: {"player_token":"s2amocha456181","country":"UNK","message":"test message","platform":"email","email":"amonchai_anl@hotmail.com"}
2023-03-21T14:51:33.286Z: done
2023-03-21T14:51:33.286Z: done
2023-03-21T14:51:33.286Z: {"player_token":"s2tacsir206513","country":"UNK","message":"test message","platform":"email","email":"natt-o@hotmail.com"}
2023-03-21T14:51:33.286Z: done
2023-03-21T14:51:33.286Z: done
2023-03-21T14:51:33.287Z: {"player_token":"s2pilnoi275697","country":"UNK","message":"test message","platform":"sms","phone_number":"+66815958605"}
2023-03-21T14:51:33.287Z: done
2023-03-21T14:51:33.287Z: done
2023-03-21T14:51:33.287Z: {"player_token":"s2thelee240915","country":"UNK","message":"test message","platform":"sms","phone_number":"+84976186994"}
2023-03-21T14:51:33.287Z: done
2023-03-21T14:51:33.287Z: done
2023-03-21T14:51:33.364Z: {"player_token":"s2duyngu550403","country":"UNK","message":"test message","platform":"sms","phone_number":"+841697218291"}
2023-03-21T14:51:33.364Z: done
2023-03-21T14:51:33.364Z: done
2023-03-21T14:51:33.364Z: {"player_token":"s2kripon178558","country":"UNK","message":"test message","platform":"email","email":"nice.pretty0720@gmail.com"}
2023-03-21T14:51:33.364Z: done
2023-03-21T14:51:33.364Z: done
2023-03-21T14:51:33.441Z: {"player_token":"s2tanrac121847","country":"UNK","message":"test message","platform":"sms","phone_number":"+66985059393"}
2023-03-21T14:51:33.441Z: done
2023-03-21T14:51:33.441Z: done
2023-03-21T14:51:33.441Z: {"player_token":"s2thalee886715","country":"UNK","message":"test message","platform":"sms","phone_number":"+84948556969"}
2023-03-21T14:51:33.441Z: done
2023-03-21T14:51:33.441Z: done
2023-03-21T14:51:36.270Z: {"player_token":"s2patsuc245473","country":"TH","message":"test message","platform":"sms","phone_number":"+66824909900"}
2023-03-21T14:51:36.271Z: done
2023-03-21T14:51:36.271Z: done
2023-03-21T14:51:36.349Z: {"player_token":"s2manngu970753","country":"VN","message":"test message","platform":"email","email":"manhdat.hoahoa@gmail.com"}
2023-03-21T14:51:36.349Z: done
2023-03-21T14:51:36.349Z: done
2023-03-21T14:51:37.456Z: {"player_token":"s2huungu702756","country":"UNK","message":"test message","platform":"sms","phone_number":"+841692211213"}
2023-03-21T14:51:37.456Z: done
2023-03-21T14:51:37.456Z: done
2023-03-21T14:51:37.457Z: {"player_token":"s2ngungu191810","country":"TH","message":"test message","platform":"sms","phone_number":"+84905638885"}
2023-03-21T14:51:37.457Z: done
2023-03-21T14:51:37.457Z: done
2023-03-21T14:51:37.457Z: {"player_token":"s2quatra008348","country":"UNK","message":"test message","platform":"email","email":"tranquangchung270794@gmail.com"}
2023-03-21T14:51:37.457Z: done
2023-03-21T14:51:37.457Z: done
2023-03-21T14:51:37.457Z: {"player_token":"s2chivon003337","country":"UNK","message":"test message","platform":"sms","phone_number":"+84946450160"}
2023-03-21T14:51:37.457Z: done
2023-03-21T14:51:37.457Z: done
2023-03-21T14:51:37.458Z: {"player_token":"s2athsri106993","country":"TH","message":"test message","platform":"email","email":"e-ice-ba@hotmail.com"}
2023-03-21T14:51:37.458Z: done
2023-03-21T14:51:37.458Z: done
2023-03-21T14:51:37.513Z: {"player_token":"s2vietra663180","country":"UNK","message":"test message","platform":"sms","phone_number":"+84985380320"}
2023-03-21T14:51:37.513Z: done
2023-03-21T14:51:37.513Z: done
2023-03-21T14:51:37.591Z: {"player_token":"s2linngo151089","country":"TH","message":"test message","platform":"sms","phone_number":"+841235841917"}
2023-03-21T14:51:37.592Z: done
2023-03-21T14:51:37.592Z: done
2023-03-21T14:51:38.582Z: {"player_token":"s2thilee110100","country":"UNK","message":"test message","platform":"sms","phone_number":"+66888409944"}
2023-03-21T14:51:38.582Z: done
2023-03-21T14:51:38.582Z: done
2023-03-21T14:51:38.661Z: {"player_token":"s2rawnua958082","country":"UNK","message":"test message","platform":"sms","phone_number":"+66913091120"}
2023-03-21T14:51:38.661Z: done
2023-03-21T14:51:38.661Z: done
2023-03-21T14:52:25.296Z: Listening on port 8041
2023-03-21T14:52:25.307Z: sending done
2023-03-21T14:52:25.310Z: Successfully connected to {localhost}
2023-03-21T14:53:41.311Z: Error connecting to {data-platform.ckghnqcooulj.ap-southeast-1.redshift.amazonaws.com}
2023-03-21T14:53:41.787Z: Listening on port 8041
2023-03-21T14:53:41.800Z: sending done
2023-03-21T14:53:41.803Z: Successfully connected to {localhost}
2023-03-21T14:53:42.939Z: Successfully connected to {data-platform.ckghnqcooulj.ap-southeast-1.redshift.amazonaws.com}
2023-03-21T14:53:43.206Z: {"player_token":"s2ducpha653500","country":"UNK","message":"test message","platform":"email","email":"tetuongluugukokhoc@yahoo.com"}
2023-03-21T14:53:43.206Z: {"player_token":"s2picpan860809","country":"UNK","message":"test message","platform":"email","email":"pichetwork@gmail.com"}
2023-03-21T14:53:43.207Z: {"player_token":"s2pejjae163073","country":"UNK","message":"test message","platform":"sms","phone_number":"+66859533395"}
2023-03-21T14:53:43.281Z: {"player_token":"s2dactru331620","country":"UNK","message":"test message","platform":"sms","phone_number":"+84967232361"}
2023-03-21T14:53:43.281Z: {"player_token":"s2huytra590111","country":"UNK","message":"test message","platform":"sms","phone_number":"+84937567426"}
2023-03-21T14:53:43.282Z: {"player_token":"s2ccclll467230","country":"UNK","message":"test message","platform":"sms","phone_number":"INV"}
2023-03-21T14:53:43.282Z: {"player_token":"s2sumjon810849","country":"UNK","message":"test message","platform":"sms","phone_number":"+66818737338"}
2023-03-21T14:53:43.282Z: {"player_token":"s2thelee240915","country":"UNK","message":"test message","platform":"sms","phone_number":"+84976186994"}
2023-03-21T14:53:43.283Z: {"player_token":"s2ducngu777338","country":"TH","message":"test message","platform":"sms","phone_number":"+84909123789"}
2023-03-21T14:53:43.405Z: {"player_token":"s2amocha456181","country":"UNK","message":"test message","platform":"email","email":"amonchai_anl@hotmail.com"}
2023-03-21T14:53:43.484Z: {"player_token":"s2tacsir206513","country":"UNK","message":"test message","platform":"email","email":"natt-o@hotmail.com"}
2023-03-21T14:53:43.484Z: {"player_token":"s2duyngu550403","country":"UNK","message":"test message","platform":"sms","phone_number":"+841697218291"}
2023-03-21T14:53:43.484Z: {"player_token":"s2pilnoi275697","country":"UNK","message":"test message","platform":"sms","phone_number":"+66815958605"}
2023-03-21T14:53:43.563Z: {"player_token":"s2tanrac121847","country":"UNK","message":"test message","platform":"sms","phone_number":"+66985059393"}
2023-03-21T14:53:43.563Z: {"player_token":"s2kripon178558","country":"UNK","message":"test message","platform":"email","email":"nice.pretty0720@gmail.com"}
2023-03-21T14:53:43.642Z: {"player_token":"s2thalee886715","country":"UNK","message":"test message","platform":"sms","phone_number":"+84948556969"}
2023-03-21T14:53:44.832Z: {"player_token":"s2manngu970753","country":"VN","message":"test message","platform":"email","email":"manhdat.hoahoa@gmail.com"}
2023-03-21T14:53:45.417Z: {"player_token":"s2huungu702756","country":"UNK","message":"test message","platform":"sms","phone_number":"+841692211213"}
2023-03-21T14:53:45.418Z: {"player_token":"s2vietra663180","country":"UNK","message":"test message","platform":"sms","phone_number":"+84985380320"}
2023-03-21T14:53:45.418Z: {"player_token":"s2chivon003337","country":"UNK","message":"test message","platform":"sms","phone_number":"+84946450160"}
2023-03-21T14:53:45.419Z: {"player_token":"s2athsri106993","country":"TH","message":"test message","platform":"email","email":"e-ice-ba@hotmail.com"}
2023-03-21T14:53:45.419Z: {"player_token":"s2quatra008348","country":"UNK","message":"test message","platform":"email","email":"tranquangchung270794@gmail.com"}
2023-03-21T14:53:45.419Z: {"player_token":"s2patsuc245473","country":"TH","message":"test message","platform":"sms","phone_number":"+66824909900"}
2023-03-21T14:53:45.420Z: {"player_token":"s2ngungu191810","country":"TH","message":"test message","platform":"sms","phone_number":"+84905638885"}
2023-03-21T14:53:45.420Z: {"player_token":"s2thilee110100","country":"UNK","message":"test message","platform":"sms","phone_number":"+66888409944"}
2023-03-21T14:53:45.507Z: {"player_token":"s2rawnua958082","country":"UNK","message":"test message","platform":"sms","phone_number":"+66913091120"}
2023-03-21T14:53:45.709Z: {"player_token":"s2linngo151089","country":"TH","message":"test message","platform":"sms","phone_number":"+841235841917"}
2023-03-21T14:53:46.293Z: {"player_token":"s2anhpha013289","country":"TH","message":"test message","platform":"email","email":"awidjij@gmail.com"}
2023-03-21T14:53:46.374Z: {"player_token":"s2nirbua136259","country":"TH","message":"test message","platform":"email","email":"Ppsetmet@gmail.com"}
2023-03-21T14:53:46.374Z: {"player_token":"s2mischo927269","country":"UNK","message":"test message","platform":"sms","phone_number":"+66909977724"}
2023-03-21T14:53:46.791Z: {"player_token":"s2sasnun143217","country":"UNK","message":"test message","platform":"sms","phone_number":"+66931929993"}
2023-03-21T14:53:46.869Z: {"player_token":"s2chasos385807","country":"VN","message":"test message","platform":"sms","phone_number":"+66878371268"}
2023-03-21T14:53:46.869Z: {"player_token":"s2vanhoa095477","country":"UNK","message":"test message","platform":"sms","phone_number":"+841233451666"}
2023-03-21T14:53:46.870Z: {"player_token":"s2thingu652639","country":"UNK","message":"test message","platform":"email","email":"thulinh686@gmail.com"}
2023-03-21T14:53:46.962Z: {"player_token":"s2chakom063612","country":"UNK","message":"test message","platform":"email","email":"pokermanthailand@gmail.com"}
2023-03-21T14:53:46.963Z: {"player_token":"s2bennop679138","country":"VN","message":"test message","platform":"sms","phone_number":"+66952260989"}
2023-03-21T14:53:47.584Z: {"player_token":"s2supnga663491","country":"UNK","message":"test message","platform":"sms","phone_number":"+66912092202"}
2023-03-21T14:53:47.584Z: {"player_token":"s2hoatra821023","country":"UNK","message":"test message","platform":"sms","phone_number":"+841674701173"}
2023-03-21T14:53:47.584Z: {"player_token":"s2qaiqai825072","country":"UNK","message":"test message","platform":"sms","phone_number":"INV"}
2023-03-21T14:53:47.922Z: {"player_token":"s2baohoo901114","country":"TH","message":"test message","platform":"sms","phone_number":"+841683763568"}
2023-03-21T14:53:48.000Z: {"player_token":"s2atijai146091","country":"UNK","message":"test message","platform":"sms","phone_number":"+66843664543"}
2023-03-21T14:53:48.001Z: {"player_token":"s2hoangu096181","country":"UNK","message":"test message","platform":"email","email":"nguyenvu19832001@yahoo.com"}
2023-03-21T14:53:48.190Z: {"player_token":"s2pitsea049818","country":"UNK","message":"test message","platform":"sms","phone_number":"+66922018378"}
2023-03-21T14:53:48.190Z: {"player_token":"s2kwupim588532","country":"TH","message":"test message","platform":"email","email":"kp_aristoton@hotmail.com"}
2023-03-21T14:53:48.269Z: {"player_token":"s2honngu713085","country":"UNK","message":"test message","platform":"sms","phone_number":"+84977684488"}
2023-03-21T14:53:48.270Z: {"player_token":"s2faituy081010","country":"UNK","message":"test message","platform":"sms","phone_number":"+66994851448"}
2023-03-21T14:53:48.270Z: {"player_token":"s2donltt725479","country":"UNK","message":"test message","platform":"sms","phone_number":"+84963388663"}
2023-03-21T14:53:48.458Z: {"player_token":"s2thiduo228176","country":"UNK","message":"test message","platform":"email","email":"duongthithanhtuyen1989@gmail.com"}
2023-03-21T14:53:48.458Z: {"player_token":"s2erwewr908290","country":"UNK","message":"test message","platform":"email","email":"1252090611@gm.uit.edu.vn"}
2023-03-21T14:53:48.536Z: {"player_token":"s2punsim030576","country":"UNK","message":"test message","platform":"sms","phone_number":"+66854597688"}
2023-03-21T14:53:48.537Z: {"player_token":"s2phioph186963","country":"TH","message":"test message","platform":"sms","phone_number":"+66811848008"}
2023-03-21T14:53:49.145Z: {"player_token":"s2ngotra187252","country":"UNK","message":"test message","platform":"email","email":"ngocchien619@gmail.com"}
2023-03-21T14:53:49.224Z: {"player_token":"s2ducvoo817667","country":"UNK","message":"test message","platform":"sms","phone_number":"+841629850900"}
2023-03-21T14:53:49.224Z: {"player_token":"s2nutnet255313","country":"AU","message":"test message","platform":"email","email":"monoinlove@hotmail.com"}
2023-03-21T14:53:50.457Z: {"player_token":"s2ngongu215877","country":"UNK","message":"test message","platform":"sms","phone_number":"+84988892597"}
2023-03-21T14:53:50.541Z: {"player_token":"s2dfgdfg242672","country":"UNK","message":"test message","platform":"sms","phone_number":"INV"}
2023-03-21T14:53:50.541Z: {"player_token":"s2phalai234294","country":"TH","message":"test message","platform":"sms","phone_number":"+841676361497"}
2023-03-21T14:53:50.541Z: {"player_token":"s2thigyy235531","country":"TH","message":"test message","platform":"email","email":"thienhu892@gmail.com"}
2023-03-21T14:53:50.542Z: {"player_token":"s2huylee980574","country":"UNK","message":"test message","platform":"email","email":"cakiem_273@yahoo.com"}
2023-03-21T14:53:50.542Z: {"player_token":"s2porsri533337","country":"UNK","message":"test message","platform":"sms","phone_number":"+66946967634"}
2023-03-21T14:53:50.707Z: {"player_token":"s2ytiyur754118","country":"TH","message":"test message","platform":"sms","phone_number":"INV"}
2023-03-21T14:53:50.708Z: {"player_token":"s2thacuu273965","country":"TH","message":"test message","platform":"sms","phone_number":"+84942121984"}
2023-03-21T14:53:50.708Z: {"player_token":"s2ngungu453276","country":"UNK","message":"test message","platform":"sms","phone_number":"+841889560723"}
2023-03-21T14:53:51.831Z: {"player_token":"s2honvyy996658","country":"TH","message":"test message","platform":"sms","phone_number":"INV"}
2023-03-21T14:53:51.909Z: {"player_token":"s2kawmee066393","country":"UNK","message":"test message","platform":"email","email":"kaweekan69@gmail.com"}
2023-03-21T14:53:52.031Z: {"player_token":"s2trhrjr459306","country":"TH","message":"test message","platform":"sms","phone_number":"INV"}
2023-03-21T14:53:52.109Z: {"player_token":"s2kimvoo194238","country":"TH","message":"test message","platform":"sms","phone_number":"+841663339899"}
2023-03-21T14:53:52.186Z: {"player_token":"s2manvuu531010","country":"UNK","message":"test message","platform":"sms","phone_number":"+84859487198"}
2023-03-21T14:53:52.187Z: {"player_token":"s2vanhoa101604","country":"TH","message":"test message","platform":"sms","phone_number":"+84935957090"}
2023-03-21T14:53:52.275Z: {"player_token":"s2tuaphu206898","country":"UNK","message":"test message","platform":"sms","phone_number":"+841213334444"}
2023-03-21T14:53:52.276Z: {"player_token":"s2hoangu517691","country":"UNK","message":"test message","platform":"email","email":"hoangnhan0179@gmail.com"}
2023-03-21T14:53:52.276Z: {"player_token":"s2ertert481432","country":"TH","message":"test message","platform":"sms","phone_number":"INV"}
2023-03-21T14:53:52.358Z: {"player_token":"s2viivii896872","country":"UNK","message":"test message","platform":"email","email":"caovian65@gmail.com"}
2023-03-21T14:53:52.358Z: {"player_token":"s2satsan498646","country":"UNK","message":"test message","platform":"email","email":"tom_godza@yahoo.com"}
2023-03-21T14:53:52.358Z: {"player_token":"s2thajan575518","country":"UNK","message":"test message","platform":"sms","phone_number":"+66901087484"}
2023-03-21T14:53:52.437Z: {"player_token":"s2quanon252732","country":"UNK","message":"test message","platform":"sms","phone_number":"+84942749127"}
2023-03-21T14:53:52.606Z: {"player_token":"s2tarhgd300188","country":"UNK","message":"test message","platform":"email","email":"kokptibull@gmail.com"}
2023-03-21T14:53:52.606Z: {"player_token":"s2ngopha764275","country":"VN","message":"test message","platform":"email","email":"ngochai0224@gmail.com"}
2023-03-21T14:53:52.606Z: {"player_token":"s2thatra099107","country":"UNK","message":"test message","platform":"sms","phone_number":"+84987500139"}
2023-03-21T14:53:52.683Z: {"player_token":"s2sayjai853550","country":"TH","message":"test message","platform":"sms","phone_number":"+66954875262"}
2023-03-21T14:53:52.907Z: {"player_token":"s2tratra812565","country":"UNK","message":"test message","platform":"sms","phone_number":"+84988747787"}
2023-03-21T14:53:52.907Z: {"player_token":"s2penkin773167","country":"UNK","message":"test message","platform":"sms","phone_number":"+66844504835"}
2023-03-21T14:53:52.907Z: {"player_token":"s2duybui435369","country":"TH","message":"test message","platform":"sms","phone_number":"+84979247304"}
2023-03-21T14:53:52.986Z: {"player_token":"s2ngovan363443","country":"TH","message":"test message","platform":"email","email":"nhattuanvanngoc@gmail.com"}
2023-03-21T14:53:53.685Z: {"player_token":"s2cuotra457513","country":"UNK","message":"test message","platform":"sms","phone_number":"+841646546354"}
2023-03-21T14:53:53.778Z: {"player_token":"s2ngungu261857","country":"UNK","message":"test message","platform":"email","email":"c2traxanh150687@gmail.com"}
2023-03-21T14:53:53.778Z: {"player_token":"s2phiphi164108","country":"UNK","message":"test message","platform":"sms","phone_number":"+84978621126"}
2023-03-21T14:53:53.778Z: {"player_token":"s2natpig853723","country":"UNK","message":"test message","platform":"sms","phone_number":"+66867293546"}
2023-03-21T14:53:53.779Z: {"player_token":"s2poosin028482","country":"TH","message":"test message","platform":"email","email":"poontara_sintakoon@yahoo.co.th"}
2023-03-21T14:53:56.135Z: {"player_token":"s2khokho026199","country":"UNK","message":"test message","platform":"sms","phone_number":"+84987295802"}
2023-03-21T14:53:56.495Z: {"player_token":"s2vanngu365879","country":"TH","message":"test message","platform":"email","email":"swquang@gmail.com"}
2023-03-21T14:53:56.495Z: {"player_token":"s2thavuu572674","country":"UNK","message":"test message","platform":"sms","phone_number":"+84948200668"}
2023-03-21T14:53:56.495Z: {"player_token":"s2tanyon922389","country":"UNK","message":"test message","platform":"sms","phone_number":"+66897236109"}
2023-03-21T14:53:56.495Z: {"player_token":"s2sarsah265873","country":"TH","message":"test message","platform":"email","email":"chawatluckito123456@gmail.com"}
2023-03-21T14:53:56.496Z: {"player_token":"s2remboo176952","country":"UNK","message":"test message","platform":"email","email":"help987@outlook.co.th"}
2023-03-21T14:53:56.496Z: {"player_token":"s2ngungu813049","country":"UNK","message":"test message","platform":"sms","phone_number":"+84933918053"}
2023-03-21T14:53:56.496Z: {"player_token":"s2thosrl118434","country":"UNK","message":"test message","platform":"sms","phone_number":"+66994756976"}
2023-03-21T14:53:56.903Z: {"player_token":"s2baahoo228675","country":"TH","message":"test message","platform":"sms","phone_number":"+841644181179"}
2023-03-21T14:53:57.518Z: {"player_token":"s2giango283062","country":"VN","message":"test message","platform":"sms","phone_number":"+841202367814"}
2023-03-21T14:53:58.002Z: {"player_token":"s2tuoduo530700","country":"UNK","message":"test message","platform":"sms","phone_number":"+84978108090"}
2023-03-21T14:54:09.125Z: Listening on port 8041
2023-03-21T14:54:09.136Z: sending done
2023-03-21T14:54:09.138Z: Successfully connected to {localhost}
2023-03-21T14:54:10.311Z: Successfully connected to {data-platform.ckghnqcooulj.ap-southeast-1.redshift.amazonaws.com}
2023-03-21T14:54:10.526Z: {"player_token":"s2huytra590111","country":"UNK","message":"test message","platform":"sms","phone_number":"+84937567426"}
2023-03-21T14:54:10.752Z: {"player_token":"s2thelee240915","country":"UNK","message":"test message","platform":"sms","phone_number":"+84976186994"}
2023-03-21T14:54:10.753Z: {"player_token":"s2ccclll467230","country":"UNK","message":"test message","platform":"sms","phone_number":"INV"}
2023-03-21T14:54:10.831Z: {"player_token":"s2dactru331620","country":"UNK","message":"test message","platform":"sms","phone_number":"+84967232361"}
2023-03-21T14:54:10.832Z: {"player_token":"s2pejjae163073","country":"UNK","message":"test message","platform":"sms","phone_number":"+66859533395"}
2023-03-21T14:54:10.833Z: {"player_token":"s2amocha456181","country":"UNK","message":"test message","platform":"email","email":"amonchai_anl@hotmail.com"}
2023-03-21T14:54:10.910Z: {"player_token":"s2picpan860809","country":"UNK","message":"test message","platform":"email","email":"pichetwork@gmail.com"}
2023-03-21T14:54:10.956Z: {"player_token":"s2pilnoi275697","country":"UNK","message":"test message","platform":"sms","phone_number":"+66815958605"}
2023-03-21T14:54:10.957Z: {"player_token":"s2tacsir206513","country":"UNK","message":"test message","platform":"email","email":"natt-o@hotmail.com"}
2023-03-21T14:54:10.957Z: {"player_token":"s2duyngu550403","country":"UNK","message":"test message","platform":"sms","phone_number":"+841697218291"}
2023-03-21T14:54:11.113Z: {"player_token":"s2tanrac121847","country":"UNK","message":"test message","platform":"sms","phone_number":"+66985059393"}
2023-03-21T14:54:11.113Z: {"player_token":"s2kripon178558","country":"UNK","message":"test message","platform":"email","email":"nice.pretty0720@gmail.com"}
2023-03-21T14:54:11.152Z: {"player_token":"s2thalee886715","country":"UNK","message":"test message","platform":"sms","phone_number":"+84948556969"}
2023-03-21T14:54:11.234Z: {"player_token":"s2ducngu777338","country":"TH","message":"test message","platform":"sms","phone_number":"+84909123789"}
2023-03-21T14:54:11.234Z: {"player_token":"s2sumjon810849","country":"UNK","message":"test message","platform":"sms","phone_number":"+66818737338"}
2023-03-21T14:54:11.313Z: {"player_token":"s2ducpha653500","country":"UNK","message":"test message","platform":"email","email":"tetuongluugukokhoc@yahoo.com"}
2023-03-21T14:54:13.288Z: {"player_token":"s2thilee110100","country":"UNK","message":"test message","platform":"sms","phone_number":"+66888409944"}
2023-03-21T14:54:13.288Z: {"player_token":"s2manngu970753","country":"VN","message":"test message","platform":"email","email":"manhdat.hoahoa@gmail.com"}
2023-03-21T14:54:13.288Z: {"player_token":"s2ngungu191810","country":"TH","message":"test message","platform":"sms","phone_number":"+84905638885"}
2023-03-21T14:54:13.288Z: {"player_token":"s2huungu702756","country":"UNK","message":"test message","platform":"sms","phone_number":"+841692211213"}
2023-03-21T14:54:13.289Z: {"player_token":"s2chivon003337","country":"UNK","message":"test message","platform":"sms","phone_number":"+84946450160"}
2023-03-21T14:54:13.289Z: {"player_token":"s2athsri106993","country":"TH","message":"test message","platform":"email","email":"e-ice-ba@hotmail.com"}
2023-03-21T14:54:13.807Z: {"player_token":"s2patsuc245473","country":"TH","message":"test message","platform":"sms","phone_number":"+66824909900"}
2023-03-21T14:54:13.807Z: {"player_token":"s2vietra663180","country":"UNK","message":"test message","platform":"sms","phone_number":"+84985380320"}
2023-03-21T14:54:13.807Z: {"player_token":"s2quatra008348","country":"UNK","message":"test message","platform":"email","email":"tranquangchung270794@gmail.com"}
2023-03-21T14:54:14.411Z: {"player_token":"s2linngo151089","country":"TH","message":"test message","platform":"sms","phone_number":"+841235841917"}
2023-03-21T14:54:14.885Z: {"player_token":"s2anhpha013289","country":"TH","message":"test message","platform":"email","email":"awidjij@gmail.com"}
2023-03-21T14:54:14.973Z: {"player_token":"s2nirbua136259","country":"TH","message":"test message","platform":"email","email":"Ppsetmet@gmail.com"}
2023-03-21T14:54:14.974Z: {"player_token":"s2rawnua958082","country":"UNK","message":"test message","platform":"sms","phone_number":"+66913091120"}
2023-03-21T14:54:14.974Z: {"player_token":"s2mischo927269","country":"UNK","message":"test message","platform":"sms","phone_number":"+66909977724"}
2023-03-21T14:54:14.974Z: {"player_token":"s2sasnun143217","country":"UNK","message":"test message","platform":"sms","phone_number":"+66931929993"}
2023-03-21T14:54:14.975Z: {"player_token":"s2thingu652639","country":"UNK","message":"test message","platform":"email","email":"thulinh686@gmail.com"}
2023-03-21T14:54:14.975Z: {"player_token":"s2chasos385807","country":"VN","message":"test message","platform":"sms","phone_number":"+66878371268"}
2023-03-21T14:54:15.669Z: {"player_token":"s2chakom063612","country":"UNK","message":"test message","platform":"email","email":"pokermanthailand@gmail.com"}
2023-03-21T14:54:16.565Z: {"player_token":"s2vanhoa095477","country":"UNK","message":"test message","platform":"sms","phone_number":"+841233451666"}
2023-03-21T14:54:16.645Z: {"player_token":"s2hoatra821023","country":"UNK","message":"test message","platform":"sms","phone_number":"+841674701173"}
2023-03-21T14:54:16.726Z: {"player_token":"s2bennop679138","country":"VN","message":"test message","platform":"sms","phone_number":"+66952260989"}
2023-03-21T14:54:16.726Z: {"player_token":"s2supnga663491","country":"UNK","message":"test message","platform":"sms","phone_number":"+66912092202"}
2023-03-21T14:54:16.726Z: {"player_token":"s2qaiqai825072","country":"UNK","message":"test message","platform":"sms","phone_number":"INV"}
2023-03-21T14:54:18.203Z: {"player_token":"s2hoangu096181","country":"UNK","message":"test message","platform":"email","email":"nguyenvu19832001@yahoo.com"}
2023-03-21T14:54:18.299Z: {"player_token":"s2kwupim588532","country":"TH","message":"test message","platform":"email","email":"kp_aristoton@hotmail.com"}
2023-03-21T14:54:18.300Z: {"player_token":"s2pitsea049818","country":"UNK","message":"test message","platform":"sms","phone_number":"+66922018378"}
2023-03-21T14:54:18.300Z: {"player_token":"s2baohoo901114","country":"TH","message":"test message","platform":"sms","phone_number":"+841683763568"}
2023-03-21T14:54:18.300Z: {"player_token":"s2donltt725479","country":"UNK","message":"test message","platform":"sms","phone_number":"+84963388663"}
2023-03-21T14:54:18.300Z: {"player_token":"s2nutnet255313","country":"AU","message":"test message","platform":"email","email":"monoinlove@hotmail.com"}
2023-03-21T14:54:18.301Z: {"player_token":"s2atijai146091","country":"UNK","message":"test message","platform":"sms","phone_number":"+66843664543"}
2023-03-21T14:54:18.301Z: {"player_token":"s2ducvoo817667","country":"UNK","message":"test message","platform":"sms","phone_number":"+841629850900"}
2023-03-21T14:54:18.301Z: {"player_token":"s2ngotra187252","country":"UNK","message":"test message","platform":"email","email":"ngocchien619@gmail.com"}
2023-03-21T14:54:18.439Z: {"player_token":"s2honngu713085","country":"UNK","message":"test message","platform":"sms","phone_number":"+84977684488"}
2023-03-21T14:54:18.440Z: {"player_token":"s2thiduo228176","country":"UNK","message":"test message","platform":"email","email":"duongthithanhtuyen1989@gmail.com"}
2023-03-21T14:54:18.581Z: {"player_token":"s2phioph186963","country":"TH","message":"test message","platform":"sms","phone_number":"+66811848008"}
2023-03-21T14:54:18.582Z: {"player_token":"s2punsim030576","country":"UNK","message":"test message","platform":"sms","phone_number":"+66854597688"}
2023-03-21T14:54:18.582Z: {"player_token":"s2erwewr908290","country":"UNK","message":"test message","platform":"email","email":"1252090611@gm.uit.edu.vn"}
2023-03-21T14:54:18.582Z: {"player_token":"s2faituy081010","country":"UNK","message":"test message","platform":"sms","phone_number":"+66994851448"}
2023-03-21T14:54:21.377Z: {"player_token":"s2phalai234294","country":"TH","message":"test message","platform":"sms","phone_number":"+841676361497"}
2023-03-21T14:54:21.377Z: {"player_token":"s2porsri533337","country":"UNK","message":"test message","platform":"sms","phone_number":"+66946967634"}
2023-03-21T14:54:21.377Z: {"player_token":"s2huylee980574","country":"UNK","message":"test message","platform":"email","email":"cakiem_273@yahoo.com"}
2023-03-21T14:54:21.378Z: {"player_token":"s2thacuu273965","country":"TH","message":"test message","platform":"sms","phone_number":"+84942121984"}
2023-03-21T14:54:21.378Z: {"player_token":"s2ytiyur754118","country":"TH","message":"test message","platform":"sms","phone_number":"INV"}
2023-03-21T14:54:21.378Z: {"player_token":"s2thigyy235531","country":"TH","message":"test message","platform":"email","email":"thienhu892@gmail.com"}
2023-03-21T14:54:22.121Z: {"player_token":"s2ngungu453276","country":"UNK","message":"test message","platform":"sms","phone_number":"+841889560723"}
2023-03-21T14:54:22.122Z: {"player_token":"s2ngongu215877","country":"UNK","message":"test message","platform":"sms","phone_number":"+84988892597"}
2023-03-21T14:54:22.122Z: {"player_token":"s2dfgdfg242672","country":"UNK","message":"test message","platform":"sms","phone_number":"INV"}
2023-03-21T14:54:22.123Z: {"player_token":"s2kawmee066393","country":"UNK","message":"test message","platform":"email","email":"kaweekan69@gmail.com"}
2023-03-21T14:54:22.123Z: {"player_token":"s2honvyy996658","country":"TH","message":"test message","platform":"sms","phone_number":"INV"}
2023-03-21T14:54:23.075Z: {"player_token":"s2kimvoo194238","country":"TH","message":"test message","platform":"sms","phone_number":"+841663339899"}
2023-03-21T14:54:23.936Z: {"player_token":"s2vanhoa101604","country":"TH","message":"test message","platform":"sms","phone_number":"+84935957090"}
2023-03-21T14:54:24.495Z: {"player_token":"s2hoangu517691","country":"UNK","message":"test message","platform":"email","email":"hoangnhan0179@gmail.com"}
2023-03-21T14:54:24.495Z: {"player_token":"s2trhrjr459306","country":"TH","message":"test message","platform":"sms","phone_number":"INV"}
2023-03-21T14:54:24.495Z: {"player_token":"s2satsan498646","country":"UNK","message":"test message","platform":"email","email":"tom_godza@yahoo.com"}
2023-03-21T14:54:24.495Z: {"player_token":"s2tuaphu206898","country":"UNK","message":"test message","platform":"sms","phone_number":"+841213334444"}
2023-03-21T14:54:24.496Z: {"player_token":"s2thajan575518","country":"UNK","message":"test message","platform":"sms","phone_number":"+66901087484"}
2023-03-21T14:54:24.618Z: {"player_token":"s2ertert481432","country":"TH","message":"test message","platform":"sms","phone_number":"INV"}
2023-03-21T14:54:24.714Z: {"player_token":"s2cuotra457513","country":"UNK","message":"test message","platform":"sms","phone_number":"+841646546354"}
2023-03-21T14:54:24.714Z: {"player_token":"s2ngungu261857","country":"UNK","message":"test message","platform":"email","email":"c2traxanh150687@gmail.com"}
2023-03-21T14:54:24.804Z: {"player_token":"s2quanon252732","country":"UNK","message":"test message","platform":"sms","phone_number":"+84942749127"}
2023-03-21T14:54:24.936Z: {"player_token":"s2thatra099107","country":"UNK","message":"test message","platform":"sms","phone_number":"+84987500139"}
2023-03-21T14:54:25.123Z: {"player_token":"s2tarhgd300188","country":"UNK","message":"test message","platform":"email","email":"kokptibull@gmail.com"}
2023-03-21T14:54:25.124Z: {"player_token":"s2ngopha764275","country":"VN","message":"test message","platform":"email","email":"ngochai0224@gmail.com"}
2023-03-21T14:54:25.293Z: {"player_token":"s2sayjai853550","country":"TH","message":"test message","platform":"sms","phone_number":"+66954875262"}
2023-03-21T14:54:25.396Z: {"player_token":"s2tratra812565","country":"UNK","message":"test message","platform":"sms","phone_number":"+84988747787"}
2023-03-21T14:54:25.396Z: {"player_token":"s2manvuu531010","country":"UNK","message":"test message","platform":"sms","phone_number":"+84859487198"}
2023-03-21T14:54:25.477Z: {"player_token":"s2duybui435369","country":"TH","message":"test message","platform":"sms","phone_number":"+84979247304"}
2023-03-21T14:54:25.478Z: {"player_token":"s2penkin773167","country":"UNK","message":"test message","platform":"sms","phone_number":"+66844504835"}
2023-03-21T14:54:25.478Z: {"player_token":"s2viivii896872","country":"UNK","message":"test message","platform":"email","email":"caovian65@gmail.com"}
2023-03-21T14:54:25.609Z: {"player_token":"s2ngovan363443","country":"TH","message":"test message","platform":"email","email":"nhattuanvanngoc@gmail.com"}
2023-03-21T14:54:25.720Z: {"player_token":"s2phiphi164108","country":"UNK","message":"test message","platform":"sms","phone_number":"+84978621126"}
2023-03-21T14:54:25.827Z: {"player_token":"s2ngungu813049","country":"UNK","message":"test message","platform":"sms","phone_number":"+84933918053"}
2023-03-21T14:54:25.942Z: {"player_token":"s2sarsah265873","country":"TH","message":"test message","platform":"email","email":"chawatluckito123456@gmail.com"}
2023-03-21T14:54:25.943Z: {"player_token":"s2poosin028482","country":"TH","message":"test message","platform":"email","email":"poontara_sintakoon@yahoo.co.th"}
2023-03-21T14:54:25.943Z: {"player_token":"s2natpig853723","country":"UNK","message":"test message","platform":"sms","phone_number":"+66867293546"}
2023-03-21T14:54:26.120Z: {"player_token":"s2remboo176952","country":"UNK","message":"test message","platform":"email","email":"help987@outlook.co.th"}
2023-03-21T14:54:26.216Z: {"player_token":"s2tanyon922389","country":"UNK","message":"test message","platform":"sms","phone_number":"+66897236109"}
2023-03-21T14:54:27.901Z: {"player_token":"s2thavuu572674","country":"UNK","message":"test message","platform":"sms","phone_number":"+84948200668"}
2023-03-21T14:54:27.902Z: {"player_token":"s2khokho026199","country":"UNK","message":"test message","platform":"sms","phone_number":"+84987295802"}
2023-03-21T14:54:28.034Z: {"player_token":"s2thosrl118434","country":"UNK","message":"test message","platform":"sms","phone_number":"+66994756976"}
2023-03-21T14:54:28.035Z: {"player_token":"s2vanngu365879","country":"TH","message":"test message","platform":"email","email":"swquang@gmail.com"}
2023-03-21T14:54:28.035Z: {"player_token":"s2giango283062","country":"VN","message":"test message","platform":"sms","phone_number":"+841202367814"}
2023-03-21T14:54:28.195Z: {"player_token":"s2baahoo228675","country":"TH","message":"test message","platform":"sms","phone_number":"+841644181179"}
2023-03-21T14:54:28.195Z: {"player_token":"s2tuoduo530700","country":"UNK","message":"test message","platform":"sms","phone_number":"+84978108090"}
2023-03-21T14:57:14.814Z: Listening on port 8041
2023-03-21T14:57:14.828Z: Successfully connected to {localhost}
2023-03-21T14:57:16.796Z: Successfully connected to {data-platform.ckghnqcooulj.ap-southeast-1.redshift.amazonaws.com}
2023-03-21T14:57:17.108Z: {"player_token":"s2ducngu777338","country":"TH","message":"test message","platform":"sms","phone_number":"+84909123789"}
2023-03-21T14:57:17.137Z: {"player_token":"s2ccclll467230","country":"UNK","message":"test message","platform":"sms","phone_number":"INV"}
2023-03-21T14:57:17.138Z: {"player_token":"s2picpan860809","country":"UNK","message":"test message","platform":"email","email":"pichetwork@gmail.com"}
2023-03-21T14:57:17.138Z: {"player_token":"s2huytra590111","country":"UNK","message":"test message","platform":"sms","phone_number":"+84937567426"}
2023-03-21T14:57:17.139Z: {"player_token":"s2dactru331620","country":"UNK","message":"test message","platform":"sms","phone_number":"+84967232361"}
2023-03-21T14:57:17.185Z: {"player_token":"s2thelee240915","country":"UNK","message":"test message","platform":"sms","phone_number":"+84976186994"}
2023-03-21T14:57:17.312Z: {"player_token":"s2pejjae163073","country":"UNK","message":"test message","platform":"sms","phone_number":"+66859533395"}
2023-03-21T14:57:17.313Z: {"player_token":"s2ducpha653500","country":"UNK","message":"test message","platform":"email","email":"tetuongluugukokhoc@yahoo.com"}
2023-03-21T14:57:17.313Z: {"player_token":"s2sumjon810849","country":"UNK","message":"test message","platform":"sms","phone_number":"+66818737338"}
2023-03-21T14:57:17.313Z: {"player_token":"s2amocha456181","country":"UNK","message":"test message","platform":"email","email":"amonchai_anl@hotmail.com"}
2023-03-21T14:57:17.331Z: {"player_token":"s2duyngu550403","country":"UNK","message":"test message","platform":"sms","phone_number":"+841697218291"}
2023-03-21T14:57:17.332Z: {"player_token":"s2tacsir206513","country":"UNK","message":"test message","platform":"email","email":"natt-o@hotmail.com"}
2023-03-21T14:57:17.332Z: {"player_token":"s2pilnoi275697","country":"UNK","message":"test message","platform":"sms","phone_number":"+66815958605"}
2023-03-21T14:57:17.519Z: {"player_token":"s2thalee886715","country":"UNK","message":"test message","platform":"sms","phone_number":"+84948556969"}
2023-03-21T14:57:17.519Z: {"player_token":"s2kripon178558","country":"UNK","message":"test message","platform":"email","email":"nice.pretty0720@gmail.com"}
2023-03-21T14:57:17.520Z: {"player_token":"s2tanrac121847","country":"UNK","message":"test message","platform":"sms","phone_number":"+66985059393"}
2023-03-21T14:57:18.539Z: {"player_token":"s2huungu702756","country":"UNK","message":"test message","platform":"sms","phone_number":"+841692211213"}
2023-03-21T14:57:18.539Z: {"player_token":"s2chivon003337","country":"UNK","message":"test message","platform":"sms","phone_number":"+84946450160"}
2023-03-21T14:57:18.621Z: {"player_token":"s2thilee110100","country":"UNK","message":"test message","platform":"sms","phone_number":"+66888409944"}
2023-03-21T14:57:18.622Z: {"player_token":"s2manngu970753","country":"VN","message":"test message","platform":"email","email":"manhdat.hoahoa@gmail.com"}
2023-03-21T14:57:18.699Z: {"player_token":"s2patsuc245473","country":"TH","message":"test message","platform":"sms","phone_number":"+66824909900"}
2023-03-21T14:57:18.699Z: {"player_token":"s2quatra008348","country":"UNK","message":"test message","platform":"email","email":"tranquangchung270794@gmail.com"}
2023-03-21T14:57:18.780Z: {"player_token":"s2rawnua958082","country":"UNK","message":"test message","platform":"sms","phone_number":"+66913091120"}
2023-03-21T14:57:18.781Z: {"player_token":"s2mischo927269","country":"UNK","message":"test message","platform":"sms","phone_number":"+66909977724"}
2023-03-21T14:57:18.866Z: {"player_token":"s2anhpha013289","country":"TH","message":"test message","platform":"email","email":"awidjij@gmail.com"}
2023-03-21T14:57:18.866Z: {"player_token":"s2nirbua136259","country":"TH","message":"test message","platform":"email","email":"Ppsetmet@gmail.com"}
2023-03-21T14:57:18.945Z: {"player_token":"s2linngo151089","country":"TH","message":"test message","platform":"sms","phone_number":"+841235841917"}
2023-03-21T14:57:20.274Z: {"player_token":"s2ngungu191810","country":"TH","message":"test message","platform":"sms","phone_number":"+84905638885"}
2023-03-21T14:57:20.274Z: {"player_token":"s2vietra663180","country":"UNK","message":"test message","platform":"sms","phone_number":"+84985380320"}
2023-03-21T14:57:20.274Z: {"player_token":"s2athsri106993","country":"TH","message":"test message","platform":"email","email":"e-ice-ba@hotmail.com"}
2023-03-21T14:57:20.275Z: {"player_token":"s2bennop679138","country":"VN","message":"test message","platform":"sms","phone_number":"+66952260989"}
2023-03-21T14:57:20.275Z: {"player_token":"s2vanhoa095477","country":"UNK","message":"test message","platform":"sms","phone_number":"+841233451666"}
2023-03-21T14:57:20.275Z: {"player_token":"s2chakom063612","country":"UNK","message":"test message","platform":"email","email":"pokermanthailand@gmail.com"}
2023-03-21T14:57:20.352Z: {"player_token":"s2sasnun143217","country":"UNK","message":"test message","platform":"sms","phone_number":"+66931929993"}
2023-03-21T14:57:20.352Z: {"player_token":"s2chasos385807","country":"VN","message":"test message","platform":"sms","phone_number":"+66878371268"}
2023-03-21T14:57:20.352Z: {"player_token":"s2thingu652639","country":"UNK","message":"test message","platform":"email","email":"thulinh686@gmail.com"}
2023-03-21T14:57:21.827Z: {"player_token":"s2baohoo901114","country":"TH","message":"test message","platform":"sms","phone_number":"+841683763568"}
2023-03-21T14:57:21.828Z: {"player_token":"s2kwupim588532","country":"TH","message":"test message","platform":"email","email":"kp_aristoton@hotmail.com"}
2023-03-21T14:57:21.828Z: {"player_token":"s2supnga663491","country":"UNK","message":"test message","platform":"sms","phone_number":"+66912092202"}
2023-03-21T14:57:21.828Z: {"player_token":"s2qaiqai825072","country":"UNK","message":"test message","platform":"sms","phone_number":"INV"}
2023-03-21T14:57:21.828Z: {"player_token":"s2hoangu096181","country":"UNK","message":"test message","platform":"email","email":"nguyenvu19832001@yahoo.com"}
2023-03-21T14:57:21.828Z: {"player_token":"s2pitsea049818","country":"UNK","message":"test message","platform":"sms","phone_number":"+66922018378"}
2023-03-21T14:57:21.828Z: {"player_token":"s2atijai146091","country":"UNK","message":"test message","platform":"sms","phone_number":"+66843664543"}
2023-03-21T14:57:21.909Z: {"player_token":"s2hoatra821023","country":"UNK","message":"test message","platform":"sms","phone_number":"+841674701173"}
2023-03-21T14:57:21.909Z: {"player_token":"s2donltt725479","country":"UNK","message":"test message","platform":"sms","phone_number":"+84963388663"}
2023-03-21T14:57:22.067Z: {"player_token":"s2thiduo228176","country":"UNK","message":"test message","platform":"email","email":"duongthithanhtuyen1989@gmail.com"}
2023-03-21T14:57:22.067Z: {"player_token":"s2honngu713085","country":"UNK","message":"test message","platform":"sms","phone_number":"+84977684488"}
2023-03-21T14:57:22.067Z: {"player_token":"s2faituy081010","country":"UNK","message":"test message","platform":"sms","phone_number":"+66994851448"}
2023-03-21T14:57:22.146Z: {"player_token":"s2erwewr908290","country":"UNK","message":"test message","platform":"email","email":"1252090611@gm.uit.edu.vn"}
2023-03-21T14:57:22.147Z: {"player_token":"s2phioph186963","country":"TH","message":"test message","platform":"sms","phone_number":"+66811848008"}
2023-03-21T14:57:22.291Z: {"player_token":"s2punsim030576","country":"UNK","message":"test message","platform":"sms","phone_number":"+66854597688"}
2023-03-21T14:57:22.872Z: {"player_token":"s2ducvoo817667","country":"UNK","message":"test message","platform":"sms","phone_number":"+841629850900"}
2023-03-21T14:57:22.962Z: {"player_token":"s2ngotra187252","country":"UNK","message":"test message","platform":"email","email":"ngocchien619@gmail.com"}
2023-03-21T14:57:22.962Z: {"player_token":"s2nutnet255313","country":"AU","message":"test message","platform":"email","email":"monoinlove@hotmail.com"}
2023-03-21T14:57:22.962Z: {"player_token":"s2dfgdfg242672","country":"UNK","message":"test message","platform":"sms","phone_number":"INV"}
2023-03-21T14:57:23.402Z: {"player_token":"s2porsri533337","country":"UNK","message":"test message","platform":"sms","phone_number":"+66946967634"}
2023-03-21T14:57:23.402Z: {"player_token":"s2ngongu215877","country":"UNK","message":"test message","platform":"sms","phone_number":"+84988892597"}
2023-03-21T14:57:23.481Z: {"player_token":"s2kawmee066393","country":"UNK","message":"test message","platform":"email","email":"kaweekan69@gmail.com"}
2023-03-21T14:57:23.651Z: {"player_token":"s2honvyy996658","country":"TH","message":"test message","platform":"sms","phone_number":"INV"}
2023-03-21T14:57:24.506Z: {"player_token":"s2huylee980574","country":"UNK","message":"test message","platform":"email","email":"cakiem_273@yahoo.com"}
2023-03-21T14:57:24.590Z: {"player_token":"s2thigyy235531","country":"TH","message":"test message","platform":"email","email":"thienhu892@gmail.com"}
2023-03-21T14:57:24.590Z: {"player_token":"s2phalai234294","country":"TH","message":"test message","platform":"sms","phone_number":"+841676361497"}
2023-03-21T14:57:24.590Z: {"player_token":"s2thacuu273965","country":"TH","message":"test message","platform":"sms","phone_number":"+84942121984"}
2023-03-21T14:57:24.933Z: {"player_token":"s2ytiyur754118","country":"TH","message":"test message","platform":"sms","phone_number":"INV"}
2023-03-21T14:57:25.025Z: {"player_token":"s2hoangu517691","country":"UNK","message":"test message","platform":"email","email":"hoangnhan0179@gmail.com"}
2023-03-21T14:57:25.025Z: {"player_token":"s2trhrjr459306","country":"TH","message":"test message","platform":"sms","phone_number":"INV"}
2023-03-21T14:57:25.025Z: {"player_token":"s2tuaphu206898","country":"UNK","message":"test message","platform":"sms","phone_number":"+841213334444"}
2023-03-21T14:57:25.139Z: {"player_token":"s2ngungu453276","country":"UNK","message":"test message","platform":"sms","phone_number":"+841889560723"}
2023-03-21T14:57:25.219Z: {"player_token":"s2kimvoo194238","country":"TH","message":"test message","platform":"sms","phone_number":"+841663339899"}
2023-03-21T14:57:25.219Z: {"player_token":"s2vanhoa101604","country":"TH","message":"test message","platform":"sms","phone_number":"+84935957090"}
2023-03-21T14:57:25.219Z: {"player_token":"s2ertert481432","country":"TH","message":"test message","platform":"sms","phone_number":"INV"}
2023-03-21T14:57:25.220Z: {"player_token":"s2cuotra457513","country":"UNK","message":"test message","platform":"sms","phone_number":"+841646546354"}
2023-03-21T14:57:25.332Z: {"player_token":"s2ngungu261857","country":"UNK","message":"test message","platform":"email","email":"c2traxanh150687@gmail.com"}
2023-03-21T14:57:25.408Z: {"player_token":"s2quanon252732","country":"UNK","message":"test message","platform":"sms","phone_number":"+84942749127"}
2023-03-21T14:57:25.575Z: {"player_token":"s2thatra099107","country":"UNK","message":"test message","platform":"sms","phone_number":"+84987500139"}
2023-03-21T14:57:25.575Z: {"player_token":"s2manvuu531010","country":"UNK","message":"test message","platform":"sms","phone_number":"+84859487198"}
2023-03-21T14:57:25.576Z: {"player_token":"s2thajan575518","country":"UNK","message":"test message","platform":"sms","phone_number":"+66901087484"}
2023-03-21T14:57:25.576Z: {"player_token":"s2satsan498646","country":"UNK","message":"test message","platform":"email","email":"tom_godza@yahoo.com"}
2023-03-21T14:57:25.576Z: {"player_token":"s2viivii896872","country":"UNK","message":"test message","platform":"email","email":"caovian65@gmail.com"}
2023-03-21T14:57:25.646Z: {"player_token":"s2ngopha764275","country":"VN","message":"test message","platform":"email","email":"ngochai0224@gmail.com"}
2023-03-21T14:57:25.710Z: {"player_token":"s2tarhgd300188","country":"UNK","message":"test message","platform":"email","email":"kokptibull@gmail.com"}
2023-03-21T14:57:25.710Z: {"player_token":"s2tratra812565","country":"UNK","message":"test message","platform":"sms","phone_number":"+84988747787"}
2023-03-21T14:57:25.710Z: {"player_token":"s2duybui435369","country":"TH","message":"test message","platform":"sms","phone_number":"+84979247304"}
2023-03-21T14:57:25.711Z: {"player_token":"s2sayjai853550","country":"TH","message":"test message","platform":"sms","phone_number":"+66954875262"}
2023-03-21T14:57:25.857Z: {"player_token":"s2penkin773167","country":"UNK","message":"test message","platform":"sms","phone_number":"+66844504835"}
2023-03-21T14:57:25.857Z: {"player_token":"s2ngovan363443","country":"TH","message":"test message","platform":"email","email":"nhattuanvanngoc@gmail.com"}
2023-03-21T14:57:26.021Z: {"player_token":"s2natpig853723","country":"UNK","message":"test message","platform":"sms","phone_number":"+66867293546"}
2023-03-21T14:57:26.021Z: {"player_token":"s2phiphi164108","country":"UNK","message":"test message","platform":"sms","phone_number":"+84978621126"}
2023-03-21T14:57:26.021Z: {"player_token":"s2poosin028482","country":"TH","message":"test message","platform":"email","email":"poontara_sintakoon@yahoo.co.th"}
2023-03-21T14:57:26.126Z: {"player_token":"s2sarsah265873","country":"TH","message":"test message","platform":"email","email":"chawatluckito123456@gmail.com"}
2023-03-21T14:57:26.126Z: {"player_token":"s2ngungu813049","country":"UNK","message":"test message","platform":"sms","phone_number":"+84933918053"}
2023-03-21T14:57:26.421Z: {"player_token":"s2tanyon922389","country":"UNK","message":"test message","platform":"sms","phone_number":"+66897236109"}
2023-03-21T14:57:26.421Z: {"player_token":"s2remboo176952","country":"UNK","message":"test message","platform":"email","email":"help987@outlook.co.th"}
2023-03-21T14:57:26.669Z: {"player_token":"s2khokho026199","country":"UNK","message":"test message","platform":"sms","phone_number":"+84987295802"}
2023-03-21T14:57:26.749Z: {"player_token":"s2thosrl118434","country":"UNK","message":"test message","platform":"sms","phone_number":"+66994756976"}
2023-03-21T14:57:26.750Z: {"player_token":"s2thavuu572674","country":"UNK","message":"test message","platform":"sms","phone_number":"+84948200668"}
2023-03-21T14:57:26.750Z: {"player_token":"s2vanngu365879","country":"TH","message":"test message","platform":"email","email":"swquang@gmail.com"}
2023-03-21T14:57:27.025Z: {"player_token":"s2baahoo228675","country":"TH","message":"test message","platform":"sms","phone_number":"+841644181179"}
2023-03-21T14:57:27.107Z: {"player_token":"s2giango283062","country":"VN","message":"test message","platform":"sms","phone_number":"+841202367814"}
2023-03-21T14:57:27.107Z: {"player_token":"s2tuoduo530700","country":"UNK","message":"test message","platform":"sms","phone_number":"+84978108090"}
2023-03-21T14:58:20.198Z: Listening on port 8041
2023-03-21T14:58:20.216Z: Successfully connected to {localhost}
2023-03-21T14:58:21.623Z: Successfully connected to {data-platform.ckghnqcooulj.ap-southeast-1.redshift.amazonaws.com}
2023-03-21T14:58:31.092Z: Listening on port 8041
2023-03-21T14:58:31.112Z: Successfully connected to {localhost}
2023-03-21T14:58:32.422Z: Successfully connected to {data-platform.ckghnqcooulj.ap-southeast-1.redshift.amazonaws.com}
2023-03-21T14:58:32.588Z: {"player_token":"s2ducpha653500","country":"UNK","message":"test message","platform":"email","email":"tetuongluugukokhoc@yahoo.com"}
2023-03-21T14:58:32.676Z: {"player_token":"s2dactru331620","country":"UNK","message":"test message","platform":"sms","phone_number":"+84967232361"}
2023-03-21T14:58:32.757Z: {"player_token":"s2picpan860809","country":"UNK","message":"test message","platform":"email","email":"pichetwork@gmail.com"}
2023-03-21T14:58:32.758Z: {"player_token":"s2pejjae163073","country":"UNK","message":"test message","platform":"sms","phone_number":"+66859533395"}
2023-03-21T14:58:32.758Z: {"player_token":"s2ducngu777338","country":"TH","message":"test message","platform":"sms","phone_number":"+84909123789"}
2023-03-21T14:58:32.759Z: {"player_token":"s2ccclll467230","country":"UNK","message":"test message","platform":"sms","phone_number":"INV"}
2023-03-21T14:58:32.759Z: {"player_token":"s2sumjon810849","country":"UNK","message":"test message","platform":"sms","phone_number":"+66818737338"}
2023-03-21T14:58:32.760Z: {"player_token":"s2thelee240915","country":"UNK","message":"test message","platform":"sms","phone_number":"+84976186994"}
2023-03-21T14:58:32.833Z: {"player_token":"s2amocha456181","country":"UNK","message":"test message","platform":"email","email":"amonchai_anl@hotmail.com"}
2023-03-21T14:58:32.833Z: {"player_token":"s2huytra590111","country":"UNK","message":"test message","platform":"sms","phone_number":"+84937567426"}
2023-03-21T14:58:32.912Z: {"player_token":"s2tacsir206513","country":"UNK","message":"test message","platform":"email","email":"natt-o@hotmail.com"}
2023-03-21T14:58:32.913Z: {"player_token":"s2duyngu550403","country":"UNK","message":"test message","platform":"sms","phone_number":"+841697218291"}
2023-03-21T14:58:32.913Z: {"player_token":"s2huungu702756","country":"UNK","message":"test message","platform":"sms","phone_number":"+841692211213"}
2023-03-21T14:58:32.914Z: {"player_token":"s2pilnoi275697","country":"UNK","message":"test message","platform":"sms","phone_number":"+66815958605"}
2023-03-21T14:58:32.992Z: {"player_token":"s2patsuc245473","country":"TH","message":"test message","platform":"sms","phone_number":"+66824909900"}
2023-03-21T14:58:32.993Z: {"player_token":"s2kripon178558","country":"UNK","message":"test message","platform":"email","email":"nice.pretty0720@gmail.com"}
2023-03-21T14:58:32.993Z: {"player_token":"s2manngu970753","country":"VN","message":"test message","platform":"email","email":"manhdat.hoahoa@gmail.com"}
2023-03-21T14:58:33.038Z: {"player_token":"s2tanrac121847","country":"UNK","message":"test message","platform":"sms","phone_number":"+66985059393"}
2023-03-21T14:58:33.038Z: {"player_token":"s2chivon003337","country":"UNK","message":"test message","platform":"sms","phone_number":"+84946450160"}
2023-03-21T14:58:33.039Z: {"player_token":"s2quatra008348","country":"UNK","message":"test message","platform":"email","email":"tranquangchung270794@gmail.com"}
2023-03-21T14:58:33.039Z: {"player_token":"s2athsri106993","country":"TH","message":"test message","platform":"email","email":"e-ice-ba@hotmail.com"}
2023-03-21T14:58:33.040Z: {"player_token":"s2thilee110100","country":"UNK","message":"test message","platform":"sms","phone_number":"+66888409944"}
2023-03-21T14:58:33.070Z: {"player_token":"s2thalee886715","country":"UNK","message":"test message","platform":"sms","phone_number":"+84948556969"}
2023-03-21T14:58:33.157Z: {"player_token":"s2mischo927269","country":"UNK","message":"test message","platform":"sms","phone_number":"+66909977724"}
2023-03-21T14:58:33.188Z: {"player_token":"s2chasos385807","country":"VN","message":"test message","platform":"sms","phone_number":"+66878371268"}
2023-03-21T14:58:33.189Z: {"player_token":"s2nirbua136259","country":"TH","message":"test message","platform":"email","email":"Ppsetmet@gmail.com"}
2023-03-21T14:58:33.189Z: {"player_token":"s2anhpha013289","country":"TH","message":"test message","platform":"email","email":"awidjij@gmail.com"}
2023-03-21T14:58:33.189Z: {"player_token":"s2vietra663180","country":"UNK","message":"test message","platform":"sms","phone_number":"+84985380320"}
2023-03-21T14:58:33.190Z: {"player_token":"s2rawnua958082","country":"UNK","message":"test message","platform":"sms","phone_number":"+66913091120"}
2023-03-21T14:58:33.190Z: {"player_token":"s2linngo151089","country":"TH","message":"test message","platform":"sms","phone_number":"+841235841917"}
2023-03-21T14:58:33.317Z: {"player_token":"s2sasnun143217","country":"UNK","message":"test message","platform":"sms","phone_number":"+66931929993"}
2023-03-21T14:58:33.318Z: {"player_token":"s2vanhoa095477","country":"UNK","message":"test message","platform":"sms","phone_number":"+841233451666"}
2023-03-21T14:58:33.396Z: {"player_token":"s2qaiqai825072","country":"UNK","message":"test message","platform":"sms","phone_number":"INV"}
2023-03-21T14:58:33.397Z: {"player_token":"s2supnga663491","country":"UNK","message":"test message","platform":"sms","phone_number":"+66912092202"}
2023-03-21T14:58:33.518Z: {"player_token":"s2kwupim588532","country":"TH","message":"test message","platform":"email","email":"kp_aristoton@hotmail.com"}
2023-03-21T14:58:33.596Z: {"player_token":"s2hoangu096181","country":"UNK","message":"test message","platform":"email","email":"nguyenvu19832001@yahoo.com"}
2023-03-21T14:58:33.676Z: {"player_token":"s2baohoo901114","country":"TH","message":"test message","platform":"sms","phone_number":"+841683763568"}
2023-03-21T14:58:33.677Z: {"player_token":"s2pitsea049818","country":"UNK","message":"test message","platform":"sms","phone_number":"+66922018378"}
2023-03-21T14:58:33.837Z: {"player_token":"s2atijai146091","country":"UNK","message":"test message","platform":"sms","phone_number":"+66843664543"}
2023-03-21T14:58:33.916Z: {"player_token":"s2ngotra187252","country":"UNK","message":"test message","platform":"email","email":"ngocchien619@gmail.com"}
2023-03-21T14:58:33.916Z: {"player_token":"s2nutnet255313","country":"AU","message":"test message","platform":"email","email":"monoinlove@hotmail.com"}
2023-03-21T14:58:34.039Z: {"player_token":"s2ducvoo817667","country":"UNK","message":"test message","platform":"sms","phone_number":"+841629850900"}
2023-03-21T14:58:34.435Z: {"player_token":"s2faituy081010","country":"UNK","message":"test message","platform":"sms","phone_number":"+66994851448"}
2023-03-21T14:58:34.568Z: {"player_token":"s2honngu713085","country":"UNK","message":"test message","platform":"sms","phone_number":"+84977684488"}
2023-03-21T14:58:34.760Z: {"player_token":"s2hoatra821023","country":"UNK","message":"test message","platform":"sms","phone_number":"+841674701173"}
2023-03-21T14:58:34.760Z: {"player_token":"s2ngungu191810","country":"TH","message":"test message","platform":"sms","phone_number":"+84905638885"}
2023-03-21T14:58:34.760Z: {"player_token":"s2thiduo228176","country":"UNK","message":"test message","platform":"email","email":"duongthithanhtuyen1989@gmail.com"}
2023-03-21T14:58:34.760Z: {"player_token":"s2bennop679138","country":"VN","message":"test message","platform":"sms","phone_number":"+66952260989"}
2023-03-21T14:58:34.760Z: {"player_token":"s2chakom063612","country":"UNK","message":"test message","platform":"email","email":"pokermanthailand@gmail.com"}
2023-03-21T14:58:34.808Z: {"player_token":"s2thingu652639","country":"UNK","message":"test message","platform":"email","email":"thulinh686@gmail.com"}
2023-03-21T14:58:34.887Z: {"player_token":"s2erwewr908290","country":"UNK","message":"test message","platform":"email","email":"1252090611@gm.uit.edu.vn"}
2023-03-21T14:58:34.887Z: {"player_token":"s2phioph186963","country":"TH","message":"test message","platform":"sms","phone_number":"+66811848008"}
2023-03-21T14:58:34.968Z: {"player_token":"s2punsim030576","country":"UNK","message":"test message","platform":"sms","phone_number":"+66854597688"}
2023-03-21T14:58:34.969Z: {"player_token":"s2dfgdfg242672","country":"UNK","message":"test message","platform":"sms","phone_number":"INV"}
2023-03-21T14:58:35.047Z: {"player_token":"s2donltt725479","country":"UNK","message":"test message","platform":"sms","phone_number":"+84963388663"}
2023-03-21T14:58:35.287Z: {"player_token":"s2kawmee066393","country":"UNK","message":"test message","platform":"email","email":"kaweekan69@gmail.com"}
2023-03-21T14:58:36.308Z: {"player_token":"s2porsri533337","country":"UNK","message":"test message","platform":"sms","phone_number":"+66946967634"}
2023-03-21T14:58:36.389Z: {"player_token":"s2huylee980574","country":"UNK","message":"test message","platform":"email","email":"cakiem_273@yahoo.com"}
2023-03-21T14:58:36.389Z: {"player_token":"s2ngongu215877","country":"UNK","message":"test message","platform":"sms","phone_number":"+84988892597"}
2023-03-21T14:58:36.389Z: {"player_token":"s2thigyy235531","country":"TH","message":"test message","platform":"email","email":"thienhu892@gmail.com"}
2023-03-21T14:58:36.467Z: {"player_token":"s2phalai234294","country":"TH","message":"test message","platform":"sms","phone_number":"+841676361497"}
2023-03-21T14:58:36.468Z: {"player_token":"s2ngungu453276","country":"UNK","message":"test message","platform":"sms","phone_number":"+841889560723"}
2023-03-21T14:58:36.548Z: {"player_token":"s2thacuu273965","country":"TH","message":"test message","platform":"sms","phone_number":"+84942121984"}
2023-03-21T14:58:36.548Z: {"player_token":"s2ytiyur754118","country":"TH","message":"test message","platform":"sms","phone_number":"INV"}
2023-03-21T14:58:36.628Z: {"player_token":"s2honvyy996658","country":"TH","message":"test message","platform":"sms","phone_number":"INV"}
2023-03-21T14:58:36.782Z: {"player_token":"s2kimvoo194238","country":"TH","message":"test message","platform":"sms","phone_number":"+841663339899"}
2023-03-21T14:58:36.860Z: {"player_token":"s2vanhoa101604","country":"TH","message":"test message","platform":"sms","phone_number":"+84935957090"}
2023-03-21T14:58:36.947Z: {"player_token":"s2hoangu517691","country":"UNK","message":"test message","platform":"email","email":"hoangnhan0179@gmail.com"}
2023-03-21T14:58:37.030Z: {"player_token":"s2ertert481432","country":"TH","message":"test message","platform":"sms","phone_number":"INV"}
2023-03-21T14:58:37.179Z: {"player_token":"s2cuotra457513","country":"UNK","message":"test message","platform":"sms","phone_number":"+841646546354"}
2023-03-21T14:58:37.267Z: {"player_token":"s2ngungu261857","country":"UNK","message":"test message","platform":"email","email":"c2traxanh150687@gmail.com"}
2023-03-21T14:58:37.474Z: {"player_token":"s2trhrjr459306","country":"TH","message":"test message","platform":"sms","phone_number":"INV"}
2023-03-21T14:58:37.713Z: {"player_token":"s2quanon252732","country":"UNK","message":"test message","platform":"sms","phone_number":"+84942749127"}
2023-03-21T14:58:38.028Z: {"player_token":"s2manvuu531010","country":"UNK","message":"test message","platform":"sms","phone_number":"+84859487198"}
2023-03-21T14:58:38.104Z: {"player_token":"s2thatra099107","country":"UNK","message":"test message","platform":"sms","phone_number":"+84987500139"}
2023-03-21T14:58:38.104Z: {"player_token":"s2thajan575518","country":"UNK","message":"test message","platform":"sms","phone_number":"+66901087484"}
2023-03-21T14:58:38.104Z: {"player_token":"s2viivii896872","country":"UNK","message":"test message","platform":"email","email":"caovian65@gmail.com"}
2023-03-21T14:58:38.104Z: {"player_token":"s2satsan498646","country":"UNK","message":"test message","platform":"email","email":"tom_godza@yahoo.com"}
2023-03-21T14:58:38.105Z: {"player_token":"s2tuaphu206898","country":"UNK","message":"test message","platform":"sms","phone_number":"+841213334444"}
2023-03-21T14:58:38.225Z: {"player_token":"s2poosin028482","country":"TH","message":"test message","platform":"email","email":"poontara_sintakoon@yahoo.co.th"}
2023-03-21T14:58:38.226Z: {"player_token":"s2phiphi164108","country":"UNK","message":"test message","platform":"sms","phone_number":"+84978621126"}
2023-03-21T14:58:38.226Z: {"player_token":"s2natpig853723","country":"UNK","message":"test message","platform":"sms","phone_number":"+66867293546"}
2023-03-21T14:58:38.226Z: {"player_token":"s2ngopha764275","country":"VN","message":"test message","platform":"email","email":"ngochai0224@gmail.com"}
2023-03-21T14:58:38.278Z: {"player_token":"s2sayjai853550","country":"TH","message":"test message","platform":"sms","phone_number":"+66954875262"}
2023-03-21T14:58:38.279Z: {"player_token":"s2tratra812565","country":"UNK","message":"test message","platform":"sms","phone_number":"+84988747787"}
2023-03-21T14:58:38.279Z: {"player_token":"s2tarhgd300188","country":"UNK","message":"test message","platform":"email","email":"kokptibull@gmail.com"}
2023-03-21T14:58:38.280Z: {"player_token":"s2duybui435369","country":"TH","message":"test message","platform":"sms","phone_number":"+84979247304"}
2023-03-21T14:58:38.359Z: {"player_token":"s2penkin773167","country":"UNK","message":"test message","platform":"sms","phone_number":"+66844504835"}
2023-03-21T14:58:38.360Z: {"player_token":"s2ngovan363443","country":"TH","message":"test message","platform":"email","email":"nhattuanvanngoc@gmail.com"}
2023-03-21T14:58:38.435Z: {"player_token":"s2ngungu813049","country":"UNK","message":"test message","platform":"sms","phone_number":"+84933918053"}
2023-03-21T14:58:38.436Z: {"player_token":"s2remboo176952","country":"UNK","message":"test message","platform":"email","email":"help987@outlook.co.th"}
2023-03-21T14:58:38.436Z: {"player_token":"s2sarsah265873","country":"TH","message":"test message","platform":"email","email":"chawatluckito123456@gmail.com"}
2023-03-21T14:58:38.591Z: {"player_token":"s2tanyon922389","country":"UNK","message":"test message","platform":"sms","phone_number":"+66897236109"}
2023-03-21T14:58:39.392Z: {"player_token":"s2thosrl118434","country":"UNK","message":"test message","platform":"sms","phone_number":"+66994756976"}
2023-03-21T14:58:39.393Z: {"player_token":"s2vanngu365879","country":"TH","message":"test message","platform":"email","email":"swquang@gmail.com"}
2023-03-21T14:58:39.483Z: {"player_token":"s2thavuu572674","country":"UNK","message":"test message","platform":"sms","phone_number":"+84948200668"}
2023-03-21T14:58:39.484Z: {"player_token":"s2khokho026199","country":"UNK","message":"test message","platform":"sms","phone_number":"+84987295802"}
2023-03-21T14:58:39.734Z: {"player_token":"s2baahoo228675","country":"TH","message":"test message","platform":"sms","phone_number":"+841644181179"}
2023-03-21T14:58:39.734Z: {"player_token":"s2giango283062","country":"VN","message":"test message","platform":"sms","phone_number":"+841202367814"}
2023-03-21T14:58:39.872Z: {"player_token":"s2tuoduo530700","country":"UNK","message":"test message","platform":"sms","phone_number":"+84978108090"}
2023-03-21T15:00:34.379Z: Listening on port 8041
2023-03-21T15:00:34.383Z: s2ccclll467230,UNK,test message,sms
2023-03-21T15:00:34.383Z: s2ducngu777338,TH,test message,sms
2023-03-21T15:00:34.384Z: s2thelee240915,UNK,test message,sms
2023-03-21T15:00:34.384Z: s2ducpha653500,UNK,test message,email
2023-03-21T15:00:34.384Z: s2picpan860809,UNK,test message,email
2023-03-21T15:00:34.384Z: s2pejjae163073,UNK,test message,sms
2023-03-21T15:00:34.385Z: s2huytra590111,UNK,test message,sms
2023-03-21T15:00:34.385Z: s2dactru331620,UNK,test message,sms
2023-03-21T15:00:34.386Z: s2sumjon810849,UNK,test message,sms
2023-03-21T15:00:34.386Z: s2amocha456181,UNK,test message,email
2023-03-21T15:00:34.386Z: s2tacsir206513,UNK,test message,email
2023-03-21T15:00:34.386Z: s2pilnoi275697,UNK,test message,sms
2023-03-21T15:00:34.386Z: s2huungu702756,UNK,test message,sms
2023-03-21T15:00:34.386Z: s2duyngu550403,UNK,test message,sms
2023-03-21T15:00:34.386Z: s2patsuc245473,TH,test message,sms
2023-03-21T15:00:34.386Z: s2manngu970753,VN,test message,email
2023-03-21T15:00:34.386Z: s2kripon178558,UNK,test message,email
2023-03-21T15:00:34.386Z: s2tanrac121847,UNK,test message,sms
2023-03-21T15:00:34.387Z: s2thalee886715,UNK,test message,sms
2023-03-21T15:00:34.387Z: s2thilee110100,UNK,test message,sms
2023-03-21T15:00:34.387Z: s2chivon003337,UNK,test message,sms
2023-03-21T15:00:34.387Z: s2quatra008348,UNK,test message,email
2023-03-21T15:00:34.387Z: s2athsri106993,TH,test message,email
2023-03-21T15:00:34.387Z: s2ngungu191810,TH,test message,sms
2023-03-21T15:00:34.387Z: s2vietra663180,UNK,test message,sms
2023-03-21T15:00:34.387Z: s2rawnua958082,UNK,test message,sms
2023-03-21T15:00:34.387Z: s2mischo927269,UNK,test message,sms
2023-03-21T15:00:34.387Z: s2anhpha013289,TH,test message,email
2023-03-21T15:00:34.387Z: s2nirbua136259,TH,test message,email
2023-03-21T15:00:34.387Z: s2chasos385807,VN,test message,sms
2023-03-21T15:00:34.387Z: s2linngo151089,TH,test message,sms
2023-03-21T15:00:34.387Z: s2sasnun143217,UNK,test message,sms
2023-03-21T15:00:34.387Z: s2vanhoa095477,UNK,test message,sms
2023-03-21T15:00:34.387Z: s2thingu652639,UNK,test message,email
2023-03-21T15:00:34.387Z: s2chakom063612,UNK,test message,email
2023-03-21T15:00:34.387Z: s2bennop679138,VN,test message,sms
2023-03-21T15:00:34.387Z: s2qaiqai825072,UNK,test message,sms
2023-03-21T15:00:34.387Z: s2supnga663491,UNK,test message,sms
2023-03-21T15:00:34.387Z: s2hoatra821023,UNK,test message,sms
2023-03-21T15:00:34.387Z: s2hoangu096181,UNK,test message,email
2023-03-21T15:00:34.387Z: s2kwupim588532,TH,test message,email
2023-03-21T15:00:34.388Z: s2pitsea049818,UNK,test message,sms
2023-03-21T15:00:34.388Z: s2baohoo901114,TH,test message,sms
2023-03-21T15:00:34.388Z: s2donltt725479,UNK,test message,sms
2023-03-21T15:00:34.388Z: s2atijai146091,UNK,test message,sms
2023-03-21T15:00:34.388Z: s2nutnet255313,AU,test message,email
2023-03-21T15:00:34.388Z: s2ngotra187252,UNK,test message,email
2023-03-21T15:00:34.388Z: s2ducvoo817667,UNK,test message,sms
2023-03-21T15:00:34.388Z: s2dfgdfg242672,UNK,test message,sms
2023-03-21T15:00:34.388Z: s2faituy081010,UNK,test message,sms
2023-03-21T15:00:34.388Z: s2honngu713085,UNK,test message,sms
2023-03-21T15:00:34.388Z: s2thiduo228176,UNK,test message,email
2023-03-21T15:00:34.388Z: s2erwewr908290,UNK,test message,email
2023-03-21T15:00:34.388Z: s2phioph186963,TH,test message,sms
2023-03-21T15:00:34.388Z: s2porsri533337,UNK,test message,sms
2023-03-21T15:00:34.388Z: s2punsim030576,UNK,test message,sms
2023-03-21T15:00:34.388Z: s2ngongu215877,UNK,test message,sms
2023-03-21T15:00:34.388Z: s2huylee980574,UNK,test message,email
2023-03-21T15:00:34.388Z: s2thigyy235531,TH,test message,email
2023-03-21T15:00:34.388Z: s2phalai234294,TH,test message,sms
2023-03-21T15:00:34.388Z: s2thacuu273965,TH,test message,sms
2023-03-21T15:00:34.388Z: s2ngungu453276,UNK,test message,sms
2023-03-21T15:00:34.388Z: s2ytiyur754118,TH,test message,sms
2023-03-21T15:00:34.388Z: s2kawmee066393,UNK,test message,email
2023-03-21T15:00:34.388Z: s2hoangu517691,UNK,test message,email
2023-03-21T15:00:34.388Z: s2trhrjr459306,TH,test message,sms
2023-03-21T15:00:34.388Z: s2honvyy996658,TH,test message,sms
2023-03-21T15:00:34.388Z: s2tuaphu206898,UNK,test message,sms
2023-03-21T15:00:34.388Z: s2manvuu531010,UNK,test message,sms
2023-03-21T15:00:34.388Z: s2viivii896872,UNK,test message,email
2023-03-21T15:00:34.388Z: s2satsan498646,UNK,test message,email
2023-03-21T15:00:34.388Z: s2thajan575518,UNK,test message,sms
2023-03-21T15:00:34.388Z: s2kimvoo194238,TH,test message,sms
2023-03-21T15:00:34.388Z: s2vanhoa101604,TH,test message,sms
2023-03-21T15:00:34.388Z: s2ertert481432,TH,test message,sms
2023-03-21T15:00:34.389Z: s2cuotra457513,UNK,test message,sms
2023-03-21T15:00:34.389Z: s2ngungu261857,UNK,test message,email
2023-03-21T15:00:34.389Z: s2poosin028482,TH,test message,email
2023-03-21T15:00:34.389Z: s2phiphi164108,UNK,test message,sms
2023-03-21T15:00:34.389Z: s2natpig853723,UNK,test message,sms
2023-03-21T15:00:34.389Z: s2quanon252732,UNK,test message,sms
2023-03-21T15:00:34.389Z: s2thatra099107,UNK,test message,sms
2023-03-21T15:00:34.389Z: s2ngopha764275,VN,test message,email
2023-03-21T15:00:34.389Z: s2tarhgd300188,UNK,test message,email
2023-03-21T15:00:34.389Z: s2sayjai853550,TH,test message,sms
2023-03-21T15:00:34.389Z: s2tratra812565,UNK,test message,sms
2023-03-21T15:00:34.389Z: s2duybui435369,TH,test message,sms
2023-03-21T15:00:34.389Z: s2penkin773167,UNK,test message,sms
2023-03-21T15:00:34.389Z: s2ngovan363443,TH,test message,email
2023-03-21T15:00:34.389Z: s2vanngu365879,TH,test message,email
2023-03-21T15:00:34.389Z: s2thavuu572674,UNK,test message,sms
2023-03-21T15:00:34.389Z: s2thosrl118434,UNK,test message,sms
2023-03-21T15:00:34.389Z: s2khokho026199,UNK,test message,sms
2023-03-21T15:00:34.389Z: s2ngungu813049,UNK,test message,sms
2023-03-21T15:00:34.389Z: s2sarsah265873,TH,test message,email
2023-03-21T15:00:34.389Z: s2remboo176952,UNK,test message,email
2023-03-21T15:00:34.389Z: s2baahoo228675,TH,test message,sms
2023-03-21T15:00:34.389Z: s2tanyon922389,UNK,test message,sms
2023-03-21T15:00:34.389Z: s2giango283062,VN,test message,sms
2023-03-21T15:00:34.389Z: s2tuoduo530700,UNK,test message,sms
2023-03-21T15:00:34.394Z: sending done
2023-03-21T15:00:34.396Z: Successfully connected to {localhost}
2023-03-21T15:00:36.405Z: Successfully connected to {data-platform.ckghnqcooulj.ap-southeast-1.redshift.amazonaws.com}
2023-03-21T15:00:36.681Z: {"player_token":"s2ducngu777338","country":"TH","message":"test message","platform":"sms","phone_number":"+84909123789"}
2023-03-21T15:00:36.682Z: {"player_token":"s2thelee240915","country":"UNK","message":"test message","platform":"sms","phone_number":"+84976186994"}
2023-03-21T15:00:36.683Z: {"player_token":"s2pejjae163073","country":"UNK","message":"test message","platform":"sms","phone_number":"+66859533395"}
2023-03-21T15:00:36.758Z: {"player_token":"s2picpan860809","country":"UNK","message":"test message","platform":"email","email":"pichetwork@gmail.com"}
2023-03-21T15:00:36.759Z: {"player_token":"s2ccclll467230","country":"UNK","message":"test message","platform":"sms","phone_number":"INV"}
2023-03-21T15:00:36.821Z: {"player_token":"s2amocha456181","country":"UNK","message":"test message","platform":"email","email":"amonchai_anl@hotmail.com"}
2023-03-21T15:00:36.822Z: {"player_token":"s2dactru331620","country":"UNK","message":"test message","platform":"sms","phone_number":"+84967232361"}
2023-03-21T15:00:36.822Z: {"player_token":"s2huytra590111","country":"UNK","message":"test message","platform":"sms","phone_number":"+84937567426"}
2023-03-21T15:00:36.823Z: {"player_token":"s2ducpha653500","country":"UNK","message":"test message","platform":"email","email":"tetuongluugukokhoc@yahoo.com"}
2023-03-21T15:00:36.837Z: {"player_token":"s2sumjon810849","country":"UNK","message":"test message","platform":"sms","phone_number":"+66818737338"}
2023-03-21T15:00:36.914Z: {"player_token":"s2tacsir206513","country":"UNK","message":"test message","platform":"email","email":"natt-o@hotmail.com"}
2023-03-21T15:00:36.915Z: {"player_token":"s2pilnoi275697","country":"UNK","message":"test message","platform":"sms","phone_number":"+66815958605"}
2023-03-21T15:00:36.957Z: {"player_token":"s2duyngu550403","country":"UNK","message":"test message","platform":"sms","phone_number":"+841697218291"}
2023-03-21T15:00:36.958Z: {"player_token":"s2huungu702756","country":"UNK","message":"test message","platform":"sms","phone_number":"+841692211213"}
2023-03-21T15:00:36.958Z: {"player_token":"s2patsuc245473","country":"TH","message":"test message","platform":"sms","phone_number":"+66824909900"}
2023-03-21T15:00:36.959Z: {"player_token":"s2tanrac121847","country":"UNK","message":"test message","platform":"sms","phone_number":"+66985059393"}
2023-03-21T15:00:36.959Z: {"player_token":"s2manngu970753","country":"VN","message":"test message","platform":"email","email":"manhdat.hoahoa@gmail.com"}
2023-03-21T15:00:36.994Z: {"player_token":"s2kripon178558","country":"UNK","message":"test message","platform":"email","email":"nice.pretty0720@gmail.com"}
2023-03-21T15:00:37.076Z: {"player_token":"s2thalee886715","country":"UNK","message":"test message","platform":"sms","phone_number":"+84948556969"}
2023-03-21T15:00:37.110Z: {"player_token":"s2chivon003337","country":"UNK","message":"test message","platform":"sms","phone_number":"+84946450160"}
2023-03-21T15:00:37.110Z: {"player_token":"s2thilee110100","country":"UNK","message":"test message","platform":"sms","phone_number":"+66888409944"}
2023-03-21T15:00:37.110Z: {"player_token":"s2vietra663180","country":"UNK","message":"test message","platform":"sms","phone_number":"+84985380320"}
2023-03-21T15:00:37.111Z: {"player_token":"s2athsri106993","country":"TH","message":"test message","platform":"email","email":"e-ice-ba@hotmail.com"}
2023-03-21T15:00:37.111Z: {"player_token":"s2quatra008348","country":"UNK","message":"test message","platform":"email","email":"tranquangchung270794@gmail.com"}
2023-03-21T15:00:37.155Z: {"player_token":"s2rawnua958082","country":"UNK","message":"test message","platform":"sms","phone_number":"+66913091120"}
2023-03-21T15:00:37.235Z: {"player_token":"s2mischo927269","country":"UNK","message":"test message","platform":"sms","phone_number":"+66909977724"}
2023-03-21T15:00:37.236Z: {"player_token":"s2chasos385807","country":"VN","message":"test message","platform":"sms","phone_number":"+66878371268"}
2023-03-21T15:00:37.236Z: {"player_token":"s2linngo151089","country":"TH","message":"test message","platform":"sms","phone_number":"+841235841917"}
2023-03-21T15:00:37.237Z: {"player_token":"s2anhpha013289","country":"TH","message":"test message","platform":"email","email":"awidjij@gmail.com"}
2023-03-21T15:00:37.237Z: {"player_token":"s2sasnun143217","country":"UNK","message":"test message","platform":"sms","phone_number":"+66931929993"}
2023-03-21T15:00:37.237Z: {"player_token":"s2nirbua136259","country":"TH","message":"test message","platform":"email","email":"Ppsetmet@gmail.com"}
2023-03-21T15:00:37.315Z: {"player_token":"s2vanhoa095477","country":"UNK","message":"test message","platform":"sms","phone_number":"+841233451666"}
2023-03-21T15:00:37.396Z: {"player_token":"s2qaiqai825072","country":"UNK","message":"test message","platform":"sms","phone_number":"INV"}
2023-03-21T15:00:37.475Z: {"player_token":"s2supnga663491","country":"UNK","message":"test message","platform":"sms","phone_number":"+66912092202"}
2023-03-21T15:00:37.476Z: {"player_token":"s2hoangu096181","country":"UNK","message":"test message","platform":"email","email":"nguyenvu19832001@yahoo.com"}
2023-03-21T15:00:37.555Z: {"player_token":"s2kwupim588532","country":"TH","message":"test message","platform":"email","email":"kp_aristoton@hotmail.com"}
2023-03-21T15:00:37.635Z: {"player_token":"s2pitsea049818","country":"UNK","message":"test message","platform":"sms","phone_number":"+66922018378"}
2023-03-21T15:00:37.719Z: {"player_token":"s2baohoo901114","country":"TH","message":"test message","platform":"sms","phone_number":"+841683763568"}
2023-03-21T15:00:37.800Z: {"player_token":"s2atijai146091","country":"UNK","message":"test message","platform":"sms","phone_number":"+66843664543"}
2023-03-21T15:00:37.875Z: {"player_token":"s2nutnet255313","country":"AU","message":"test message","platform":"email","email":"monoinlove@hotmail.com"}
2023-03-21T15:00:37.955Z: {"player_token":"s2ngotra187252","country":"UNK","message":"test message","platform":"email","email":"ngocchien619@gmail.com"}
2023-03-21T15:00:38.035Z: {"player_token":"s2ducvoo817667","country":"UNK","message":"test message","platform":"sms","phone_number":"+841629850900"}
2023-03-21T15:00:38.199Z: {"player_token":"s2faituy081010","country":"UNK","message":"test message","platform":"sms","phone_number":"+66994851448"}
2023-03-21T15:00:38.285Z: {"player_token":"s2honngu713085","country":"UNK","message":"test message","platform":"sms","phone_number":"+84977684488"}
2023-03-21T15:00:38.452Z: {"player_token":"s2thiduo228176","country":"UNK","message":"test message","platform":"email","email":"duongthithanhtuyen1989@gmail.com"}
2023-03-21T15:00:38.570Z: {"player_token":"s2erwewr908290","country":"UNK","message":"test message","platform":"email","email":"1252090611@gm.uit.edu.vn"}
2023-03-21T15:00:38.686Z: {"player_token":"s2phioph186963","country":"TH","message":"test message","platform":"sms","phone_number":"+66811848008"}
2023-03-21T15:00:38.805Z: {"player_token":"s2porsri533337","country":"UNK","message":"test message","platform":"sms","phone_number":"+66946967634"}
2023-03-21T15:00:38.923Z: {"player_token":"s2punsim030576","country":"UNK","message":"test message","platform":"sms","phone_number":"+66854597688"}
2023-03-21T15:00:39.042Z: {"player_token":"s2ngongu215877","country":"UNK","message":"test message","platform":"sms","phone_number":"+84988892597"}
2023-03-21T15:00:39.160Z: {"player_token":"s2huylee980574","country":"UNK","message":"test message","platform":"email","email":"cakiem_273@yahoo.com"}
2023-03-21T15:00:39.278Z: {"player_token":"s2thigyy235531","country":"TH","message":"test message","platform":"email","email":"thienhu892@gmail.com"}
2023-03-21T15:00:40.668Z: {"player_token":"s2ngungu191810","country":"TH","message":"test message","platform":"sms","phone_number":"+84905638885"}
2023-03-21T15:00:41.090Z: {"player_token":"s2donltt725479","country":"UNK","message":"test message","platform":"sms","phone_number":"+84963388663"}
2023-03-21T15:00:41.404Z: {"player_token":"s2hoatra821023","country":"UNK","message":"test message","platform":"sms","phone_number":"+841674701173"}
2023-03-21T15:00:41.714Z: {"player_token":"s2kawmee066393","country":"UNK","message":"test message","platform":"email","email":"kaweekan69@gmail.com"}
2023-03-21T15:00:43.018Z: {"player_token":"s2chakom063612","country":"UNK","message":"test message","platform":"email","email":"pokermanthailand@gmail.com"}
2023-03-21T15:00:43.842Z: {"player_token":"s2thingu652639","country":"UNK","message":"test message","platform":"email","email":"thulinh686@gmail.com"}
2023-03-21T15:00:43.926Z: {"player_token":"s2bennop679138","country":"VN","message":"test message","platform":"sms","phone_number":"+66952260989"}
2023-03-21T15:00:44.005Z: {"player_token":"s2dfgdfg242672","country":"UNK","message":"test message","platform":"sms","phone_number":"INV"}
2023-03-21T15:00:44.006Z: {"player_token":"s2thacuu273965","country":"TH","message":"test message","platform":"sms","phone_number":"+84942121984"}
2023-03-21T15:00:44.099Z: {"player_token":"s2phalai234294","country":"TH","message":"test message","platform":"sms","phone_number":"+841676361497"}
2023-03-21T15:00:44.099Z: {"player_token":"s2honvyy996658","country":"TH","message":"test message","platform":"sms","phone_number":"INV"}
2023-03-21T15:00:44.100Z: {"player_token":"s2ngungu453276","country":"UNK","message":"test message","platform":"sms","phone_number":"+841889560723"}
2023-03-21T15:00:44.100Z: {"player_token":"s2hoangu517691","country":"UNK","message":"test message","platform":"email","email":"hoangnhan0179@gmail.com"}
2023-03-21T15:00:44.258Z: {"player_token":"s2kimvoo194238","country":"TH","message":"test message","platform":"sms","phone_number":"+841663339899"}
2023-03-21T15:00:44.258Z: {"player_token":"s2vanhoa101604","country":"TH","message":"test message","platform":"sms","phone_number":"+84935957090"}
2023-03-21T15:00:44.508Z: {"player_token":"s2ertert481432","country":"TH","message":"test message","platform":"sms","phone_number":"INV"}
2023-03-21T15:00:44.613Z: {"player_token":"s2cuotra457513","country":"UNK","message":"test message","platform":"sms","phone_number":"+841646546354"}
2023-03-21T15:00:44.734Z: {"player_token":"s2ngungu261857","country":"UNK","message":"test message","platform":"email","email":"c2traxanh150687@gmail.com"}
2023-03-21T15:15:47.631Z: Listening on port 8041
2023-03-21T15:15:47.636Z: s2ccclll467230,UNK,test message,sms
2023-03-21T15:15:47.636Z: s2ducngu777338,TH,test message,sms
2023-03-21T15:15:47.636Z: s2thelee240915,UNK,test message,sms
2023-03-21T15:15:47.637Z: s2ducpha653500,UNK,test message,email
2023-03-21T15:15:47.637Z: s2picpan860809,UNK,test message,email
2023-03-21T15:15:47.637Z: s2pejjae163073,UNK,test message,sms
2023-03-21T15:15:47.637Z: s2huytra590111,UNK,test message,sms
2023-03-21T15:15:47.638Z: s2dactru331620,UNK,test message,sms
2023-03-21T15:15:47.638Z: s2sumjon810849,UNK,test message,sms
2023-03-21T15:15:47.638Z: s2amocha456181,UNK,test message,email
2023-03-21T15:15:47.638Z: s2tacsir206513,UNK,test message,email
2023-03-21T15:15:47.638Z: s2pilnoi275697,UNK,test message,sms
2023-03-21T15:15:47.638Z: s2huungu702756,UNK,test message,sms
2023-03-21T15:15:47.638Z: s2duyngu550403,UNK,test message,sms
2023-03-21T15:15:47.639Z: s2patsuc245473,TH,test message,sms
2023-03-21T15:15:47.639Z: s2manngu970753,VN,test message,email
2023-03-21T15:15:47.639Z: s2kripon178558,UNK,test message,email
2023-03-21T15:15:47.639Z: s2tanrac121847,UNK,test message,sms
2023-03-21T15:15:47.639Z: s2thalee886715,UNK,test message,sms
2023-03-21T15:15:47.639Z: s2thilee110100,UNK,test message,sms
2023-03-21T15:15:47.639Z: s2chivon003337,UNK,test message,sms
2023-03-21T15:15:47.639Z: s2quatra008348,UNK,test message,email
2023-03-21T15:15:47.639Z: s2athsri106993,TH,test message,email
2023-03-21T15:15:47.639Z: s2ngungu191810,TH,test message,sms
2023-03-21T15:15:47.639Z: s2vietra663180,UNK,test message,sms
2023-03-21T15:15:47.639Z: s2rawnua958082,UNK,test message,sms
2023-03-21T15:15:47.639Z: s2mischo927269,UNK,test message,sms
2023-03-21T15:15:47.639Z: s2anhpha013289,TH,test message,email
2023-03-21T15:15:47.639Z: s2nirbua136259,TH,test message,email
2023-03-21T15:15:47.639Z: s2chasos385807,VN,test message,sms
2023-03-21T15:15:47.639Z: s2linngo151089,TH,test message,sms
2023-03-21T15:15:47.639Z: s2sasnun143217,UNK,test message,sms
2023-03-21T15:15:47.639Z: s2vanhoa095477,UNK,test message,sms
2023-03-21T15:15:47.639Z: s2thingu652639,UNK,test message,email
2023-03-21T15:15:47.639Z: s2chakom063612,UNK,test message,email
2023-03-21T15:15:47.639Z: s2bennop679138,VN,test message,sms
2023-03-21T15:15:47.639Z: s2qaiqai825072,UNK,test message,sms
2023-03-21T15:15:47.639Z: s2supnga663491,UNK,test message,sms
2023-03-21T15:15:47.639Z: s2hoatra821023,UNK,test message,sms
2023-03-21T15:15:47.639Z: s2hoangu096181,UNK,test message,email
2023-03-21T15:15:47.639Z: s2kwupim588532,TH,test message,email
2023-03-21T15:15:47.639Z: s2pitsea049818,UNK,test message,sms
2023-03-21T15:15:47.639Z: s2baohoo901114,TH,test message,sms
2023-03-21T15:15:47.639Z: s2donltt725479,UNK,test message,sms
2023-03-21T15:15:47.639Z: s2atijai146091,UNK,test message,sms
2023-03-21T15:15:47.639Z: s2nutnet255313,AU,test message,email
2023-03-21T15:15:47.640Z: s2ngotra187252,UNK,test message,email
2023-03-21T15:15:47.640Z: s2ducvoo817667,UNK,test message,sms
2023-03-21T15:15:47.640Z: s2dfgdfg242672,UNK,test message,sms
2023-03-21T15:15:47.640Z: s2faituy081010,UNK,test message,sms
2023-03-21T15:15:47.640Z: s2honngu713085,UNK,test message,sms
2023-03-21T15:15:47.640Z: s2thiduo228176,UNK,test message,email
2023-03-21T15:15:47.640Z: s2erwewr908290,UNK,test message,email
2023-03-21T15:15:47.640Z: s2phioph186963,TH,test message,sms
2023-03-21T15:15:47.640Z: s2porsri533337,UNK,test message,sms
2023-03-21T15:15:47.640Z: s2punsim030576,UNK,test message,sms
2023-03-21T15:15:47.640Z: s2ngongu215877,UNK,test message,sms
2023-03-21T15:15:47.640Z: s2huylee980574,UNK,test message,email
2023-03-21T15:15:47.640Z: s2thigyy235531,TH,test message,email
2023-03-21T15:15:47.640Z: s2phalai234294,TH,test message,sms
2023-03-21T15:15:47.640Z: s2thacuu273965,TH,test message,sms
2023-03-21T15:15:47.640Z: s2ngungu453276,UNK,test message,sms
2023-03-21T15:15:47.640Z: s2ytiyur754118,TH,test message,sms
2023-03-21T15:15:47.640Z: s2kawmee066393,UNK,test message,email
2023-03-21T15:15:47.640Z: s2hoangu517691,UNK,test message,email
2023-03-21T15:15:47.640Z: s2trhrjr459306,TH,test message,sms
2023-03-21T15:15:47.640Z: s2honvyy996658,TH,test message,sms
2023-03-21T15:15:47.640Z: s2tuaphu206898,UNK,test message,sms
2023-03-21T15:15:47.640Z: s2manvuu531010,UNK,test message,sms
2023-03-21T15:15:47.640Z: s2viivii896872,UNK,test message,email
2023-03-21T15:15:47.640Z: s2satsan498646,UNK,test message,email
2023-03-21T15:15:47.640Z: s2thajan575518,UNK,test message,sms
2023-03-21T15:15:47.640Z: s2kimvoo194238,TH,test message,sms
2023-03-21T15:15:47.640Z: s2vanhoa101604,TH,test message,sms
2023-03-21T15:15:47.640Z: s2ertert481432,TH,test message,sms
2023-03-21T15:15:47.640Z: s2cuotra457513,UNK,test message,sms
2023-03-21T15:15:47.640Z: s2ngungu261857,UNK,test message,email
2023-03-21T15:15:47.640Z: s2poosin028482,TH,test message,email
2023-03-21T15:15:47.640Z: s2phiphi164108,UNK,test message,sms
2023-03-21T15:15:47.640Z: s2natpig853723,UNK,test message,sms
2023-03-21T15:15:47.640Z: s2quanon252732,UNK,test message,sms
2023-03-21T15:15:47.640Z: s2thatra099107,UNK,test message,sms
2023-03-21T15:15:47.640Z: s2ngopha764275,VN,test message,email
2023-03-21T15:15:47.640Z: s2tarhgd300188,UNK,test message,email
2023-03-21T15:15:47.640Z: s2sayjai853550,TH,test message,sms
2023-03-21T15:15:47.640Z: s2tratra812565,UNK,test message,sms
2023-03-21T15:15:47.640Z: s2duybui435369,TH,test message,sms
2023-03-21T15:15:47.640Z: s2penkin773167,UNK,test message,sms
2023-03-21T15:15:47.640Z: s2ngovan363443,TH,test message,email
2023-03-21T15:15:47.640Z: s2vanngu365879,TH,test message,email
2023-03-21T15:15:47.640Z: s2thavuu572674,UNK,test message,sms
2023-03-21T15:15:47.640Z: s2thosrl118434,UNK,test message,sms
2023-03-21T15:15:47.640Z: s2khokho026199,UNK,test message,sms
2023-03-21T15:15:47.640Z: s2ngungu813049,UNK,test message,sms
2023-03-21T15:15:47.640Z: s2sarsah265873,TH,test message,email
2023-03-21T15:15:47.641Z: s2remboo176952,UNK,test message,email
2023-03-21T15:15:47.641Z: s2baahoo228675,TH,test message,sms
2023-03-21T15:15:47.641Z: s2tanyon922389,UNK,test message,sms
2023-03-21T15:15:47.641Z: s2giango283062,VN,test message,sms
2023-03-21T15:15:47.641Z: s2tuoduo530700,UNK,test message,sms
2023-03-21T15:15:47.646Z: sending done
2023-03-21T15:15:47.652Z: Successfully connected to {localhost}
2023-03-21T15:16:50.972Z: Listening on port 8041
2023-03-21T15:16:50.977Z: s2ccclll467230,UNK,test message,sms
2023-03-21T15:16:50.978Z: s2ducngu777338,TH,test message,sms
2023-03-21T15:16:50.978Z: s2thelee240915,UNK,test message,sms
2023-03-21T15:16:50.978Z: s2ducpha653500,UNK,test message,email
2023-03-21T15:16:50.978Z: s2picpan860809,UNK,test message,email
2023-03-21T15:16:50.979Z: s2pejjae163073,UNK,test message,sms
2023-03-21T15:16:50.979Z: s2huytra590111,UNK,test message,sms
2023-03-21T15:16:50.980Z: s2dactru331620,UNK,test message,sms
2023-03-21T15:16:50.980Z: s2sumjon810849,UNK,test message,sms
2023-03-21T15:16:50.980Z: s2amocha456181,UNK,test message,email
2023-03-21T15:16:50.980Z: s2tacsir206513,UNK,test message,email
2023-03-21T15:16:50.980Z: s2pilnoi275697,UNK,test message,sms
2023-03-21T15:16:50.980Z: s2huungu702756,UNK,test message,sms
2023-03-21T15:16:50.980Z: s2duyngu550403,UNK,test message,sms
2023-03-21T15:16:50.980Z: s2patsuc245473,TH,test message,sms
2023-03-21T15:16:50.981Z: s2manngu970753,VN,test message,email
2023-03-21T15:16:50.981Z: s2kripon178558,UNK,test message,email
2023-03-21T15:16:50.981Z: s2tanrac121847,UNK,test message,sms
2023-03-21T15:16:50.981Z: s2thalee886715,UNK,test message,sms
2023-03-21T15:16:50.981Z: s2thilee110100,UNK,test message,sms
2023-03-21T15:16:50.981Z: s2chivon003337,UNK,test message,sms
2023-03-21T15:16:50.981Z: s2quatra008348,UNK,test message,email
2023-03-21T15:16:50.981Z: s2athsri106993,TH,test message,email
2023-03-21T15:16:50.981Z: s2ngungu191810,TH,test message,sms
2023-03-21T15:16:50.981Z: s2vietra663180,UNK,test message,sms
2023-03-21T15:16:50.981Z: s2rawnua958082,UNK,test message,sms
2023-03-21T15:16:50.981Z: s2mischo927269,UNK,test message,sms
2023-03-21T15:16:50.981Z: s2anhpha013289,TH,test message,email
2023-03-21T15:16:50.981Z: s2nirbua136259,TH,test message,email
2023-03-21T15:16:50.981Z: s2chasos385807,VN,test message,sms
2023-03-21T15:16:50.981Z: s2linngo151089,TH,test message,sms
2023-03-21T15:16:50.981Z: s2sasnun143217,UNK,test message,sms
2023-03-21T15:16:50.981Z: s2vanhoa095477,UNK,test message,sms
2023-03-21T15:16:50.981Z: s2thingu652639,UNK,test message,email
2023-03-21T15:16:50.981Z: s2chakom063612,UNK,test message,email
2023-03-21T15:16:50.981Z: s2bennop679138,VN,test message,sms
2023-03-21T15:16:50.981Z: s2qaiqai825072,UNK,test message,sms
2023-03-21T15:16:50.981Z: s2supnga663491,UNK,test message,sms
2023-03-21T15:16:50.981Z: s2hoatra821023,UNK,test message,sms
2023-03-21T15:16:50.981Z: s2hoangu096181,UNK,test message,email
2023-03-21T15:16:50.982Z: s2kwupim588532,TH,test message,email
2023-03-21T15:16:50.982Z: s2pitsea049818,UNK,test message,sms
2023-03-21T15:16:50.982Z: s2baohoo901114,TH,test message,sms
2023-03-21T15:16:50.982Z: s2donltt725479,UNK,test message,sms
2023-03-21T15:16:50.982Z: s2atijai146091,UNK,test message,sms
2023-03-21T15:16:50.982Z: s2nutnet255313,AU,test message,email
2023-03-21T15:16:50.982Z: s2ngotra187252,UNK,test message,email
2023-03-21T15:16:50.982Z: s2ducvoo817667,UNK,test message,sms
2023-03-21T15:16:50.982Z: s2dfgdfg242672,UNK,test message,sms
2023-03-21T15:16:50.982Z: s2faituy081010,UNK,test message,sms
2023-03-21T15:16:50.982Z: s2honngu713085,UNK,test message,sms
2023-03-21T15:16:50.982Z: s2thiduo228176,UNK,test message,email
2023-03-21T15:16:50.982Z: s2erwewr908290,UNK,test message,email
2023-03-21T15:16:50.982Z: s2phioph186963,TH,test message,sms
2023-03-21T15:16:50.982Z: s2porsri533337,UNK,test message,sms
2023-03-21T15:16:50.982Z: s2punsim030576,UNK,test message,sms
2023-03-21T15:16:50.982Z: s2ngongu215877,UNK,test message,sms
2023-03-21T15:16:50.982Z: s2huylee980574,UNK,test message,email
2023-03-21T15:16:50.982Z: s2thigyy235531,TH,test message,email
2023-03-21T15:16:50.982Z: s2phalai234294,TH,test message,sms
2023-03-21T15:16:50.982Z: s2thacuu273965,TH,test message,sms
2023-03-21T15:16:50.982Z: s2ngungu453276,UNK,test message,sms
2023-03-21T15:16:50.982Z: s2ytiyur754118,TH,test message,sms
2023-03-21T15:16:50.982Z: s2kawmee066393,UNK,test message,email
2023-03-21T15:16:50.982Z: s2hoangu517691,UNK,test message,email
2023-03-21T15:16:50.982Z: s2trhrjr459306,TH,test message,sms
2023-03-21T15:16:50.982Z: s2honvyy996658,TH,test message,sms
2023-03-21T15:16:50.982Z: s2tuaphu206898,UNK,test message,sms
2023-03-21T15:16:50.982Z: s2manvuu531010,UNK,test message,sms
2023-03-21T15:16:50.982Z: s2viivii896872,UNK,test message,email
2023-03-21T15:16:50.982Z: s2satsan498646,UNK,test message,email
2023-03-21T15:16:50.982Z: s2thajan575518,UNK,test message,sms
2023-03-21T15:16:50.982Z: s2kimvoo194238,TH,test message,sms
2023-03-21T15:16:50.982Z: s2vanhoa101604,TH,test message,sms
2023-03-21T15:16:50.982Z: s2ertert481432,TH,test message,sms
2023-03-21T15:16:50.982Z: s2cuotra457513,UNK,test message,sms
2023-03-21T15:16:50.982Z: s2ngungu261857,UNK,test message,email
2023-03-21T15:16:50.983Z: s2poosin028482,TH,test message,email
2023-03-21T15:16:50.983Z: s2phiphi164108,UNK,test message,sms
2023-03-21T15:16:50.983Z: s2natpig853723,UNK,test message,sms
2023-03-21T15:16:50.983Z: s2quanon252732,UNK,test message,sms
2023-03-21T15:16:50.983Z: s2thatra099107,UNK,test message,sms
2023-03-21T15:16:50.983Z: s2ngopha764275,VN,test message,email
2023-03-21T15:16:50.983Z: s2tarhgd300188,UNK,test message,email
2023-03-21T15:16:50.983Z: s2sayjai853550,TH,test message,sms
2023-03-21T15:16:50.983Z: s2tratra812565,UNK,test message,sms
2023-03-21T15:16:50.983Z: s2duybui435369,TH,test message,sms
2023-03-21T15:16:50.983Z: s2penkin773167,UNK,test message,sms
2023-03-21T15:16:50.983Z: s2ngovan363443,TH,test message,email
2023-03-21T15:16:50.983Z: s2vanngu365879,TH,test message,email
2023-03-21T15:16:50.983Z: s2thavuu572674,UNK,test message,sms
2023-03-21T15:16:50.983Z: s2thosrl118434,UNK,test message,sms
2023-03-21T15:16:50.983Z: s2khokho026199,UNK,test message,sms
2023-03-21T15:16:50.983Z: s2ngungu813049,UNK,test message,sms
2023-03-21T15:16:50.983Z: s2sarsah265873,TH,test message,email
2023-03-21T15:16:50.983Z: s2remboo176952,UNK,test message,email
2023-03-21T15:16:50.983Z: s2baahoo228675,TH,test message,sms
2023-03-21T15:16:50.983Z: s2tanyon922389,UNK,test message,sms
2023-03-21T15:16:50.983Z: s2giango283062,VN,test message,sms
2023-03-21T15:16:50.983Z: s2tuoduo530700,UNK,test message,sms
2023-03-21T15:16:50.989Z: sending done
2023-03-21T15:16:51.000Z: Successfully connected to {localhost}
2023-03-21T15:16:52.340Z: Successfully connected to {data-platform.ckghnqcooulj.ap-southeast-1.redshift.amazonaws.com}
2023-03-21T15:16:52.395Z: {"player_token":"s2ccclll467230","country":"UNK","message":"test message","platform":"sms","phone_number":"INV"}
2023-03-21T15:16:52.396Z: {"player_token":"s2ducpha653500","country":"UNK","message":"test message","platform":"email","email":"tetuongluugukokhoc@yahoo.com"}
2023-03-21T15:16:52.396Z: {"player_token":"s2thelee240915","country":"UNK","message":"test message","platform":"sms","phone_number":"+84976186994"}
2023-03-21T15:16:52.397Z: {"player_token":"s2ducngu777338","country":"TH","message":"test message","platform":"sms","phone_number":"+84909123789"}
2023-03-21T15:16:52.458Z: {"player_token":"s2huytra590111","country":"UNK","message":"test message","platform":"sms","phone_number":"+84937567426"}
2023-03-21T15:16:52.458Z: {"player_token":"s2picpan860809","country":"UNK","message":"test message","platform":"email","email":"pichetwork@gmail.com"}
2023-03-21T15:16:52.474Z: {"player_token":"s2sumjon810849","country":"UNK","message":"test message","platform":"sms","phone_number":"+66818737338"}
2023-03-21T15:16:52.475Z: {"player_token":"s2dactru331620","country":"UNK","message":"test message","platform":"sms","phone_number":"+84967232361"}
2023-03-21T15:16:52.553Z: {"player_token":"s2amocha456181","country":"UNK","message":"test message","platform":"email","email":"amonchai_anl@hotmail.com"}
2023-03-21T15:16:52.554Z: {"player_token":"s2pilnoi275697","country":"UNK","message":"test message","platform":"sms","phone_number":"+66815958605"}
2023-03-21T15:16:52.554Z: {"player_token":"s2tacsir206513","country":"UNK","message":"test message","platform":"email","email":"natt-o@hotmail.com"}
2023-03-21T15:16:52.555Z: {"player_token":"s2huungu702756","country":"UNK","message":"test message","platform":"sms","phone_number":"+841692211213"}
2023-03-21T15:16:52.555Z: {"player_token":"s2pejjae163073","country":"UNK","message":"test message","platform":"sms","phone_number":"+66859533395"}
2023-03-21T15:16:52.643Z: {"player_token":"s2patsuc245473","country":"TH","message":"test message","platform":"sms","phone_number":"+66824909900"}
2023-03-21T15:16:52.643Z: {"player_token":"s2duyngu550403","country":"UNK","message":"test message","platform":"sms","phone_number":"+841697218291"}
2023-03-21T15:16:52.727Z: {"player_token":"s2manngu970753","country":"VN","message":"test message","platform":"email","email":"manhdat.hoahoa@gmail.com"}
2023-03-21T15:16:52.728Z: {"player_token":"s2kripon178558","country":"UNK","message":"test message","platform":"email","email":"nice.pretty0720@gmail.com"}
2023-03-21T15:16:52.728Z: {"player_token":"s2thalee886715","country":"UNK","message":"test message","platform":"sms","phone_number":"+84948556969"}
2023-03-21T15:16:52.728Z: {"player_token":"s2tanrac121847","country":"UNK","message":"test message","platform":"sms","phone_number":"+66985059393"}
2023-03-21T15:16:52.729Z: {"player_token":"s2thilee110100","country":"UNK","message":"test message","platform":"sms","phone_number":"+66888409944"}
2023-03-21T15:16:52.807Z: {"player_token":"s2chivon003337","country":"UNK","message":"test message","platform":"sms","phone_number":"+84946450160"}
2023-03-21T15:16:52.808Z: {"player_token":"s2quatra008348","country":"UNK","message":"test message","platform":"email","email":"tranquangchung270794@gmail.com"}
2023-03-21T15:16:52.888Z: {"player_token":"s2athsri106993","country":"TH","message":"test message","platform":"email","email":"e-ice-ba@hotmail.com"}
2023-03-21T15:16:52.889Z: {"player_token":"s2vietra663180","country":"UNK","message":"test message","platform":"sms","phone_number":"+84985380320"}
2023-03-21T15:16:52.890Z: {"player_token":"s2rawnua958082","country":"UNK","message":"test message","platform":"sms","phone_number":"+66913091120"}
2023-03-21T15:16:52.942Z: {"player_token":"s2chasos385807","country":"VN","message":"test message","platform":"sms","phone_number":"+66878371268"}
2023-03-21T15:16:52.943Z: {"player_token":"s2linngo151089","country":"TH","message":"test message","platform":"sms","phone_number":"+841235841917"}
2023-03-21T15:16:52.943Z: {"player_token":"s2nirbua136259","country":"TH","message":"test message","platform":"email","email":"Ppsetmet@gmail.com"}
2023-03-21T15:16:52.943Z: {"player_token":"s2mischo927269","country":"UNK","message":"test message","platform":"sms","phone_number":"+66909977724"}
2023-03-21T15:16:52.943Z: {"player_token":"s2anhpha013289","country":"TH","message":"test message","platform":"email","email":"awidjij@gmail.com"}
2023-03-21T15:16:53.133Z: {"player_token":"s2vanhoa095477","country":"UNK","message":"test message","platform":"sms","phone_number":"+841233451666"}
2023-03-21T15:16:53.133Z: {"player_token":"s2qaiqai825072","country":"UNK","message":"test message","platform":"sms","phone_number":"INV"}
2023-03-21T15:16:53.134Z: {"player_token":"s2sasnun143217","country":"UNK","message":"test message","platform":"sms","phone_number":"+66931929993"}
2023-03-21T15:16:53.134Z: {"player_token":"s2supnga663491","country":"UNK","message":"test message","platform":"sms","phone_number":"+66912092202"}
2023-03-21T15:16:53.296Z: {"player_token":"s2hoangu096181","country":"UNK","message":"test message","platform":"email","email":"nguyenvu19832001@yahoo.com"}
2023-03-21T15:16:53.297Z: {"player_token":"s2kwupim588532","country":"TH","message":"test message","platform":"email","email":"kp_aristoton@hotmail.com"}
2023-03-21T15:16:53.297Z: {"player_token":"s2baohoo901114","country":"TH","message":"test message","platform":"sms","phone_number":"+841683763568"}
2023-03-21T15:16:53.298Z: {"player_token":"s2pitsea049818","country":"UNK","message":"test message","platform":"sms","phone_number":"+66922018378"}
2023-03-21T15:16:53.494Z: {"player_token":"s2nutnet255313","country":"AU","message":"test message","platform":"email","email":"monoinlove@hotmail.com"}
2023-03-21T15:16:53.495Z: {"player_token":"s2atijai146091","country":"UNK","message":"test message","platform":"sms","phone_number":"+66843664543"}
2023-03-21T15:16:53.495Z: {"player_token":"s2ngotra187252","country":"UNK","message":"test message","platform":"email","email":"ngocchien619@gmail.com"}
2023-03-21T15:16:53.577Z: {"player_token":"s2ngungu191810","country":"TH","message":"test message","platform":"sms","phone_number":"+84905638885"}
2023-03-21T15:16:53.697Z: {"player_token":"s2faituy081010","country":"UNK","message":"test message","platform":"sms","phone_number":"+66994851448"}
2023-03-21T15:16:53.779Z: {"player_token":"s2ducvoo817667","country":"UNK","message":"test message","platform":"sms","phone_number":"+841629850900"}
2023-03-21T15:16:53.858Z: {"player_token":"s2honngu713085","country":"UNK","message":"test message","platform":"sms","phone_number":"+84977684488"}
2023-03-21T15:16:53.938Z: {"player_token":"s2thiduo228176","country":"UNK","message":"test message","platform":"email","email":"duongthithanhtuyen1989@gmail.com"}
2023-03-21T15:16:54.018Z: {"player_token":"s2erwewr908290","country":"UNK","message":"test message","platform":"email","email":"1252090611@gm.uit.edu.vn"}
2023-03-21T15:16:54.019Z: {"player_token":"s2bennop679138","country":"VN","message":"test message","platform":"sms","phone_number":"+66952260989"}
2023-03-21T15:16:54.103Z: {"player_token":"s2phioph186963","country":"TH","message":"test message","platform":"sms","phone_number":"+66811848008"}
2023-03-21T15:16:54.103Z: {"player_token":"s2thingu652639","country":"UNK","message":"test message","platform":"email","email":"thulinh686@gmail.com"}
2023-03-21T15:16:54.180Z: {"player_token":"s2chakom063612","country":"UNK","message":"test message","platform":"email","email":"pokermanthailand@gmail.com"}
2023-03-21T15:16:54.181Z: {"player_token":"s2porsri533337","country":"UNK","message":"test message","platform":"sms","phone_number":"+66946967634"}
2023-03-21T15:16:54.262Z: {"player_token":"s2punsim030576","country":"UNK","message":"test message","platform":"sms","phone_number":"+66854597688"}
2023-03-21T15:16:54.262Z: {"player_token":"s2ngongu215877","country":"UNK","message":"test message","platform":"sms","phone_number":"+84988892597"}
2023-03-21T15:16:54.263Z: {"player_token":"s2hoatra821023","country":"UNK","message":"test message","platform":"sms","phone_number":"+841674701173"}
2023-03-21T15:16:54.343Z: {"player_token":"s2donltt725479","country":"UNK","message":"test message","platform":"sms","phone_number":"+84963388663"}
2023-03-21T15:16:54.343Z: {"player_token":"s2thigyy235531","country":"TH","message":"test message","platform":"email","email":"thienhu892@gmail.com"}
2023-03-21T15:16:54.343Z: {"player_token":"s2huylee980574","country":"UNK","message":"test message","platform":"email","email":"cakiem_273@yahoo.com"}
2023-03-21T15:16:54.514Z: {"player_token":"s2kawmee066393","country":"UNK","message":"test message","platform":"email","email":"kaweekan69@gmail.com"}
2023-03-21T15:16:54.514Z: {"player_token":"s2dfgdfg242672","country":"UNK","message":"test message","platform":"sms","phone_number":"INV"}
2023-03-21T15:16:54.591Z: {"player_token":"s2honvyy996658","country":"TH","message":"test message","platform":"sms","phone_number":"INV"}
2023-03-21T15:16:54.797Z: {"player_token":"s2manvuu531010","country":"UNK","message":"test message","platform":"sms","phone_number":"+84859487198"}
2023-03-21T15:16:54.797Z: {"player_token":"s2tuaphu206898","country":"UNK","message":"test message","platform":"sms","phone_number":"+841213334444"}
2023-03-21T15:16:54.798Z: {"player_token":"s2viivii896872","country":"UNK","message":"test message","platform":"email","email":"caovian65@gmail.com"}
2023-03-21T15:16:54.997Z: {"player_token":"s2thajan575518","country":"UNK","message":"test message","platform":"sms","phone_number":"+66901087484"}
2023-03-21T15:16:55.077Z: {"player_token":"s2satsan498646","country":"UNK","message":"test message","platform":"email","email":"tom_godza@yahoo.com"}
2023-03-21T15:16:55.077Z: {"player_token":"s2kimvoo194238","country":"TH","message":"test message","platform":"sms","phone_number":"+841663339899"}
2023-03-21T15:16:55.196Z: {"player_token":"s2vanhoa101604","country":"TH","message":"test message","platform":"sms","phone_number":"+84935957090"}
2023-03-21T15:16:55.276Z: {"player_token":"s2ertert481432","country":"TH","message":"test message","platform":"sms","phone_number":"INV"}
2023-03-21T15:16:55.277Z: {"player_token":"s2cuotra457513","country":"UNK","message":"test message","platform":"sms","phone_number":"+841646546354"}
2023-03-21T15:16:55.356Z: {"player_token":"s2thacuu273965","country":"TH","message":"test message","platform":"sms","phone_number":"+84942121984"}
2023-03-21T15:16:55.436Z: {"player_token":"s2ngungu261857","country":"UNK","message":"test message","platform":"email","email":"c2traxanh150687@gmail.com"}
2023-03-21T15:16:55.597Z: {"player_token":"s2phalai234294","country":"TH","message":"test message","platform":"sms","phone_number":"+841676361497"}
2023-03-21T15:16:55.598Z: {"player_token":"s2ytiyur754118","country":"TH","message":"test message","platform":"sms","phone_number":"INV"}
2023-03-21T15:16:55.680Z: {"player_token":"s2trhrjr459306","country":"TH","message":"test message","platform":"sms","phone_number":"INV"}
2023-03-21T15:16:55.680Z: {"player_token":"s2ngungu453276","country":"UNK","message":"test message","platform":"sms","phone_number":"+841889560723"}
2023-03-21T15:16:55.681Z: {"player_token":"s2hoangu517691","country":"UNK","message":"test message","platform":"email","email":"hoangnhan0179@gmail.com"}
2023-03-21T15:16:55.681Z: {"player_token":"s2quanon252732","country":"UNK","message":"test message","platform":"sms","phone_number":"+84942749127"}
2023-03-21T15:16:55.809Z: {"player_token":"s2duybui435369","country":"TH","message":"test message","platform":"sms","phone_number":"+84979247304"}
2023-03-21T15:16:55.810Z: {"player_token":"s2sayjai853550","country":"TH","message":"test message","platform":"sms","phone_number":"+66954875262"}
2023-03-21T15:16:55.810Z: {"player_token":"s2tratra812565","country":"UNK","message":"test message","platform":"sms","phone_number":"+84988747787"}
2023-03-21T15:16:55.811Z: {"player_token":"s2thatra099107","country":"UNK","message":"test message","platform":"sms","phone_number":"+84987500139"}
2023-03-21T15:16:55.865Z: {"player_token":"s2tarhgd300188","country":"UNK","message":"test message","platform":"email","email":"kokptibull@gmail.com"}
2023-03-21T15:16:55.866Z: {"player_token":"s2ngopha764275","country":"VN","message":"test message","platform":"email","email":"ngochai0224@gmail.com"}
2023-03-21T15:16:55.947Z: {"player_token":"s2vanngu365879","country":"TH","message":"test message","platform":"email","email":"swquang@gmail.com"}
2023-03-21T15:16:55.947Z: {"player_token":"s2penkin773167","country":"UNK","message":"test message","platform":"sms","phone_number":"+66844504835"}
2023-03-21T15:16:55.948Z: {"player_token":"s2ngovan363443","country":"TH","message":"test message","platform":"email","email":"nhattuanvanngoc@gmail.com"}
2023-03-21T15:16:56.026Z: {"player_token":"s2thosrl118434","country":"UNK","message":"test message","platform":"sms","phone_number":"+66994756976"}
2023-03-21T15:16:56.179Z: {"player_token":"s2ngungu813049","country":"UNK","message":"test message","platform":"sms","phone_number":"+84933918053"}
2023-03-21T15:16:56.179Z: {"player_token":"s2sarsah265873","country":"TH","message":"test message","platform":"email","email":"chawatluckito123456@gmail.com"}
2023-03-21T15:16:56.180Z: {"player_token":"s2remboo176952","country":"UNK","message":"test message","platform":"email","email":"help987@outlook.co.th"}
2023-03-21T15:16:56.377Z: {"player_token":"s2tanyon922389","country":"UNK","message":"test message","platform":"sms","phone_number":"+66897236109"}
2023-03-21T15:16:57.049Z: {"player_token":"s2phiphi164108","country":"UNK","message":"test message","platform":"sms","phone_number":"+84978621126"}
2023-03-21T15:16:57.568Z: {"player_token":"s2natpig853723","country":"UNK","message":"test message","platform":"sms","phone_number":"+66867293546"}
2023-03-21T15:16:57.647Z: {"player_token":"s2baahoo228675","country":"TH","message":"test message","platform":"sms","phone_number":"+841644181179"}
2023-03-21T15:16:57.647Z: {"player_token":"s2poosin028482","country":"TH","message":"test message","platform":"email","email":"poontara_sintakoon@yahoo.co.th"}
2023-03-21T15:16:57.648Z: {"player_token":"s2giango283062","country":"VN","message":"test message","platform":"sms","phone_number":"+841202367814"}
2023-03-21T15:16:57.648Z: {"player_token":"s2thavuu572674","country":"UNK","message":"test message","platform":"sms","phone_number":"+84948200668"}
2023-03-21T15:16:57.648Z: {"player_token":"s2khokho026199","country":"UNK","message":"test message","platform":"sms","phone_number":"+84987295802"}
2023-03-21T15:16:57.725Z: {"player_token":"s2tuoduo530700","country":"UNK","message":"test message","platform":"sms","phone_number":"+84978108090"}
2023-03-21T15:17:16.377Z: Listening on port 8041
2023-03-21T15:17:16.381Z: s2ccclll467230,UNK,test message,sms
2023-03-21T15:17:16.382Z: s2ducngu777338,TH,test message,sms
2023-03-21T15:17:16.382Z: s2thelee240915,UNK,test message,sms
2023-03-21T15:17:16.383Z: s2ducpha653500,UNK,test message,email
2023-03-21T15:17:16.383Z: s2picpan860809,UNK,test message,email
2023-03-21T15:17:16.383Z: s2pejjae163073,UNK,test message,sms
2023-03-21T15:17:16.384Z: s2huytra590111,UNK,test message,sms
2023-03-21T15:17:16.384Z: s2dactru331620,UNK,test message,sms
2023-03-21T15:17:16.384Z: s2sumjon810849,UNK,test message,sms
2023-03-21T15:17:16.384Z: s2amocha456181,UNK,test message,email
2023-03-21T15:17:16.385Z: s2tacsir206513,UNK,test message,email
2023-03-21T15:17:16.385Z: s2pilnoi275697,UNK,test message,sms
2023-03-21T15:17:16.385Z: s2huungu702756,UNK,test message,sms
2023-03-21T15:17:16.385Z: s2duyngu550403,UNK,test message,sms
2023-03-21T15:17:16.385Z: s2patsuc245473,TH,test message,sms
2023-03-21T15:17:16.385Z: s2manngu970753,VN,test message,email
2023-03-21T15:17:16.385Z: s2kripon178558,UNK,test message,email
2023-03-21T15:17:16.385Z: s2tanrac121847,UNK,test message,sms
2023-03-21T15:17:16.385Z: s2thalee886715,UNK,test message,sms
2023-03-21T15:17:16.385Z: s2thilee110100,UNK,test message,sms
2023-03-21T15:17:16.385Z: s2chivon003337,UNK,test message,sms
2023-03-21T15:17:16.385Z: s2quatra008348,UNK,test message,email
2023-03-21T15:17:16.385Z: s2athsri106993,TH,test message,email
2023-03-21T15:17:16.385Z: s2ngungu191810,TH,test message,sms
2023-03-21T15:17:16.385Z: s2vietra663180,UNK,test message,sms
2023-03-21T15:17:16.385Z: s2rawnua958082,UNK,test message,sms
2023-03-21T15:17:16.385Z: s2mischo927269,UNK,test message,sms
2023-03-21T15:17:16.385Z: s2anhpha013289,TH,test message,email
2023-03-21T15:17:16.385Z: s2nirbua136259,TH,test message,email
2023-03-21T15:17:16.385Z: s2chasos385807,VN,test message,sms
2023-03-21T15:17:16.385Z: s2linngo151089,TH,test message,sms
2023-03-21T15:17:16.385Z: s2sasnun143217,UNK,test message,sms
2023-03-21T15:17:16.385Z: s2vanhoa095477,UNK,test message,sms
2023-03-21T15:17:16.385Z: s2thingu652639,UNK,test message,email
2023-03-21T15:17:16.385Z: s2chakom063612,UNK,test message,email
2023-03-21T15:17:16.385Z: s2bennop679138,VN,test message,sms
2023-03-21T15:17:16.385Z: s2qaiqai825072,UNK,test message,sms
2023-03-21T15:17:16.385Z: s2supnga663491,UNK,test message,sms
2023-03-21T15:17:16.386Z: s2hoatra821023,UNK,test message,sms
2023-03-21T15:17:16.386Z: s2hoangu096181,UNK,test message,email
2023-03-21T15:17:16.386Z: s2kwupim588532,TH,test message,email
2023-03-21T15:17:16.386Z: s2pitsea049818,UNK,test message,sms
2023-03-21T15:17:16.386Z: s2baohoo901114,TH,test message,sms
2023-03-21T15:17:16.386Z: s2donltt725479,UNK,test message,sms
2023-03-21T15:17:16.386Z: s2atijai146091,UNK,test message,sms
2023-03-21T15:17:16.386Z: s2nutnet255313,AU,test message,email
2023-03-21T15:17:16.386Z: s2ngotra187252,UNK,test message,email
2023-03-21T15:17:16.386Z: s2ducvoo817667,UNK,test message,sms
2023-03-21T15:17:16.386Z: s2dfgdfg242672,UNK,test message,sms
2023-03-21T15:17:16.386Z: s2faituy081010,UNK,test message,sms
2023-03-21T15:17:16.386Z: s2honngu713085,UNK,test message,sms
2023-03-21T15:17:16.386Z: s2thiduo228176,UNK,test message,email
2023-03-21T15:17:16.386Z: s2erwewr908290,UNK,test message,email
2023-03-21T15:17:16.386Z: s2phioph186963,TH,test message,sms
2023-03-21T15:17:16.386Z: s2porsri533337,UNK,test message,sms
2023-03-21T15:17:16.386Z: s2punsim030576,UNK,test message,sms
2023-03-21T15:17:16.386Z: s2ngongu215877,UNK,test message,sms
2023-03-21T15:17:16.386Z: s2huylee980574,UNK,test message,email
2023-03-21T15:17:16.386Z: s2thigyy235531,TH,test message,email
2023-03-21T15:17:16.386Z: s2phalai234294,TH,test message,sms
2023-03-21T15:17:16.386Z: s2thacuu273965,TH,test message,sms
2023-03-21T15:17:16.386Z: s2ngungu453276,UNK,test message,sms
2023-03-21T15:17:16.386Z: s2ytiyur754118,TH,test message,sms
2023-03-21T15:17:16.386Z: s2kawmee066393,UNK,test message,email
2023-03-21T15:17:16.386Z: s2hoangu517691,UNK,test message,email
2023-03-21T15:17:16.386Z: s2trhrjr459306,TH,test message,sms
2023-03-21T15:17:16.386Z: s2honvyy996658,TH,test message,sms
2023-03-21T15:17:16.386Z: s2tuaphu206898,UNK,test message,sms
2023-03-21T15:17:16.386Z: s2manvuu531010,UNK,test message,sms
2023-03-21T15:17:16.386Z: s2viivii896872,UNK,test message,email
2023-03-21T15:17:16.386Z: s2satsan498646,UNK,test message,email
2023-03-21T15:17:16.386Z: s2thajan575518,UNK,test message,sms
2023-03-21T15:17:16.386Z: s2kimvoo194238,TH,test message,sms
2023-03-21T15:17:16.386Z: s2vanhoa101604,TH,test message,sms
2023-03-21T15:17:16.386Z: s2ertert481432,TH,test message,sms
2023-03-21T15:17:16.386Z: s2cuotra457513,UNK,test message,sms
2023-03-21T15:17:16.386Z: s2ngungu261857,UNK,test message,email
2023-03-21T15:17:16.386Z: s2poosin028482,TH,test message,email
2023-03-21T15:17:16.386Z: s2phiphi164108,UNK,test message,sms
2023-03-21T15:17:16.386Z: s2natpig853723,UNK,test message,sms
2023-03-21T15:17:16.387Z: s2quanon252732,UNK,test message,sms
2023-03-21T15:17:16.387Z: s2thatra099107,UNK,test message,sms
2023-03-21T15:17:16.387Z: s2ngopha764275,VN,test message,email
2023-03-21T15:17:16.387Z: s2tarhgd300188,UNK,test message,email
2023-03-21T15:17:16.387Z: s2sayjai853550,TH,test message,sms
2023-03-21T15:17:16.387Z: s2tratra812565,UNK,test message,sms
2023-03-21T15:17:16.387Z: s2duybui435369,TH,test message,sms
2023-03-21T15:17:16.387Z: s2penkin773167,UNK,test message,sms
2023-03-21T15:17:16.387Z: s2ngovan363443,TH,test message,email
2023-03-21T15:17:16.387Z: s2vanngu365879,TH,test message,email
2023-03-21T15:17:16.387Z: s2thavuu572674,UNK,test message,sms
2023-03-21T15:17:16.387Z: s2thosrl118434,UNK,test message,sms
2023-03-21T15:17:16.387Z: s2khokho026199,UNK,test message,sms
2023-03-21T15:17:16.387Z: s2ngungu813049,UNK,test message,sms
2023-03-21T15:17:16.387Z: s2sarsah265873,TH,test message,email
2023-03-21T15:17:16.387Z: s2remboo176952,UNK,test message,email
2023-03-21T15:17:16.387Z: s2baahoo228675,TH,test message,sms
2023-03-21T15:17:16.387Z: s2tanyon922389,UNK,test message,sms
2023-03-21T15:17:16.387Z: s2giango283062,VN,test message,sms
2023-03-21T15:17:16.387Z: s2tuoduo530700,UNK,test message,sms
2023-03-21T15:17:16.393Z: sending done
2023-03-21T15:17:16.399Z: Successfully connected to {localhost}
2023-03-21T15:17:17.371Z: Successfully connected to {data-platform.ckghnqcooulj.ap-southeast-1.redshift.amazonaws.com}
2023-03-21T15:17:17.556Z: {"player_token":"s2thelee240915","country":"UNK","message":"test message","platform":"sms","phone_number":"+84976186994"}
2023-03-21T15:17:17.557Z: {"player_token":"s2pejjae163073","country":"UNK","message":"test message","platform":"sms","phone_number":"+66859533395"}
2023-03-21T15:17:17.637Z: {"player_token":"s2picpan860809","country":"UNK","message":"test message","platform":"email","email":"pichetwork@gmail.com"}
2023-03-21T15:17:17.638Z: {"player_token":"s2huytra590111","country":"UNK","message":"test message","platform":"sms","phone_number":"+84937567426"}
2023-03-21T15:17:17.638Z: {"player_token":"s2ducngu777338","country":"TH","message":"test message","platform":"sms","phone_number":"+84909123789"}
2023-03-21T15:17:17.719Z: {"player_token":"s2ducpha653500","country":"UNK","message":"test message","platform":"email","email":"tetuongluugukokhoc@yahoo.com"}
2023-03-21T15:17:17.719Z: {"player_token":"s2sumjon810849","country":"UNK","message":"test message","platform":"sms","phone_number":"+66818737338"}
2023-03-21T15:17:17.720Z: {"player_token":"s2dactru331620","country":"UNK","message":"test message","platform":"sms","phone_number":"+84967232361"}
2023-03-21T15:17:17.797Z: {"player_token":"s2amocha456181","country":"UNK","message":"test message","platform":"email","email":"amonchai_anl@hotmail.com"}
2023-03-21T15:17:17.798Z: {"player_token":"s2tacsir206513","country":"UNK","message":"test message","platform":"email","email":"natt-o@hotmail.com"}
2023-03-21T15:17:17.799Z: {"player_token":"s2ccclll467230","country":"UNK","message":"test message","platform":"sms","phone_number":"INV"}
2023-03-21T15:17:17.880Z: {"player_token":"s2pilnoi275697","country":"UNK","message":"test message","platform":"sms","phone_number":"+66815958605"}
2023-03-21T15:17:17.881Z: {"player_token":"s2huungu702756","country":"UNK","message":"test message","platform":"sms","phone_number":"+841692211213"}
2023-03-21T15:17:17.882Z: {"player_token":"s2duyngu550403","country":"UNK","message":"test message","platform":"sms","phone_number":"+841697218291"}
2023-03-21T15:17:17.925Z: {"player_token":"s2patsuc245473","country":"TH","message":"test message","platform":"sms","phone_number":"+66824909900"}
2023-03-21T15:17:17.926Z: {"player_token":"s2manngu970753","country":"VN","message":"test message","platform":"email","email":"manhdat.hoahoa@gmail.com"}
2023-03-21T15:17:17.926Z: {"player_token":"s2kripon178558","country":"UNK","message":"test message","platform":"email","email":"nice.pretty0720@gmail.com"}
2023-03-21T15:17:18.045Z: {"player_token":"s2tanrac121847","country":"UNK","message":"test message","platform":"sms","phone_number":"+66985059393"}
2023-03-21T15:17:18.046Z: {"player_token":"s2thilee110100","country":"UNK","message":"test message","platform":"sms","phone_number":"+66888409944"}
2023-03-21T15:17:18.046Z: {"player_token":"s2thalee886715","country":"UNK","message":"test message","platform":"sms","phone_number":"+84948556969"}
2023-03-21T15:17:18.046Z: {"player_token":"s2chivon003337","country":"UNK","message":"test message","platform":"sms","phone_number":"+84946450160"}
2023-03-21T15:17:18.127Z: {"player_token":"s2quatra008348","country":"UNK","message":"test message","platform":"email","email":"tranquangchung270794@gmail.com"}
2023-03-21T15:17:18.128Z: {"player_token":"s2athsri106993","country":"TH","message":"test message","platform":"email","email":"e-ice-ba@hotmail.com"}
2023-03-21T15:17:18.128Z: {"player_token":"s2ngungu191810","country":"TH","message":"test message","platform":"sms","phone_number":"+84905638885"}
2023-03-21T15:17:18.128Z: {"player_token":"s2rawnua958082","country":"UNK","message":"test message","platform":"sms","phone_number":"+66913091120"}
2023-03-21T15:17:18.129Z: {"player_token":"s2vietra663180","country":"UNK","message":"test message","platform":"sms","phone_number":"+84985380320"}
2023-03-21T15:17:18.206Z: {"player_token":"s2chasos385807","country":"VN","message":"test message","platform":"sms","phone_number":"+66878371268"}
2023-03-21T15:17:18.206Z: {"player_token":"s2mischo927269","country":"UNK","message":"test message","platform":"sms","phone_number":"+66909977724"}
2023-03-21T15:17:18.207Z: {"player_token":"s2anhpha013289","country":"TH","message":"test message","platform":"email","email":"awidjij@gmail.com"}
2023-03-21T15:17:18.207Z: {"player_token":"s2nirbua136259","country":"TH","message":"test message","platform":"email","email":"Ppsetmet@gmail.com"}
2023-03-21T15:17:18.289Z: {"player_token":"s2vanhoa095477","country":"UNK","message":"test message","platform":"sms","phone_number":"+841233451666"}
2023-03-21T15:17:18.289Z: {"player_token":"s2linngo151089","country":"TH","message":"test message","platform":"sms","phone_number":"+841235841917"}
2023-03-21T15:17:18.290Z: {"player_token":"s2sasnun143217","country":"UNK","message":"test message","platform":"sms","phone_number":"+66931929993"}
2023-03-21T15:17:18.372Z: {"player_token":"s2qaiqai825072","country":"UNK","message":"test message","platform":"sms","phone_number":"INV"}
2023-03-21T15:17:18.373Z: {"player_token":"s2supnga663491","country":"UNK","message":"test message","platform":"sms","phone_number":"+66912092202"}
2023-03-21T15:17:18.535Z: {"player_token":"s2baohoo901114","country":"TH","message":"test message","platform":"sms","phone_number":"+841683763568"}
2023-03-21T15:17:18.536Z: {"player_token":"s2hoangu096181","country":"UNK","message":"test message","platform":"email","email":"nguyenvu19832001@yahoo.com"}
2023-03-21T15:17:18.536Z: {"player_token":"s2kwupim588532","country":"TH","message":"test message","platform":"email","email":"kp_aristoton@hotmail.com"}
2023-03-21T15:17:18.537Z: {"player_token":"s2pitsea049818","country":"UNK","message":"test message","platform":"sms","phone_number":"+66922018378"}
2023-03-21T15:17:18.730Z: {"player_token":"s2atijai146091","country":"UNK","message":"test message","platform":"sms","phone_number":"+66843664543"}
2023-03-21T15:17:18.730Z: {"player_token":"s2nutnet255313","country":"AU","message":"test message","platform":"email","email":"monoinlove@hotmail.com"}
2023-03-21T15:17:18.731Z: {"player_token":"s2ngotra187252","country":"UNK","message":"test message","platform":"email","email":"ngocchien619@gmail.com"}
2023-03-21T15:17:18.731Z: {"player_token":"s2ducvoo817667","country":"UNK","message":"test message","platform":"sms","phone_number":"+841629850900"}
2023-03-21T15:17:18.848Z: {"player_token":"s2thiduo228176","country":"UNK","message":"test message","platform":"email","email":"duongthithanhtuyen1989@gmail.com"}
2023-03-21T15:17:18.926Z: {"player_token":"s2faituy081010","country":"UNK","message":"test message","platform":"sms","phone_number":"+66994851448"}
2023-03-21T15:17:18.926Z: {"player_token":"s2honngu713085","country":"UNK","message":"test message","platform":"sms","phone_number":"+84977684488"}
2023-03-21T15:17:18.927Z: {"player_token":"s2thingu652639","country":"UNK","message":"test message","platform":"email","email":"thulinh686@gmail.com"}
2023-03-21T15:17:19.046Z: {"player_token":"s2erwewr908290","country":"UNK","message":"test message","platform":"email","email":"1252090611@gm.uit.edu.vn"}
2023-03-21T15:17:19.203Z: {"player_token":"s2punsim030576","country":"UNK","message":"test message","platform":"sms","phone_number":"+66854597688"}
2023-03-21T15:17:19.203Z: {"player_token":"s2phioph186963","country":"TH","message":"test message","platform":"sms","phone_number":"+66811848008"}
2023-03-21T15:17:19.204Z: {"player_token":"s2porsri533337","country":"UNK","message":"test message","platform":"sms","phone_number":"+66946967634"}
2023-03-21T15:17:19.204Z: {"player_token":"s2chakom063612","country":"UNK","message":"test message","platform":"email","email":"pokermanthailand@gmail.com"}
2023-03-21T15:17:19.282Z: {"player_token":"s2ngongu215877","country":"UNK","message":"test message","platform":"sms","phone_number":"+84988892597"}
2023-03-21T15:17:19.283Z: {"player_token":"s2hoatra821023","country":"UNK","message":"test message","platform":"sms","phone_number":"+841674701173"}
2023-03-21T15:17:19.283Z: {"player_token":"s2bennop679138","country":"VN","message":"test message","platform":"sms","phone_number":"+66952260989"}
2023-03-21T15:17:19.362Z: {"player_token":"s2huylee980574","country":"UNK","message":"test message","platform":"email","email":"cakiem_273@yahoo.com"}
2023-03-21T15:17:19.363Z: {"player_token":"s2thigyy235531","country":"TH","message":"test message","platform":"email","email":"thienhu892@gmail.com"}
2023-03-21T15:17:19.363Z: {"player_token":"s2thacuu273965","country":"TH","message":"test message","platform":"sms","phone_number":"+84942121984"}
2023-03-21T15:17:19.364Z: {"player_token":"s2donltt725479","country":"UNK","message":"test message","platform":"sms","phone_number":"+84963388663"}
2023-03-21T15:17:19.551Z: {"player_token":"s2tuaphu206898","country":"UNK","message":"test message","platform":"sms","phone_number":"+841213334444"}
2023-03-21T15:17:19.551Z: {"player_token":"s2kawmee066393","country":"UNK","message":"test message","platform":"email","email":"kaweekan69@gmail.com"}
2023-03-21T15:17:19.551Z: {"player_token":"s2honvyy996658","country":"TH","message":"test message","platform":"sms","phone_number":"INV"}
2023-03-21T15:17:19.552Z: {"player_token":"s2dfgdfg242672","country":"UNK","message":"test message","platform":"sms","phone_number":"INV"}
2023-03-21T15:17:19.739Z: {"player_token":"s2thajan575518","country":"UNK","message":"test message","platform":"sms","phone_number":"+66901087484"}
2023-03-21T15:17:19.740Z: {"player_token":"s2viivii896872","country":"UNK","message":"test message","platform":"email","email":"caovian65@gmail.com"}
2023-03-21T15:17:19.740Z: {"player_token":"s2manvuu531010","country":"UNK","message":"test message","platform":"sms","phone_number":"+84859487198"}
2023-03-21T15:17:19.740Z: {"player_token":"s2satsan498646","country":"UNK","message":"test message","platform":"email","email":"tom_godza@yahoo.com"}
2023-03-21T15:17:19.885Z: {"player_token":"s2ertert481432","country":"TH","message":"test message","platform":"sms","phone_number":"INV"}
2023-03-21T15:17:19.965Z: {"player_token":"s2vanhoa101604","country":"TH","message":"test message","platform":"sms","phone_number":"+84935957090"}
2023-03-21T15:17:19.965Z: {"player_token":"s2cuotra457513","country":"UNK","message":"test message","platform":"sms","phone_number":"+841646546354"}
2023-03-21T15:17:19.966Z: {"player_token":"s2kimvoo194238","country":"TH","message":"test message","platform":"sms","phone_number":"+841663339899"}
2023-03-21T15:17:19.966Z: {"player_token":"s2phalai234294","country":"TH","message":"test message","platform":"sms","phone_number":"+841676361497"}
2023-03-21T15:17:20.128Z: {"player_token":"s2ngungu261857","country":"UNK","message":"test message","platform":"email","email":"c2traxanh150687@gmail.com"}
2023-03-21T15:17:20.128Z: {"player_token":"s2quanon252732","country":"UNK","message":"test message","platform":"sms","phone_number":"+84942749127"}
2023-03-21T15:17:20.418Z: {"player_token":"s2ngopha764275","country":"VN","message":"test message","platform":"email","email":"ngochai0224@gmail.com"}
2023-03-21T15:17:20.419Z: {"player_token":"s2thatra099107","country":"UNK","message":"test message","platform":"sms","phone_number":"+84987500139"}
2023-03-21T15:17:20.419Z: {"player_token":"s2trhrjr459306","country":"TH","message":"test message","platform":"sms","phone_number":"INV"}
2023-03-21T15:17:20.419Z: {"player_token":"s2ytiyur754118","country":"TH","message":"test message","platform":"sms","phone_number":"INV"}
2023-03-21T15:17:20.420Z: {"player_token":"s2hoangu517691","country":"UNK","message":"test message","platform":"email","email":"hoangnhan0179@gmail.com"}
2023-03-21T15:17:20.503Z: {"player_token":"s2ngungu453276","country":"UNK","message":"test message","platform":"sms","phone_number":"+841889560723"}
2023-03-21T15:17:20.552Z: {"player_token":"s2duybui435369","country":"TH","message":"test message","platform":"sms","phone_number":"+84979247304"}
2023-03-21T15:17:20.552Z: {"player_token":"s2tratra812565","country":"UNK","message":"test message","platform":"sms","phone_number":"+84988747787"}
2023-03-21T15:17:20.553Z: {"player_token":"s2sayjai853550","country":"TH","message":"test message","platform":"sms","phone_number":"+66954875262"}
2023-03-21T15:17:20.553Z: {"player_token":"s2tarhgd300188","country":"UNK","message":"test message","platform":"email","email":"kokptibull@gmail.com"}
2023-03-21T15:17:20.638Z: {"player_token":"s2penkin773167","country":"UNK","message":"test message","platform":"sms","phone_number":"+66844504835"}
2023-03-21T15:17:20.639Z: {"player_token":"s2ngovan363443","country":"TH","message":"test message","platform":"email","email":"nhattuanvanngoc@gmail.com"}
2023-03-21T15:17:20.744Z: {"player_token":"s2vanngu365879","country":"TH","message":"test message","platform":"email","email":"swquang@gmail.com"}
2023-03-21T15:17:20.745Z: {"player_token":"s2thosrl118434","country":"UNK","message":"test message","platform":"sms","phone_number":"+66994756976"}
2023-03-21T15:17:20.826Z: {"player_token":"s2sarsah265873","country":"TH","message":"test message","platform":"email","email":"chawatluckito123456@gmail.com"}
2023-03-21T15:17:20.827Z: {"player_token":"s2ngungu813049","country":"UNK","message":"test message","platform":"sms","phone_number":"+84933918053"}
2023-03-21T15:17:20.827Z: {"player_token":"s2phiphi164108","country":"UNK","message":"test message","platform":"sms","phone_number":"+84978621126"}
2023-03-21T15:17:20.906Z: {"player_token":"s2poosin028482","country":"TH","message":"test message","platform":"email","email":"poontara_sintakoon@yahoo.co.th"}
2023-03-21T15:17:20.907Z: {"player_token":"s2natpig853723","country":"UNK","message":"test message","platform":"sms","phone_number":"+66867293546"}
2023-03-21T15:17:20.985Z: {"player_token":"s2remboo176952","country":"UNK","message":"test message","platform":"email","email":"help987@outlook.co.th"}
2023-03-21T15:17:21.068Z: {"player_token":"s2tanyon922389","country":"UNK","message":"test message","platform":"sms","phone_number":"+66897236109"}
2023-03-21T15:17:21.385Z: {"player_token":"s2thavuu572674","country":"UNK","message":"test message","platform":"sms","phone_number":"+84948200668"}
2023-03-21T15:17:21.463Z: {"player_token":"s2khokho026199","country":"UNK","message":"test message","platform":"sms","phone_number":"+84987295802"}
2023-03-21T15:17:21.627Z: {"player_token":"s2baahoo228675","country":"TH","message":"test message","platform":"sms","phone_number":"+841644181179"}
2023-03-21T15:17:21.770Z: {"player_token":"s2giango283062","country":"VN","message":"test message","platform":"sms","phone_number":"+841202367814"}
2023-03-21T15:17:21.854Z: {"player_token":"s2tuoduo530700","country":"UNK","message":"test message","platform":"sms","phone_number":"+84978108090"}
2023-03-21T15:18:52.047Z: Listening on port 8041
2023-03-21T15:18:52.060Z: Successfully connected to {localhost}
2023-03-21T15:18:53.474Z: Successfully connected to {data-platform.ckghnqcooulj.ap-southeast-1.redshift.amazonaws.com}
2023-03-21T15:18:53.652Z: {"player_token":"s2pejjae163073","country":"UNK","message":"test message","platform":"sms","phone_number":"+66859533395"}
2023-03-21T15:18:53.654Z: {"player_token":"s2ducngu777338","country":"TH","message":"test message","platform":"sms","phone_number":"+84909123789"}
2023-03-21T15:18:53.763Z: {"player_token":"s2picpan860809","country":"UNK","message":"test message","platform":"email","email":"pichetwork@gmail.com"}
2023-03-21T15:18:53.801Z: {"player_token":"s2tacsir206513","country":"UNK","message":"test message","platform":"email","email":"natt-o@hotmail.com"}
2023-03-21T15:18:53.801Z: {"player_token":"s2amocha456181","country":"UNK","message":"test message","platform":"email","email":"amonchai_anl@hotmail.com"}
2023-03-21T15:18:53.803Z: {"player_token":"s2huytra590111","country":"UNK","message":"test message","platform":"sms","phone_number":"+84937567426"}
2023-03-21T15:18:53.803Z: {"player_token":"s2sumjon810849","country":"UNK","message":"test message","platform":"sms","phone_number":"+66818737338"}
2023-03-21T15:18:53.846Z: {"player_token":"s2dactru331620","country":"UNK","message":"test message","platform":"sms","phone_number":"+84967232361"}
2023-03-21T15:18:53.846Z: {"player_token":"s2thelee240915","country":"UNK","message":"test message","platform":"sms","phone_number":"+84976186994"}
2023-03-21T15:18:53.846Z: {"player_token":"s2ccclll467230","country":"UNK","message":"test message","platform":"sms","phone_number":"INV"}
2023-03-21T15:18:53.924Z: {"player_token":"s2ducpha653500","country":"UNK","message":"test message","platform":"email","email":"tetuongluugukokhoc@yahoo.com"}
2023-03-21T15:18:53.925Z: {"player_token":"s2pilnoi275697","country":"UNK","message":"test message","platform":"sms","phone_number":"+66815958605"}
2023-03-21T15:18:54.006Z: {"player_token":"s2duyngu550403","country":"UNK","message":"test message","platform":"sms","phone_number":"+841697218291"}
2023-03-21T15:18:54.007Z: {"player_token":"s2huungu702756","country":"UNK","message":"test message","platform":"sms","phone_number":"+841692211213"}
2023-03-21T15:18:54.008Z: {"player_token":"s2patsuc245473","country":"TH","message":"test message","platform":"sms","phone_number":"+66824909900"}
2023-03-21T15:18:54.008Z: {"player_token":"s2manngu970753","country":"VN","message":"test message","platform":"email","email":"manhdat.hoahoa@gmail.com"}
2023-03-21T15:18:54.145Z: {"player_token":"s2kripon178558","country":"UNK","message":"test message","platform":"email","email":"nice.pretty0720@gmail.com"}
2023-03-21T15:18:54.146Z: {"player_token":"s2tanrac121847","country":"UNK","message":"test message","platform":"sms","phone_number":"+66985059393"}
2023-03-21T15:18:54.146Z: {"player_token":"s2thalee886715","country":"UNK","message":"test message","platform":"sms","phone_number":"+84948556969"}
2023-03-21T15:18:54.208Z: {"player_token":"s2chivon003337","country":"UNK","message":"test message","platform":"sms","phone_number":"+84946450160"}
2023-03-21T15:18:54.209Z: {"player_token":"s2quatra008348","country":"UNK","message":"test message","platform":"email","email":"tranquangchung270794@gmail.com"}
2023-03-21T15:18:54.210Z: {"player_token":"s2athsri106993","country":"TH","message":"test message","platform":"email","email":"e-ice-ba@hotmail.com"}
2023-03-21T15:18:54.210Z: {"player_token":"s2ngungu191810","country":"TH","message":"test message","platform":"sms","phone_number":"+84905638885"}
2023-03-21T15:18:54.210Z: {"player_token":"s2vietra663180","country":"UNK","message":"test message","platform":"sms","phone_number":"+84985380320"}
2023-03-21T15:18:54.264Z: {"player_token":"s2thilee110100","country":"UNK","message":"test message","platform":"sms","phone_number":"+66888409944"}
2023-03-21T15:18:54.362Z: {"player_token":"s2rawnua958082","country":"UNK","message":"test message","platform":"sms","phone_number":"+66913091120"}
2023-03-21T15:18:54.363Z: {"player_token":"s2sasnun143217","country":"UNK","message":"test message","platform":"sms","phone_number":"+66931929993"}
2023-03-21T15:18:54.363Z: {"player_token":"s2anhpha013289","country":"TH","message":"test message","platform":"email","email":"awidjij@gmail.com"}
2023-03-21T15:18:54.364Z: {"player_token":"s2nirbua136259","country":"TH","message":"test message","platform":"email","email":"Ppsetmet@gmail.com"}
2023-03-21T15:18:54.364Z: {"player_token":"s2mischo927269","country":"UNK","message":"test message","platform":"sms","phone_number":"+66909977724"}
2023-03-21T15:18:54.364Z: {"player_token":"s2chasos385807","country":"VN","message":"test message","platform":"sms","phone_number":"+66878371268"}
2023-03-21T15:18:54.364Z: {"player_token":"s2linngo151089","country":"TH","message":"test message","platform":"sms","phone_number":"+841235841917"}
2023-03-21T15:18:54.441Z: {"player_token":"s2vanhoa095477","country":"UNK","message":"test message","platform":"sms","phone_number":"+841233451666"}
2023-03-21T15:18:54.442Z: {"player_token":"s2thingu652639","country":"UNK","message":"test message","platform":"email","email":"thulinh686@gmail.com"}
2023-03-21T15:18:54.526Z: {"player_token":"s2qaiqai825072","country":"UNK","message":"test message","platform":"sms","phone_number":"INV"}
2023-03-21T15:18:54.613Z: {"player_token":"s2supnga663491","country":"UNK","message":"test message","platform":"sms","phone_number":"+66912092202"}
2023-03-21T15:18:54.614Z: {"player_token":"s2kwupim588532","country":"TH","message":"test message","platform":"email","email":"kp_aristoton@hotmail.com"}
2023-03-21T15:18:54.614Z: {"player_token":"s2hoangu096181","country":"UNK","message":"test message","platform":"email","email":"nguyenvu19832001@yahoo.com"}
2023-03-21T15:18:54.694Z: {"player_token":"s2pitsea049818","country":"UNK","message":"test message","platform":"sms","phone_number":"+66922018378"}
2023-03-21T15:18:54.694Z: {"player_token":"s2baohoo901114","country":"TH","message":"test message","platform":"sms","phone_number":"+841683763568"}
2023-03-21T15:18:54.873Z: {"player_token":"s2nutnet255313","country":"AU","message":"test message","platform":"email","email":"monoinlove@hotmail.com"}
2023-03-21T15:18:54.873Z: {"player_token":"s2ngotra187252","country":"UNK","message":"test message","platform":"email","email":"ngocchien619@gmail.com"}
2023-03-21T15:18:54.873Z: {"player_token":"s2atijai146091","country":"UNK","message":"test message","platform":"sms","phone_number":"+66843664543"}
2023-03-21T15:18:54.948Z: {"player_token":"s2ducvoo817667","country":"UNK","message":"test message","platform":"sms","phone_number":"+841629850900"}
2023-03-21T15:18:55.030Z: {"player_token":"s2chakom063612","country":"UNK","message":"test message","platform":"email","email":"pokermanthailand@gmail.com"}
2023-03-21T15:18:55.106Z: {"player_token":"s2bennop679138","country":"VN","message":"test message","platform":"sms","phone_number":"+66952260989"}
2023-03-21T15:18:55.106Z: {"player_token":"s2faituy081010","country":"UNK","message":"test message","platform":"sms","phone_number":"+66994851448"}
2023-03-21T15:18:55.107Z: {"player_token":"s2honngu713085","country":"UNK","message":"test message","platform":"sms","phone_number":"+84977684488"}
2023-03-21T15:18:55.107Z: {"player_token":"s2thiduo228176","country":"UNK","message":"test message","platform":"email","email":"duongthithanhtuyen1989@gmail.com"}
2023-03-21T15:18:55.185Z: {"player_token":"s2hoatra821023","country":"UNK","message":"test message","platform":"sms","phone_number":"+841674701173"}
2023-03-21T15:18:55.186Z: {"player_token":"s2erwewr908290","country":"UNK","message":"test message","platform":"email","email":"1252090611@gm.uit.edu.vn"}
2023-03-21T15:18:55.262Z: {"player_token":"s2phioph186963","country":"TH","message":"test message","platform":"sms","phone_number":"+66811848008"}
2023-03-21T15:18:55.263Z: {"player_token":"s2ngongu215877","country":"UNK","message":"test message","platform":"sms","phone_number":"+84988892597"}
2023-03-21T15:18:55.263Z: {"player_token":"s2huylee980574","country":"UNK","message":"test message","platform":"email","email":"cakiem_273@yahoo.com"}
2023-03-21T15:18:55.263Z: {"player_token":"s2punsim030576","country":"UNK","message":"test message","platform":"sms","phone_number":"+66854597688"}
2023-03-21T15:18:55.263Z: {"player_token":"s2porsri533337","country":"UNK","message":"test message","platform":"sms","phone_number":"+66946967634"}
2023-03-21T15:18:55.447Z: {"player_token":"s2thacuu273965","country":"TH","message":"test message","platform":"sms","phone_number":"+84942121984"}
2023-03-21T15:18:55.448Z: {"player_token":"s2kawmee066393","country":"UNK","message":"test message","platform":"email","email":"kaweekan69@gmail.com"}
2023-03-21T15:18:55.448Z: {"player_token":"s2thigyy235531","country":"TH","message":"test message","platform":"email","email":"thienhu892@gmail.com"}
2023-03-21T15:18:55.643Z: {"player_token":"s2tuaphu206898","country":"UNK","message":"test message","platform":"sms","phone_number":"+841213334444"}
2023-03-21T15:18:55.722Z: {"player_token":"s2honvyy996658","country":"TH","message":"test message","platform":"sms","phone_number":"INV"}
2023-03-21T15:18:55.829Z: {"player_token":"s2dfgdfg242672","country":"UNK","message":"test message","platform":"sms","phone_number":"INV"}
2023-03-21T15:18:55.907Z: {"player_token":"s2manvuu531010","country":"UNK","message":"test message","platform":"sms","phone_number":"+84859487198"}
2023-03-21T15:18:55.908Z: {"player_token":"s2donltt725479","country":"UNK","message":"test message","platform":"sms","phone_number":"+84963388663"}
2023-03-21T15:18:55.985Z: {"player_token":"s2viivii896872","country":"UNK","message":"test message","platform":"email","email":"caovian65@gmail.com"}
2023-03-21T15:18:56.062Z: {"player_token":"s2satsan498646","country":"UNK","message":"test message","platform":"email","email":"tom_godza@yahoo.com"}
2023-03-21T15:18:56.138Z: {"player_token":"s2thajan575518","country":"UNK","message":"test message","platform":"sms","phone_number":"+66901087484"}
2023-03-21T15:18:56.139Z: {"player_token":"s2kimvoo194238","country":"TH","message":"test message","platform":"sms","phone_number":"+841663339899"}
2023-03-21T15:18:56.256Z: {"player_token":"s2vanhoa101604","country":"TH","message":"test message","platform":"sms","phone_number":"+84935957090"}
2023-03-21T15:18:56.332Z: {"player_token":"s2ertert481432","country":"TH","message":"test message","platform":"sms","phone_number":"INV"}
2023-03-21T15:18:56.411Z: {"player_token":"s2ngungu261857","country":"UNK","message":"test message","platform":"email","email":"c2traxanh150687@gmail.com"}
2023-03-21T15:18:56.411Z: {"player_token":"s2cuotra457513","country":"UNK","message":"test message","platform":"sms","phone_number":"+841646546354"}
2023-03-21T15:18:56.661Z: {"player_token":"s2quanon252732","country":"UNK","message":"test message","platform":"sms","phone_number":"+84942749127"}
2023-03-21T15:18:56.800Z: {"player_token":"s2phalai234294","country":"TH","message":"test message","platform":"sms","phone_number":"+841676361497"}
2023-03-21T15:18:56.876Z: {"player_token":"s2ngungu453276","country":"UNK","message":"test message","platform":"sms","phone_number":"+841889560723"}
2023-03-21T15:18:56.876Z: {"player_token":"s2ytiyur754118","country":"TH","message":"test message","platform":"sms","phone_number":"INV"}
2023-03-21T15:18:56.877Z: {"player_token":"s2trhrjr459306","country":"TH","message":"test message","platform":"sms","phone_number":"INV"}
2023-03-21T15:18:56.877Z: {"player_token":"s2hoangu517691","country":"UNK","message":"test message","platform":"email","email":"hoangnhan0179@gmail.com"}
2023-03-21T15:18:56.951Z: {"player_token":"s2thatra099107","country":"UNK","message":"test message","platform":"sms","phone_number":"+84987500139"}
2023-03-21T15:18:57.008Z: {"player_token":"s2ngopha764275","country":"VN","message":"test message","platform":"email","email":"ngochai0224@gmail.com"}
2023-03-21T15:18:57.009Z: {"player_token":"s2tarhgd300188","country":"UNK","message":"test message","platform":"email","email":"kokptibull@gmail.com"}
2023-03-21T15:18:57.009Z: {"player_token":"s2tratra812565","country":"UNK","message":"test message","platform":"sms","phone_number":"+84988747787"}
2023-03-21T15:18:57.009Z: {"player_token":"s2duybui435369","country":"TH","message":"test message","platform":"sms","phone_number":"+84979247304"}
2023-03-21T15:18:57.029Z: {"player_token":"s2sayjai853550","country":"TH","message":"test message","platform":"sms","phone_number":"+66954875262"}
2023-03-21T15:18:57.108Z: {"player_token":"s2penkin773167","country":"UNK","message":"test message","platform":"sms","phone_number":"+66844504835"}
2023-03-21T15:18:57.184Z: {"player_token":"s2vanngu365879","country":"TH","message":"test message","platform":"email","email":"swquang@gmail.com"}
2023-03-21T15:18:57.185Z: {"player_token":"s2ngovan363443","country":"TH","message":"test message","platform":"email","email":"nhattuanvanngoc@gmail.com"}
2023-03-21T15:18:57.185Z: {"player_token":"s2thosrl118434","country":"UNK","message":"test message","platform":"sms","phone_number":"+66994756976"}
2023-03-21T15:18:57.351Z: {"player_token":"s2ngungu813049","country":"UNK","message":"test message","platform":"sms","phone_number":"+84933918053"}
2023-03-21T15:18:57.430Z: {"player_token":"s2sarsah265873","country":"TH","message":"test message","platform":"email","email":"chawatluckito123456@gmail.com"}
2023-03-21T15:18:57.430Z: {"player_token":"s2remboo176952","country":"UNK","message":"test message","platform":"email","email":"help987@outlook.co.th"}
2023-03-21T15:18:57.548Z: {"player_token":"s2tanyon922389","country":"UNK","message":"test message","platform":"sms","phone_number":"+66897236109"}
2023-03-21T15:18:59.556Z: {"player_token":"s2phiphi164108","country":"UNK","message":"test message","platform":"sms","phone_number":"+84978621126"}
2023-03-21T15:18:59.556Z: {"player_token":"s2poosin028482","country":"TH","message":"test message","platform":"email","email":"poontara_sintakoon@yahoo.co.th"}
2023-03-21T15:18:59.557Z: {"player_token":"s2natpig853723","country":"UNK","message":"test message","platform":"sms","phone_number":"+66867293546"}
2023-03-21T15:18:59.557Z: {"player_token":"s2thavuu572674","country":"UNK","message":"test message","platform":"sms","phone_number":"+84948200668"}
2023-03-21T15:18:59.557Z: {"player_token":"s2baahoo228675","country":"TH","message":"test message","platform":"sms","phone_number":"+841644181179"}
2023-03-21T15:18:59.557Z: {"player_token":"s2khokho026199","country":"UNK","message":"test message","platform":"sms","phone_number":"+84987295802"}
2023-03-21T15:18:59.694Z: {"player_token":"s2tuoduo530700","country":"UNK","message":"test message","platform":"sms","phone_number":"+84978108090"}
2023-03-21T15:18:59.695Z: {"player_token":"s2giango283062","country":"VN","message":"test message","platform":"sms","phone_number":"+841202367814"}
2023-03-21T15:21:29.050Z: Listening on port 8041
2023-03-21T15:21:29.064Z: Successfully connected to {localhost}
2023-03-21T15:21:30.942Z: Successfully connected to {data-platform.ckghnqcooulj.ap-southeast-1.redshift.amazonaws.com}
2023-03-21T15:21:31.171Z: {"player_token":"s2dactru331620","country":"UNK","message":"test message","platform":"sms","phone_number":"+84967232361"}
2023-03-21T15:21:31.176Z: {"player_token":"s2picpan860809","country":"UNK","message":"test message","platform":"email","email":"pichetwork@gmail.com"}
2023-03-21T15:21:31.176Z: {"player_token":"s2ccclll467230","country":"UNK","message":"test message","platform":"sms","phone_number":"INV"}
2023-03-21T15:21:31.177Z: {"player_token":"s2thelee240915","country":"UNK","message":"test message","platform":"sms","phone_number":"+84976186994"}
2023-03-21T15:21:31.177Z: {"player_token":"s2huytra590111","country":"UNK","message":"test message","platform":"sms","phone_number":"+84937567426"}
2023-03-21T15:21:31.256Z: {"player_token":"s2sumjon810849","country":"UNK","message":"test message","platform":"sms","phone_number":"+66818737338"}
2023-03-21T15:21:31.256Z: {"player_token":"s2pejjae163073","country":"UNK","message":"test message","platform":"sms","phone_number":"+66859533395"}
2023-03-21T15:21:31.308Z: {"player_token":"s2duyngu550403","country":"UNK","message":"test message","platform":"sms","phone_number":"+841697218291"}
2023-03-21T15:21:31.309Z: {"player_token":"s2huungu702756","country":"UNK","message":"test message","platform":"sms","phone_number":"+841692211213"}
2023-03-21T15:21:31.309Z: {"player_token":"s2tacsir206513","country":"UNK","message":"test message","platform":"email","email":"natt-o@hotmail.com"}
2023-03-21T15:21:31.309Z: {"player_token":"s2pilnoi275697","country":"UNK","message":"test message","platform":"sms","phone_number":"+66815958605"}
2023-03-21T15:21:31.340Z: {"player_token":"s2amocha456181","country":"UNK","message":"test message","platform":"email","email":"amonchai_anl@hotmail.com"}
2023-03-21T15:21:31.341Z: {"player_token":"s2ducngu777338","country":"TH","message":"test message","platform":"sms","phone_number":"+84909123789"}
2023-03-21T15:21:31.341Z: {"player_token":"s2ducpha653500","country":"UNK","message":"test message","platform":"email","email":"tetuongluugukokhoc@yahoo.com"}
2023-03-21T15:21:31.430Z: {"player_token":"s2patsuc245473","country":"TH","message":"test message","platform":"sms","phone_number":"+66824909900"}
2023-03-21T15:21:31.509Z: {"player_token":"s2thalee886715","country":"UNK","message":"test message","platform":"sms","phone_number":"+84948556969"}
2023-03-21T15:21:31.510Z: {"player_token":"s2tanrac121847","country":"UNK","message":"test message","platform":"sms","phone_number":"+66985059393"}
2023-03-21T15:21:31.510Z: {"player_token":"s2manngu970753","country":"VN","message":"test message","platform":"email","email":"manhdat.hoahoa@gmail.com"}
2023-03-21T15:21:31.511Z: {"player_token":"s2kripon178558","country":"UNK","message":"test message","platform":"email","email":"nice.pretty0720@gmail.com"}
2023-03-21T15:21:31.737Z: {"player_token":"s2chivon003337","country":"UNK","message":"test message","platform":"sms","phone_number":"+84946450160"}
2023-03-21T15:21:31.738Z: {"player_token":"s2ngungu191810","country":"TH","message":"test message","platform":"sms","phone_number":"+84905638885"}
2023-03-21T15:21:31.738Z: {"player_token":"s2rawnua958082","country":"UNK","message":"test message","platform":"sms","phone_number":"+66913091120"}
2023-03-21T15:21:31.738Z: {"player_token":"s2mischo927269","country":"UNK","message":"test message","platform":"sms","phone_number":"+66909977724"}
2023-03-21T15:21:31.738Z: {"player_token":"s2anhpha013289","country":"TH","message":"test message","platform":"email","email":"awidjij@gmail.com"}
2023-03-21T15:21:31.739Z: {"player_token":"s2athsri106993","country":"TH","message":"test message","platform":"email","email":"e-ice-ba@hotmail.com"}
2023-03-21T15:21:31.765Z: {"player_token":"s2thilee110100","country":"UNK","message":"test message","platform":"sms","phone_number":"+66888409944"}
2023-03-21T15:21:31.765Z: {"player_token":"s2vietra663180","country":"UNK","message":"test message","platform":"sms","phone_number":"+84985380320"}
2023-03-21T15:21:31.765Z: {"player_token":"s2quatra008348","country":"UNK","message":"test message","platform":"email","email":"tranquangchung270794@gmail.com"}
2023-03-21T15:21:31.858Z: {"player_token":"s2nirbua136259","country":"TH","message":"test message","platform":"email","email":"Ppsetmet@gmail.com"}
2023-03-21T15:21:31.942Z: {"player_token":"s2linngo151089","country":"TH","message":"test message","platform":"sms","phone_number":"+841235841917"}
2023-03-21T15:21:31.943Z: {"player_token":"s2chasos385807","country":"VN","message":"test message","platform":"sms","phone_number":"+66878371268"}
2023-03-21T15:21:31.943Z: {"player_token":"s2sasnun143217","country":"UNK","message":"test message","platform":"sms","phone_number":"+66931929993"}
2023-03-21T15:21:31.943Z: {"player_token":"s2vanhoa095477","country":"UNK","message":"test message","platform":"sms","phone_number":"+841233451666"}
2023-03-21T15:21:31.943Z: {"player_token":"s2thingu652639","country":"UNK","message":"test message","platform":"email","email":"thulinh686@gmail.com"}
2023-03-21T15:21:32.024Z: {"player_token":"s2bennop679138","country":"VN","message":"test message","platform":"sms","phone_number":"+66952260989"}
2023-03-21T15:21:32.024Z: {"player_token":"s2qaiqai825072","country":"UNK","message":"test message","platform":"sms","phone_number":"INV"}
2023-03-21T15:21:32.024Z: {"player_token":"s2chakom063612","country":"UNK","message":"test message","platform":"email","email":"pokermanthailand@gmail.com"}
2023-03-21T15:21:32.100Z: {"player_token":"s2kwupim588532","country":"TH","message":"test message","platform":"email","email":"kp_aristoton@hotmail.com"}
2023-03-21T15:21:32.101Z: {"player_token":"s2supnga663491","country":"UNK","message":"test message","platform":"sms","phone_number":"+66912092202"}
2023-03-21T15:21:32.101Z: {"player_token":"s2hoangu096181","country":"UNK","message":"test message","platform":"email","email":"nguyenvu19832001@yahoo.com"}
2023-03-21T15:21:32.101Z: {"player_token":"s2pitsea049818","country":"UNK","message":"test message","platform":"sms","phone_number":"+66922018378"}
2023-03-21T15:21:32.188Z: {"player_token":"s2baohoo901114","country":"TH","message":"test message","platform":"sms","phone_number":"+841683763568"}
2023-03-21T15:21:32.269Z: {"player_token":"s2atijai146091","country":"UNK","message":"test message","platform":"sms","phone_number":"+66843664543"}
2023-03-21T15:21:32.270Z: {"player_token":"s2ducvoo817667","country":"UNK","message":"test message","platform":"sms","phone_number":"+841629850900"}
2023-03-21T15:21:32.270Z: {"player_token":"s2faituy081010","country":"UNK","message":"test message","platform":"sms","phone_number":"+66994851448"}
2023-03-21T15:21:32.270Z: {"player_token":"s2ngotra187252","country":"UNK","message":"test message","platform":"email","email":"ngocchien619@gmail.com"}
2023-03-21T15:21:32.270Z: {"player_token":"s2nutnet255313","country":"AU","message":"test message","platform":"email","email":"monoinlove@hotmail.com"}
2023-03-21T15:21:32.402Z: {"player_token":"s2phioph186963","country":"TH","message":"test message","platform":"sms","phone_number":"+66811848008"}
2023-03-21T15:21:32.600Z: {"player_token":"s2porsri533337","country":"UNK","message":"test message","platform":"sms","phone_number":"+66946967634"}
2023-03-21T15:21:32.601Z: {"player_token":"s2thiduo228176","country":"UNK","message":"test message","platform":"email","email":"duongthithanhtuyen1989@gmail.com"}
2023-03-21T15:21:32.601Z: {"player_token":"s2honngu713085","country":"UNK","message":"test message","platform":"sms","phone_number":"+84977684488"}
2023-03-21T15:21:32.601Z: {"player_token":"s2erwewr908290","country":"UNK","message":"test message","platform":"email","email":"1252090611@gm.uit.edu.vn"}
2023-03-21T15:21:32.602Z: {"player_token":"s2punsim030576","country":"UNK","message":"test message","platform":"sms","phone_number":"+66854597688"}
2023-03-21T15:21:32.657Z: {"player_token":"s2hoatra821023","country":"UNK","message":"test message","platform":"sms","phone_number":"+841674701173"}
2023-03-21T15:21:32.657Z: {"player_token":"s2ngongu215877","country":"UNK","message":"test message","platform":"sms","phone_number":"+84988892597"}
2023-03-21T15:21:32.823Z: {"player_token":"s2thigyy235531","country":"TH","message":"test message","platform":"email","email":"thienhu892@gmail.com"}
2023-03-21T15:21:32.823Z: {"player_token":"s2huylee980574","country":"UNK","message":"test message","platform":"email","email":"cakiem_273@yahoo.com"}
2023-03-21T15:21:32.823Z: {"player_token":"s2thacuu273965","country":"TH","message":"test message","platform":"sms","phone_number":"+84942121984"}
2023-03-21T15:21:32.899Z: {"player_token":"s2kawmee066393","country":"UNK","message":"test message","platform":"email","email":"kaweekan69@gmail.com"}
2023-03-21T15:21:33.015Z: {"player_token":"s2honvyy996658","country":"TH","message":"test message","platform":"sms","phone_number":"INV"}
2023-03-21T15:21:33.103Z: {"player_token":"s2tuaphu206898","country":"UNK","message":"test message","platform":"sms","phone_number":"+841213334444"}
2023-03-21T15:21:33.181Z: {"player_token":"s2manvuu531010","country":"UNK","message":"test message","platform":"sms","phone_number":"+84859487198"}
2023-03-21T15:21:33.292Z: {"player_token":"s2viivii896872","country":"UNK","message":"test message","platform":"email","email":"caovian65@gmail.com"}
2023-03-21T15:21:33.370Z: {"player_token":"s2satsan498646","country":"UNK","message":"test message","platform":"email","email":"tom_godza@yahoo.com"}
2023-03-21T15:21:33.502Z: {"player_token":"s2donltt725479","country":"UNK","message":"test message","platform":"sms","phone_number":"+84963388663"}
2023-03-21T15:21:33.503Z: {"player_token":"s2dfgdfg242672","country":"UNK","message":"test message","platform":"sms","phone_number":"INV"}
2023-03-21T15:21:33.618Z: {"player_token":"s2thajan575518","country":"UNK","message":"test message","platform":"sms","phone_number":"+66901087484"}
2023-03-21T15:21:33.700Z: {"player_token":"s2kimvoo194238","country":"TH","message":"test message","platform":"sms","phone_number":"+841663339899"}
2023-03-21T15:21:33.777Z: {"player_token":"s2vanhoa101604","country":"TH","message":"test message","platform":"sms","phone_number":"+84935957090"}
2023-03-21T15:21:33.778Z: {"player_token":"s2ertert481432","country":"TH","message":"test message","platform":"sms","phone_number":"INV"}
2023-03-21T15:21:33.860Z: {"player_token":"s2cuotra457513","country":"UNK","message":"test message","platform":"sms","phone_number":"+841646546354"}
2023-03-21T15:21:33.948Z: {"player_token":"s2ngungu261857","country":"UNK","message":"test message","platform":"email","email":"c2traxanh150687@gmail.com"}
2023-03-21T15:21:34.182Z: {"player_token":"s2quanon252732","country":"UNK","message":"test message","platform":"sms","phone_number":"+84942749127"}
2023-03-21T15:21:34.493Z: {"player_token":"s2thatra099107","country":"UNK","message":"test message","platform":"sms","phone_number":"+84987500139"}
2023-03-21T15:21:34.493Z: {"player_token":"s2phalai234294","country":"TH","message":"test message","platform":"sms","phone_number":"+841676361497"}
2023-03-21T15:21:34.493Z: {"player_token":"s2hoangu517691","country":"UNK","message":"test message","platform":"email","email":"hoangnhan0179@gmail.com"}
2023-03-21T15:21:34.494Z: {"player_token":"s2ytiyur754118","country":"TH","message":"test message","platform":"sms","phone_number":"INV"}
2023-03-21T15:21:34.494Z: {"player_token":"s2ngungu453276","country":"UNK","message":"test message","platform":"sms","phone_number":"+841889560723"}
2023-03-21T15:21:34.494Z: {"player_token":"s2trhrjr459306","country":"TH","message":"test message","platform":"sms","phone_number":"INV"}
2023-03-21T15:21:34.569Z: {"player_token":"s2poosin028482","country":"TH","message":"test message","platform":"email","email":"poontara_sintakoon@yahoo.co.th"}
2023-03-21T15:21:34.633Z: {"player_token":"s2natpig853723","country":"UNK","message":"test message","platform":"sms","phone_number":"+66867293546"}
2023-03-21T15:21:34.634Z: {"player_token":"s2tratra812565","country":"UNK","message":"test message","platform":"sms","phone_number":"+84988747787"}
2023-03-21T15:21:34.634Z: {"player_token":"s2tarhgd300188","country":"UNK","message":"test message","platform":"email","email":"kokptibull@gmail.com"}
2023-03-21T15:21:34.634Z: {"player_token":"s2sayjai853550","country":"TH","message":"test message","platform":"sms","phone_number":"+66954875262"}
2023-03-21T15:21:34.634Z: {"player_token":"s2ngopha764275","country":"VN","message":"test message","platform":"email","email":"ngochai0224@gmail.com"}
2023-03-21T15:21:34.716Z: {"player_token":"s2phiphi164108","country":"UNK","message":"test message","platform":"sms","phone_number":"+84978621126"}
2023-03-21T15:21:34.918Z: {"player_token":"s2duybui435369","country":"TH","message":"test message","platform":"sms","phone_number":"+84979247304"}
2023-03-21T15:21:34.919Z: {"player_token":"s2penkin773167","country":"UNK","message":"test message","platform":"sms","phone_number":"+66844504835"}
2023-03-21T15:21:35.182Z: {"player_token":"s2ngovan363443","country":"TH","message":"test message","platform":"email","email":"nhattuanvanngoc@gmail.com"}
2023-03-21T15:21:35.182Z: {"player_token":"s2vanngu365879","country":"TH","message":"test message","platform":"email","email":"swquang@gmail.com"}
2023-03-21T15:21:35.182Z: {"player_token":"s2thosrl118434","country":"UNK","message":"test message","platform":"sms","phone_number":"+66994756976"}
2023-03-21T15:21:35.183Z: {"player_token":"s2ngungu813049","country":"UNK","message":"test message","platform":"sms","phone_number":"+84933918053"}
2023-03-21T15:21:35.218Z: {"player_token":"s2sarsah265873","country":"TH","message":"test message","platform":"email","email":"chawatluckito123456@gmail.com"}
2023-03-21T15:21:35.304Z: {"player_token":"s2remboo176952","country":"UNK","message":"test message","platform":"email","email":"help987@outlook.co.th"}
2023-03-21T15:21:35.395Z: {"player_token":"s2tanyon922389","country":"UNK","message":"test message","platform":"sms","phone_number":"+66897236109"}
2023-03-21T15:21:35.769Z: {"player_token":"s2thavuu572674","country":"UNK","message":"test message","platform":"sms","phone_number":"+84948200668"}
2023-03-21T15:21:35.769Z: {"player_token":"s2khokho026199","country":"UNK","message":"test message","platform":"sms","phone_number":"+84987295802"}
2023-03-21T15:21:35.893Z: {"player_token":"s2baahoo228675","country":"TH","message":"test message","platform":"sms","phone_number":"+841644181179"}
2023-03-21T15:21:36.002Z: {"player_token":"s2tuoduo530700","country":"UNK","message":"test message","platform":"sms","phone_number":"+84978108090"}
2023-03-21T15:21:36.137Z: {"player_token":"s2giango283062","country":"VN","message":"test message","platform":"sms","phone_number":"+841202367814"}
2023-03-21T15:28:18.777Z: Listening on port 8041
2023-03-21T15:28:18.792Z: Successfully connected to {localhost}
2023-03-21T15:28:20.080Z: Successfully connected to {data-platform.ckghnqcooulj.ap-southeast-1.redshift.amazonaws.com}
2023-03-21T15:28:20.215Z: {"player_token":"s2pejjae163073","country":"UNK","message":"test message","platform":"sms","phone_number":"+66859533395"}
2023-03-21T15:28:20.361Z: {"player_token":"s2ducpha653500","country":"UNK","message":"test message","platform":"email","email":"tetuongluugukokhoc@yahoo.com"}
2023-03-21T15:28:20.361Z: {"player_token":"s2sumjon810849","country":"UNK","message":"test message","platform":"sms","phone_number":"+66818737338"}
2023-03-21T15:28:20.362Z: {"player_token":"s2thelee240915","country":"UNK","message":"test message","platform":"sms","phone_number":"+84976186994"}
2023-03-21T15:28:20.362Z: {"player_token":"s2ducngu777338","country":"TH","message":"test message","platform":"sms","phone_number":"+84909123789"}
2023-03-21T15:28:20.450Z: {"player_token":"s2amocha456181","country":"UNK","message":"test message","platform":"email","email":"amonchai_anl@hotmail.com"}
2023-03-21T15:28:20.451Z: {"player_token":"s2ccclll467230","country":"UNK","message":"test message","platform":"sms","phone_number":"INV"}
2023-03-21T15:28:20.451Z: {"player_token":"s2huytra590111","country":"UNK","message":"test message","platform":"sms","phone_number":"+84937567426"}
2023-03-21T15:28:20.452Z: {"player_token":"s2picpan860809","country":"UNK","message":"test message","platform":"email","email":"pichetwork@gmail.com"}
2023-03-21T15:28:20.452Z: {"player_token":"s2dactru331620","country":"UNK","message":"test message","platform":"sms","phone_number":"+84967232361"}
2023-03-21T15:28:20.539Z: {"player_token":"s2pilnoi275697","country":"UNK","message":"test message","platform":"sms","phone_number":"+66815958605"}
2023-03-21T15:28:20.539Z: {"player_token":"s2tacsir206513","country":"UNK","message":"test message","platform":"email","email":"natt-o@hotmail.com"}
2023-03-21T15:28:20.540Z: {"player_token":"s2duyngu550403","country":"UNK","message":"test message","platform":"sms","phone_number":"+841697218291"}
2023-03-21T15:28:20.540Z: {"player_token":"s2huungu702756","country":"UNK","message":"test message","platform":"sms","phone_number":"+841692211213"}
2023-03-21T15:28:20.620Z: {"player_token":"s2patsuc245473","country":"TH","message":"test message","platform":"sms","phone_number":"+66824909900"}
2023-03-21T15:28:20.621Z: {"player_token":"s2kripon178558","country":"UNK","message":"test message","platform":"email","email":"nice.pretty0720@gmail.com"}
2023-03-21T15:28:20.621Z: {"player_token":"s2manngu970753","country":"VN","message":"test message","platform":"email","email":"manhdat.hoahoa@gmail.com"}
2023-03-21T15:28:20.622Z: {"player_token":"s2tanrac121847","country":"UNK","message":"test message","platform":"sms","phone_number":"+66985059393"}
2023-03-21T15:28:20.700Z: {"player_token":"s2thalee886715","country":"UNK","message":"test message","platform":"sms","phone_number":"+84948556969"}
2023-03-21T15:28:20.700Z: {"player_token":"s2thilee110100","country":"UNK","message":"test message","platform":"sms","phone_number":"+66888409944"}
2023-03-21T15:28:20.700Z: {"player_token":"s2athsri106993","country":"TH","message":"test message","platform":"email","email":"e-ice-ba@hotmail.com"}
2023-03-21T15:28:20.701Z: {"player_token":"s2quatra008348","country":"UNK","message":"test message","platform":"email","email":"tranquangchung270794@gmail.com"}
2023-03-21T15:28:20.701Z: {"player_token":"s2chivon003337","country":"UNK","message":"test message","platform":"sms","phone_number":"+84946450160"}
2023-03-21T15:28:20.778Z: {"player_token":"s2mischo927269","country":"UNK","message":"test message","platform":"sms","phone_number":"+66909977724"}
2023-03-21T15:28:20.779Z: {"player_token":"s2vietra663180","country":"UNK","message":"test message","platform":"sms","phone_number":"+84985380320"}
2023-03-21T15:28:20.779Z: {"player_token":"s2rawnua958082","country":"UNK","message":"test message","platform":"sms","phone_number":"+66913091120"}
2023-03-21T15:28:20.779Z: {"player_token":"s2ngungu191810","country":"TH","message":"test message","platform":"sms","phone_number":"+84905638885"}
2023-03-21T15:28:20.874Z: {"player_token":"s2nirbua136259","country":"TH","message":"test message","platform":"email","email":"Ppsetmet@gmail.com"}
2023-03-21T15:28:20.874Z: {"player_token":"s2chasos385807","country":"VN","message":"test message","platform":"sms","phone_number":"+66878371268"}
2023-03-21T15:28:20.874Z: {"player_token":"s2linngo151089","country":"TH","message":"test message","platform":"sms","phone_number":"+841235841917"}
2023-03-21T15:28:20.875Z: {"player_token":"s2anhpha013289","country":"TH","message":"test message","platform":"email","email":"awidjij@gmail.com"}
2023-03-21T15:28:20.963Z: {"player_token":"s2sasnun143217","country":"UNK","message":"test message","platform":"sms","phone_number":"+66931929993"}
2023-03-21T15:28:20.964Z: {"player_token":"s2thingu652639","country":"UNK","message":"test message","platform":"email","email":"thulinh686@gmail.com"}
2023-03-21T15:28:20.964Z: {"player_token":"s2vanhoa095477","country":"UNK","message":"test message","platform":"sms","phone_number":"+841233451666"}
2023-03-21T15:28:20.964Z: {"player_token":"s2bennop679138","country":"VN","message":"test message","platform":"sms","phone_number":"+66952260989"}
2023-03-21T15:28:20.964Z: {"player_token":"s2chakom063612","country":"UNK","message":"test message","platform":"email","email":"pokermanthailand@gmail.com"}
2023-03-21T15:28:21.043Z: {"player_token":"s2qaiqai825072","country":"UNK","message":"test message","platform":"sms","phone_number":"INV"}
2023-03-21T15:28:21.043Z: {"player_token":"s2supnga663491","country":"UNK","message":"test message","platform":"sms","phone_number":"+66912092202"}
2023-03-21T15:28:21.044Z: {"player_token":"s2hoatra821023","country":"UNK","message":"test message","platform":"sms","phone_number":"+841674701173"}
2023-03-21T15:28:21.044Z: {"player_token":"s2hoangu096181","country":"UNK","message":"test message","platform":"email","email":"nguyenvu19832001@yahoo.com"}
2023-03-21T15:28:21.123Z: {"player_token":"s2kwupim588532","country":"TH","message":"test message","platform":"email","email":"kp_aristoton@hotmail.com"}
2023-03-21T15:28:21.124Z: {"player_token":"s2baohoo901114","country":"TH","message":"test message","platform":"sms","phone_number":"+841683763568"}
2023-03-21T15:28:21.124Z: {"player_token":"s2pitsea049818","country":"UNK","message":"test message","platform":"sms","phone_number":"+66922018378"}
2023-03-21T15:28:21.207Z: {"player_token":"s2atijai146091","country":"UNK","message":"test message","platform":"sms","phone_number":"+66843664543"}
2023-03-21T15:28:21.208Z: {"player_token":"s2ngotra187252","country":"UNK","message":"test message","platform":"email","email":"ngocchien619@gmail.com"}
2023-03-21T15:28:21.208Z: {"player_token":"s2ducvoo817667","country":"UNK","message":"test message","platform":"sms","phone_number":"+841629850900"}
2023-03-21T15:28:21.208Z: {"player_token":"s2nutnet255313","country":"AU","message":"test message","platform":"email","email":"monoinlove@hotmail.com"}
2023-03-21T15:28:21.323Z: {"player_token":"s2faituy081010","country":"UNK","message":"test message","platform":"sms","phone_number":"+66994851448"}
2023-03-21T15:28:21.358Z: {"player_token":"s2erwewr908290","country":"UNK","message":"test message","platform":"email","email":"1252090611@gm.uit.edu.vn"}
2023-03-21T15:28:21.359Z: {"player_token":"s2punsim030576","country":"UNK","message":"test message","platform":"sms","phone_number":"+66854597688"}
2023-03-21T15:28:21.359Z: {"player_token":"s2phioph186963","country":"TH","message":"test message","platform":"sms","phone_number":"+66811848008"}
2023-03-21T15:28:21.359Z: {"player_token":"s2honngu713085","country":"UNK","message":"test message","platform":"sms","phone_number":"+84977684488"}
2023-03-21T15:28:21.359Z: {"player_token":"s2porsri533337","country":"UNK","message":"test message","platform":"sms","phone_number":"+66946967634"}
2023-03-21T15:28:21.405Z: {"player_token":"s2thiduo228176","country":"UNK","message":"test message","platform":"email","email":"duongthithanhtuyen1989@gmail.com"}
2023-03-21T15:28:21.481Z: {"player_token":"s2donltt725479","country":"UNK","message":"test message","platform":"sms","phone_number":"+84963388663"}
2023-03-21T15:28:21.481Z: {"player_token":"s2thigyy235531","country":"TH","message":"test message","platform":"email","email":"thienhu892@gmail.com"}
2023-03-21T15:28:21.481Z: {"player_token":"s2huylee980574","country":"UNK","message":"test message","platform":"email","email":"cakiem_273@yahoo.com"}
2023-03-21T15:28:21.558Z: {"player_token":"s2ngongu215877","country":"UNK","message":"test message","platform":"sms","phone_number":"+84988892597"}
2023-03-21T15:28:21.559Z: {"player_token":"s2thacuu273965","country":"TH","message":"test message","platform":"sms","phone_number":"+84942121984"}
2023-03-21T15:28:21.559Z: {"player_token":"s2dfgdfg242672","country":"UNK","message":"test message","platform":"sms","phone_number":"INV"}
2023-03-21T15:28:21.723Z: {"player_token":"s2kawmee066393","country":"UNK","message":"test message","platform":"email","email":"kaweekan69@gmail.com"}
2023-03-21T15:28:21.802Z: {"player_token":"s2honvyy996658","country":"TH","message":"test message","platform":"sms","phone_number":"INV"}
2023-03-21T15:28:21.802Z: {"player_token":"s2tuaphu206898","country":"UNK","message":"test message","platform":"sms","phone_number":"+841213334444"}
2023-03-21T15:28:21.803Z: {"player_token":"s2manvuu531010","country":"UNK","message":"test message","platform":"sms","phone_number":"+84859487198"}
2023-03-21T15:28:21.918Z: {"player_token":"s2phalai234294","country":"TH","message":"test message","platform":"sms","phone_number":"+841676361497"}
2023-03-21T15:28:21.995Z: {"player_token":"s2viivii896872","country":"UNK","message":"test message","platform":"email","email":"caovian65@gmail.com"}
2023-03-21T15:28:22.075Z: {"player_token":"s2satsan498646","country":"UNK","message":"test message","platform":"email","email":"tom_godza@yahoo.com"}
2023-03-21T15:28:22.075Z: {"player_token":"s2kimvoo194238","country":"TH","message":"test message","platform":"sms","phone_number":"+841663339899"}
2023-03-21T15:28:22.076Z: {"player_token":"s2thajan575518","country":"UNK","message":"test message","platform":"sms","phone_number":"+66901087484"}
2023-03-21T15:28:22.076Z: {"player_token":"s2ngungu453276","country":"UNK","message":"test message","platform":"sms","phone_number":"+841889560723"}
2023-03-21T15:28:22.171Z: {"player_token":"s2vanhoa101604","country":"TH","message":"test message","platform":"sms","phone_number":"+84935957090"}
2023-03-21T15:28:22.269Z: {"player_token":"s2ytiyur754118","country":"TH","message":"test message","platform":"sms","phone_number":"INV"}
2023-03-21T15:28:22.269Z: {"player_token":"s2cuotra457513","country":"UNK","message":"test message","platform":"sms","phone_number":"+841646546354"}
2023-03-21T15:28:22.269Z: {"player_token":"s2ngungu261857","country":"UNK","message":"test message","platform":"email","email":"c2traxanh150687@gmail.com"}
2023-03-21T15:28:22.270Z: {"player_token":"s2ertert481432","country":"TH","message":"test message","platform":"sms","phone_number":"INV"}
2023-03-21T15:28:22.270Z: {"player_token":"s2hoangu517691","country":"UNK","message":"test message","platform":"email","email":"hoangnhan0179@gmail.com"}
2023-03-21T15:28:22.270Z: {"player_token":"s2trhrjr459306","country":"TH","message":"test message","platform":"sms","phone_number":"INV"}
2023-03-21T15:28:22.401Z: {"player_token":"s2thatra099107","country":"UNK","message":"test message","platform":"sms","phone_number":"+84987500139"}
2023-03-21T15:28:22.401Z: {"player_token":"s2quanon252732","country":"UNK","message":"test message","platform":"sms","phone_number":"+84942749127"}
2023-03-21T15:28:22.401Z: {"player_token":"s2ngopha764275","country":"VN","message":"test message","platform":"email","email":"ngochai0224@gmail.com"}
2023-03-21T15:28:22.401Z: {"player_token":"s2tarhgd300188","country":"UNK","message":"test message","platform":"email","email":"kokptibull@gmail.com"}
2023-03-21T15:28:22.527Z: {"player_token":"s2tratra812565","country":"UNK","message":"test message","platform":"sms","phone_number":"+84988747787"}
2023-03-21T15:28:22.528Z: {"player_token":"s2sayjai853550","country":"TH","message":"test message","platform":"sms","phone_number":"+66954875262"}
2023-03-21T15:28:22.528Z: {"player_token":"s2ngovan363443","country":"TH","message":"test message","platform":"email","email":"nhattuanvanngoc@gmail.com"}
2023-03-21T15:28:22.528Z: {"player_token":"s2penkin773167","country":"UNK","message":"test message","platform":"sms","phone_number":"+66844504835"}
2023-03-21T15:28:22.528Z: {"player_token":"s2duybui435369","country":"TH","message":"test message","platform":"sms","phone_number":"+84979247304"}
2023-03-21T15:28:22.650Z: {"player_token":"s2vanngu365879","country":"TH","message":"test message","platform":"email","email":"swquang@gmail.com"}
2023-03-21T15:28:22.735Z: {"player_token":"s2phiphi164108","country":"UNK","message":"test message","platform":"sms","phone_number":"+84978621126"}
2023-03-21T15:28:22.736Z: {"player_token":"s2thosrl118434","country":"UNK","message":"test message","platform":"sms","phone_number":"+66994756976"}
2023-03-21T15:28:22.736Z: {"player_token":"s2ngungu813049","country":"UNK","message":"test message","platform":"sms","phone_number":"+84933918053"}
2023-03-21T15:28:22.736Z: {"player_token":"s2thavuu572674","country":"UNK","message":"test message","platform":"sms","phone_number":"+84948200668"}
2023-03-21T15:28:22.736Z: {"player_token":"s2poosin028482","country":"TH","message":"test message","platform":"email","email":"poontara_sintakoon@yahoo.co.th"}
2023-03-21T15:28:22.814Z: {"player_token":"s2sarsah265873","country":"TH","message":"test message","platform":"email","email":"chawatluckito123456@gmail.com"}
2023-03-21T15:28:22.896Z: {"player_token":"s2natpig853723","country":"UNK","message":"test message","platform":"sms","phone_number":"+66867293546"}
2023-03-21T15:28:22.896Z: {"player_token":"s2tanyon922389","country":"UNK","message":"test message","platform":"sms","phone_number":"+66897236109"}
2023-03-21T15:28:22.896Z: {"player_token":"s2remboo176952","country":"UNK","message":"test message","platform":"email","email":"help987@outlook.co.th"}
2023-03-21T15:28:23.055Z: {"player_token":"s2khokho026199","country":"UNK","message":"test message","platform":"sms","phone_number":"+84987295802"}
2023-03-21T15:28:23.399Z: {"player_token":"s2baahoo228675","country":"TH","message":"test message","platform":"sms","phone_number":"+841644181179"}
2023-03-21T15:28:23.400Z: {"player_token":"s2tuoduo530700","country":"UNK","message":"test message","platform":"sms","phone_number":"+84978108090"}
2023-03-21T15:28:23.479Z: {"player_token":"s2giango283062","country":"VN","message":"test message","platform":"sms","phone_number":"+841202367814"}
2023-03-21T15:28:31.749Z: Listening on port 8041
2023-03-21T15:28:31.761Z: Successfully connected to {localhost}
2023-03-21T15:28:33.062Z: Successfully connected to {data-platform.ckghnqcooulj.ap-southeast-1.redshift.amazonaws.com}
2023-03-21T15:30:36.390Z: Listening on port 8041
2023-03-21T15:30:36.439Z: Successfully connected to {localhost}
2023-03-21T15:30:37.967Z: Successfully connected to {data-platform.ckghnqcooulj.ap-southeast-1.redshift.amazonaws.com}
2023-03-21T15:31:18.387Z: Listening on port 8041
2023-03-21T15:31:18.398Z: Successfully connected to {localhost}
2023-03-21T15:31:19.865Z: Successfully connected to {data-platform.ckghnqcooulj.ap-southeast-1.redshift.amazonaws.com}
2023-03-21T15:31:24.101Z: data
2023-03-21T15:31:24.101Z: notif from database!
2023-03-21T15:31:24.101Z: resending...
2023-03-21T15:32:49.727Z: Listening on port 8041
2023-03-21T15:32:49.740Z: Successfully connected to {localhost}
2023-03-21T15:33:03.790Z: Listening on port 8041
2023-03-21T15:33:03.803Z: Successfully connected to {localhost}
2023-03-21T15:33:44.138Z: Listening on port 8041
2023-03-21T15:33:44.148Z: Successfully connected to {localhost}
2023-03-21T15:33:51.827Z: data
2023-03-21T15:33:51.827Z: notif from database!
2023-03-21T15:33:51.827Z: resending...
2023-03-21T15:34:11.359Z: Local connection error
2023-03-21T15:34:11.365Z: Local connection error
2023-03-21T15:34:59.144Z: Error connecting to {data-platform.ckghnqcooulj.ap-southeast-1.redshift.amazonaws.com}
2023-03-21T15:35:11.361Z: Error connecting to {localhost}
2023-03-21T15:35:11.367Z: Error connecting to {localhost}
2023-03-21T15:35:59.146Z: Error connecting to {data-platform.ckghnqcooulj.ap-southeast-1.redshift.amazonaws.com}
2023-03-21T15:36:11.363Z: Error connecting to {localhost}
2023-03-21T15:36:11.368Z: Error connecting to {localhost}
2023-03-21T15:36:59.148Z: Error connecting to {data-platform.ckghnqcooulj.ap-southeast-1.redshift.amazonaws.com}
2023-03-21T15:37:11.365Z: Error connecting to {localhost}
2023-03-21T15:37:11.369Z: Error connecting to {localhost}
2023-03-21T15:37:32.134Z: Listening on port 8041
2023-03-21T15:37:32.159Z: Successfully connected to {localhost}
2023-03-21T15:37:42.138Z: Local connection error
2023-03-21T15:37:42.472Z: Listening on port 8041
2023-03-21T15:37:42.477Z: Error connecting to {localhost}
2023-03-21T15:38:42.489Z: Successfully connected to {localhost}
2023-03-21T15:38:55.115Z: Listening on port 8041
2023-03-21T15:38:55.131Z: Successfully connected to {localhost}
2023-03-21T15:39:23.912Z: Listening on port 8041
2023-03-21T15:39:23.926Z: Successfully connected to {localhost}
2023-03-21T15:39:27.418Z: data
2023-03-21T15:39:27.418Z: notif from database!
2023-03-21T15:39:27.418Z: resending...
2023-03-21T15:40:38.918Z: Error connecting to {data-platform.ckghnqcooulj.ap-southeast-1.redshift.amazonaws.com}
2023-03-21T15:41:21.689Z: Listening on port 8041
2023-03-21T15:41:21.705Z: Successfully connected to {localhost}
2023-03-21T15:41:23.429Z: Listening on port 8041
2023-03-21T15:41:23.441Z: Successfully connected to {localhost}
2023-03-21T15:41:44.748Z: Listening on port 8041
2023-03-21T15:41:44.759Z: Successfully connected to {localhost}
2023-03-21T15:41:45.902Z: data
2023-03-21T15:41:45.903Z: notif from database!
2023-03-21T15:41:45.903Z: resending...
2023-03-21T15:41:47.952Z: data
2023-03-21T15:41:47.952Z: notif from database!
2023-03-21T15:41:47.952Z: resending...
2023-03-21T15:41:49.234Z: data
2023-03-21T15:41:49.234Z: notif from database!
2023-03-21T15:41:49.234Z: resending...
2023-03-21T15:41:50.569Z: data
2023-03-21T15:41:50.569Z: notif from database!
2023-03-21T15:41:50.569Z: resending...
2023-03-21T15:42:30.607Z: data
2023-03-21T15:42:30.607Z: notif from database!
2023-03-21T15:42:30.608Z: resending...
2023-03-21T15:42:34.029Z: Listening on port 8041
2023-03-21T15:42:34.039Z: Successfully connected to {localhost}
2023-03-21T15:42:36.920Z: data
2023-03-21T15:42:36.920Z: notif from database!
2023-03-21T15:42:36.920Z: resending...
2023-03-21T15:42:43.306Z: data
2023-03-21T15:42:43.306Z: notif from database!
2023-03-21T15:42:43.306Z: resending...
2023-03-21T15:42:46.473Z: data
2023-03-21T15:42:46.473Z: notif from database!
2023-03-21T15:42:46.474Z: resending...
2023-03-21T15:43:38.352Z: {"statusCode":200,"status":true,"message":"Config Added","data":[]}
2023-03-21T15:43:38.356Z: data
2023-03-21T15:43:38.356Z: notif from database!
2023-03-21T15:43:38.356Z: resending...
2023-03-21T15:43:49.035Z: Error connecting to {data-platform.ckghnqcooulj.ap-southeast-1.redshift.amazonaws.com}
2023-03-21T15:43:51.413Z: Listening on port 8041
2023-03-21T15:43:51.422Z: Successfully connected to {localhost}
2023-03-21T15:43:53.508Z: {"statusCode":200,"status":true,"message":"Config Added","data":[]}
2023-03-21T15:43:53.513Z: notif from database!
2023-03-21T15:43:53.513Z: resending...
2023-03-21T15:44:20.628Z: {"statusCode":200,"status":true,"message":"Config Added","data":[]}
2023-03-21T15:44:20.629Z: notif from database!
2023-03-21T15:44:20.629Z: resending...
2023-03-21T15:45:07.385Z: Error connecting to {data-platform.ckghnqcooulj.ap-southeast-1.redshift.amazonaws.com}
2023-03-21T15:47:18.638Z: Listening on port 8041
2023-03-21T15:47:18.651Z: Successfully connected to {localhost}
2023-03-21T15:47:22.112Z: {"statusCode":200,"status":true,"message":"Config Added","data":[]}
2023-03-21T15:48:33.643Z: Error connecting to {data-platform.ckghnqcooulj.ap-southeast-1.redshift.amazonaws.com}
2023-03-21T15:49:35.187Z: Successfully connected to {data-platform.ckghnqcooulj.ap-southeast-1.redshift.amazonaws.com}
2023-03-21T15:51:00.901Z: Listening on port 8041
2023-03-21T15:51:00.912Z: Successfully connected to {localhost}
2023-03-21T15:51:02.349Z: Successfully connected to {data-platform.ckghnqcooulj.ap-southeast-1.redshift.amazonaws.com}
2023-03-21T15:51:04.967Z: {"statusCode":200,"status":true,"message":"Config Added","data":[]}
2023-03-21T15:51:10.260Z: Listening on port 8041
2023-03-21T15:51:10.271Z: Successfully connected to {localhost}
2023-03-21T15:51:11.789Z: Successfully connected to {data-platform.ckghnqcooulj.ap-southeast-1.redshift.amazonaws.com}
2023-03-21T15:52:04.456Z: Listening on port 8041
2023-03-21T15:52:04.467Z: Successfully connected to {localhost}
2023-03-21T15:52:05.896Z: Successfully connected to {data-platform.ckghnqcooulj.ap-southeast-1.redshift.amazonaws.com}
2023-03-21T15:52:12.757Z: {"statusCode":200,"status":true,"message":"Config Added","data":[]}
2023-03-21T15:53:23.277Z: Listening on port 8041
2023-03-21T15:53:23.288Z: Successfully connected to {localhost}
2023-03-21T15:53:24.900Z: Successfully connected to {data-platform.ckghnqcooulj.ap-southeast-1.redshift.amazonaws.com}
2023-03-21T15:53:25.918Z: {"statusCode":200,"status":true,"message":"Config Added","data":[]}
2023-03-21T15:56:22.950Z: Listening on port 8041
2023-03-21T15:56:22.961Z: Successfully connected to {localhost}
2023-03-21T15:56:24.824Z: Successfully connected to {data-platform.ckghnqcooulj.ap-southeast-1.redshift.amazonaws.com}
2023-03-21T15:57:11.392Z: {"statusCode":200,"status":true,"message":"Config Added","data":[]}
2023-03-21T15:57:47.758Z: {"player_token":"s2ducngu777338","country":"TH","message":"test message","platform":"sms","phone_number":"+84909123789"}
2023-03-21T15:57:47.834Z: {"player_token":"s2pejjae163073","country":"UNK","message":"test message","platform":"sms","phone_number":"+66859533395"}
2023-03-21T15:57:47.835Z: {"player_token":"s2thelee240915","country":"UNK","message":"test message","platform":"sms","phone_number":"+84976186994"}
2023-03-21T15:57:47.835Z: {"player_token":"s2picpan860809","country":"UNK","message":"test message","platform":"email","email":"pichetwork@gmail.com"}
2023-03-21T15:57:47.836Z: {"player_token":"s2ccclll467230","country":"UNK","message":"test message","platform":"sms","phone_number":"INV"}
2023-03-21T15:57:47.836Z: {"player_token":"s2ducpha653500","country":"UNK","message":"test message","platform":"email","email":"tetuongluugukokhoc@yahoo.com"}
2023-03-21T15:57:48.669Z: {"player_token":"s2dactru331620","country":"UNK","message":"test message","platform":"sms","phone_number":"+84967232361"}
2023-03-21T15:57:48.749Z: {"player_token":"s2sumjon810849","country":"UNK","message":"test message","platform":"sms","phone_number":"+66818737338"}
2023-03-21T15:58:16.311Z: {"player_token":"s2huytra590111","country":"UNK","message":"test message","platform":"sms","phone_number":"+84937567426"}
2023-03-21T15:58:20.728Z: {"player_token":"s2patsuc245473","country":"TH","message":"test message","platform":"sms","phone_number":"+66824909900"}
2023-03-21T15:58:20.728Z: {"player_token":"s2pilnoi275697","country":"UNK","message":"test message","platform":"sms","phone_number":"+66815958605"}
2023-03-21T15:58:20.729Z: {"player_token":"s2tacsir206513","country":"UNK","message":"test message","platform":"email","email":"natt-o@hotmail.com"}
2023-03-21T15:58:20.729Z: {"player_token":"s2duyngu550403","country":"UNK","message":"test message","platform":"sms","phone_number":"+841697218291"}
2023-03-21T15:58:20.729Z: {"player_token":"s2huungu702756","country":"UNK","message":"test message","platform":"sms","phone_number":"+841692211213"}
2023-03-21T15:58:20.730Z: {"player_token":"s2amocha456181","country":"UNK","message":"test message","platform":"email","email":"amonchai_anl@hotmail.com"}
2023-03-21T15:58:21.717Z: {"player_token":"s2kripon178558","country":"UNK","message":"test message","platform":"email","email":"nice.pretty0720@gmail.com"}
2023-03-21T15:58:22.172Z: {"player_token":"s2manngu970753","country":"VN","message":"test message","platform":"email","email":"manhdat.hoahoa@gmail.com"}
2023-03-21T15:58:22.275Z: {"player_token":"s2tanrac121847","country":"UNK","message":"test message","platform":"sms","phone_number":"+66985059393"}
2023-03-21T15:58:22.276Z: {"player_token":"s2athsri106993","country":"TH","message":"test message","platform":"email","email":"e-ice-ba@hotmail.com"}
2023-03-21T15:58:22.276Z: {"player_token":"s2thalee886715","country":"UNK","message":"test message","platform":"sms","phone_number":"+84948556969"}
2023-03-21T15:58:22.276Z: {"player_token":"s2thilee110100","country":"UNK","message":"test message","platform":"sms","phone_number":"+66888409944"}
2023-03-21T15:58:22.277Z: {"player_token":"s2ngungu191810","country":"TH","message":"test message","platform":"sms","phone_number":"+84905638885"}
2023-03-21T15:58:22.354Z: {"player_token":"s2quatra008348","country":"UNK","message":"test message","platform":"email","email":"tranquangchung270794@gmail.com"}
2023-03-21T15:58:22.354Z: {"player_token":"s2chivon003337","country":"UNK","message":"test message","platform":"sms","phone_number":"+84946450160"}
2023-03-21T15:58:22.436Z: {"player_token":"s2vietra663180","country":"UNK","message":"test message","platform":"sms","phone_number":"+84985380320"}
2023-03-21T15:58:23.687Z: {"player_token":"s2anhpha013289","country":"TH","message":"test message","platform":"email","email":"awidjij@gmail.com"}
2023-03-21T15:58:23.794Z: {"player_token":"s2rawnua958082","country":"UNK","message":"test message","platform":"sms","phone_number":"+66913091120"}
2023-03-21T15:58:23.881Z: {"player_token":"s2linngo151089","country":"TH","message":"test message","platform":"sms","phone_number":"+841235841917"}
2023-03-21T15:58:23.882Z: {"player_token":"s2nirbua136259","country":"TH","message":"test message","platform":"email","email":"Ppsetmet@gmail.com"}
2023-03-21T15:58:23.882Z: {"player_token":"s2chasos385807","country":"VN","message":"test message","platform":"sms","phone_number":"+66878371268"}
2023-03-21T15:58:23.968Z: {"player_token":"s2mischo927269","country":"UNK","message":"test message","platform":"sms","phone_number":"+66909977724"}
2023-03-21T15:58:23.969Z: {"player_token":"s2vanhoa095477","country":"UNK","message":"test message","platform":"sms","phone_number":"+841233451666"}
2023-03-21T15:58:23.969Z: {"player_token":"s2sasnun143217","country":"UNK","message":"test message","platform":"sms","phone_number":"+66931929993"}
2023-03-21T15:58:23.969Z: {"player_token":"s2thingu652639","country":"UNK","message":"test message","platform":"email","email":"thulinh686@gmail.com"}
2023-03-21T15:58:26.888Z: {"player_token":"s2hoatra821023","country":"UNK","message":"test message","platform":"sms","phone_number":"+841674701173"}
2023-03-21T15:58:27.473Z: {"player_token":"s2supnga663491","country":"UNK","message":"test message","platform":"sms","phone_number":"+66912092202"}
2023-03-21T15:58:27.473Z: {"player_token":"s2kwupim588532","country":"TH","message":"test message","platform":"email","email":"kp_aristoton@hotmail.com"}
2023-03-21T15:58:27.474Z: {"player_token":"s2chakom063612","country":"UNK","message":"test message","platform":"email","email":"pokermanthailand@gmail.com"}
2023-03-21T15:58:27.474Z: {"player_token":"s2baohoo901114","country":"TH","message":"test message","platform":"sms","phone_number":"+841683763568"}
2023-03-21T15:58:27.474Z: {"player_token":"s2pitsea049818","country":"UNK","message":"test message","platform":"sms","phone_number":"+66922018378"}
2023-03-21T15:58:27.474Z: {"player_token":"s2qaiqai825072","country":"UNK","message":"test message","platform":"sms","phone_number":"INV"}
2023-03-21T15:58:27.553Z: {"player_token":"s2hoangu096181","country":"UNK","message":"test message","platform":"email","email":"nguyenvu19832001@yahoo.com"}
2023-03-21T15:58:27.553Z: {"player_token":"s2bennop679138","country":"VN","message":"test message","platform":"sms","phone_number":"+66952260989"}
2023-03-21T15:58:28.291Z: Listening on port 8041
2023-03-21T15:58:28.300Z: Successfully connected to {localhost}
2023-03-21T15:58:29.871Z: Successfully connected to {data-platform.ckghnqcooulj.ap-southeast-1.redshift.amazonaws.com}
2023-03-21T15:58:31.739Z: {"statusCode":200,"status":true,"message":"Config Added","data":[]}
2023-03-21T15:58:38.954Z: {"player_token":"s2ducpha653500","country":"UNK","message":"test message","platform":"email","email":"tetuongluugukokhoc@yahoo.com"}
2023-03-21T15:58:39.037Z: {"player_token":"s2ducngu777338","country":"TH","message":"test message","platform":"sms","phone_number":"+84909123789"}
2023-03-21T15:58:40.068Z: {"player_token":"s2sumjon810849","country":"UNK","message":"test message","platform":"sms","phone_number":"+66818737338"}
2023-03-21T15:58:40.069Z: {"player_token":"s2tacsir206513","country":"UNK","message":"test message","platform":"email","email":"natt-o@hotmail.com"}
2023-03-21T15:58:40.069Z: {"player_token":"s2ccclll467230","country":"UNK","message":"test message","platform":"sms","phone_number":"INV"}
2023-03-21T15:58:40.070Z: {"player_token":"s2picpan860809","country":"UNK","message":"test message","platform":"email","email":"pichetwork@gmail.com"}
2023-03-21T15:58:40.070Z: {"player_token":"s2thelee240915","country":"UNK","message":"test message","platform":"sms","phone_number":"+84976186994"}
2023-03-21T15:58:40.070Z: {"player_token":"s2dactru331620","country":"UNK","message":"test message","platform":"sms","phone_number":"+84967232361"}
2023-03-21T15:58:40.071Z: {"player_token":"s2huytra590111","country":"UNK","message":"test message","platform":"sms","phone_number":"+84937567426"}
2023-03-21T15:58:40.146Z: {"player_token":"s2pejjae163073","country":"UNK","message":"test message","platform":"sms","phone_number":"+66859533395"}
2023-03-21T15:58:40.146Z: {"player_token":"s2amocha456181","country":"UNK","message":"test message","platform":"email","email":"amonchai_anl@hotmail.com"}
2023-03-21T15:58:41.402Z: {"player_token":"s2pilnoi275697","country":"UNK","message":"test message","platform":"sms","phone_number":"+66815958605"}
2023-03-21T15:58:41.403Z: {"player_token":"s2duyngu550403","country":"UNK","message":"test message","platform":"sms","phone_number":"+841697218291"}
2023-03-21T15:58:41.403Z: {"player_token":"s2tanrac121847","country":"UNK","message":"test message","platform":"sms","phone_number":"+66985059393"}
2023-03-21T15:58:41.404Z: {"player_token":"s2huungu702756","country":"UNK","message":"test message","platform":"sms","phone_number":"+841692211213"}
2023-03-21T15:58:41.404Z: {"player_token":"s2manngu970753","country":"VN","message":"test message","platform":"email","email":"manhdat.hoahoa@gmail.com"}
2023-03-21T15:58:41.405Z: {"player_token":"s2thilee110100","country":"UNK","message":"test message","platform":"sms","phone_number":"+66888409944"}
2023-03-21T15:58:41.481Z: {"player_token":"s2thalee886715","country":"UNK","message":"test message","platform":"sms","phone_number":"+84948556969"}
2023-03-21T15:58:41.637Z: {"player_token":"s2rawnua958082","country":"UNK","message":"test message","platform":"sms","phone_number":"+66913091120"}
2023-03-21T15:58:41.638Z: {"player_token":"s2kripon178558","country":"UNK","message":"test message","platform":"email","email":"nice.pretty0720@gmail.com"}
2023-03-21T15:58:41.717Z: {"player_token":"s2patsuc245473","country":"TH","message":"test message","platform":"sms","phone_number":"+66824909900"}
2023-03-21T15:58:41.904Z: {"player_token":"s2nirbua136259","country":"TH","message":"test message","platform":"email","email":"Ppsetmet@gmail.com"}
2023-03-21T15:58:41.905Z: {"player_token":"s2anhpha013289","country":"TH","message":"test message","platform":"email","email":"awidjij@gmail.com"}
2023-03-21T15:58:41.981Z: {"player_token":"s2chasos385807","country":"VN","message":"test message","platform":"sms","phone_number":"+66878371268"}
2023-03-21T15:58:42.096Z: {"player_token":"s2linngo151089","country":"TH","message":"test message","platform":"sms","phone_number":"+841235841917"}
2023-03-21T15:58:42.466Z: {"player_token":"s2ngungu191810","country":"TH","message":"test message","platform":"sms","phone_number":"+84905638885"}
2023-03-21T15:58:42.541Z: {"player_token":"s2mischo927269","country":"UNK","message":"test message","platform":"sms","phone_number":"+66909977724"}
2023-03-21T15:58:42.542Z: {"player_token":"s2quatra008348","country":"UNK","message":"test message","platform":"email","email":"tranquangchung270794@gmail.com"}
2023-03-21T15:58:42.628Z: {"player_token":"s2chivon003337","country":"UNK","message":"test message","platform":"sms","phone_number":"+84946450160"}
2023-03-21T15:58:42.629Z: {"player_token":"s2athsri106993","country":"TH","message":"test message","platform":"email","email":"e-ice-ba@hotmail.com"}
2023-03-21T15:58:42.629Z: {"player_token":"s2vietra663180","country":"UNK","message":"test message","platform":"sms","phone_number":"+84985380320"}
2023-03-21T15:58:42.862Z: {"player_token":"s2vanhoa095477","country":"UNK","message":"test message","platform":"sms","phone_number":"+841233451666"}
2023-03-21T15:58:42.940Z: {"player_token":"s2sasnun143217","country":"UNK","message":"test message","platform":"sms","phone_number":"+66931929993"}
2023-03-21T15:58:42.941Z: {"player_token":"s2thingu652639","country":"UNK","message":"test message","platform":"email","email":"thulinh686@gmail.com"}
2023-03-21T15:58:43.779Z: {"player_token":"s2chakom063612","country":"UNK","message":"test message","platform":"email","email":"pokermanthailand@gmail.com"}
2023-03-21T15:58:43.818Z: {"player_token":"s2qaiqai825072","country":"UNK","message":"test message","platform":"sms","phone_number":"INV"}
2023-03-21T15:58:43.818Z: {"player_token":"s2bennop679138","country":"VN","message":"test message","platform":"sms","phone_number":"+66952260989"}
2023-03-21T15:58:43.900Z: {"player_token":"s2hoangu096181","country":"UNK","message":"test message","platform":"email","email":"nguyenvu19832001@yahoo.com"}
2023-03-21T15:58:43.900Z: {"player_token":"s2hoatra821023","country":"UNK","message":"test message","platform":"sms","phone_number":"+841674701173"}
2023-03-21T15:58:43.901Z: {"player_token":"s2supnga663491","country":"UNK","message":"test message","platform":"sms","phone_number":"+66912092202"}
2023-03-21T15:58:44.060Z: {"player_token":"s2kwupim588532","country":"TH","message":"test message","platform":"email","email":"kp_aristoton@hotmail.com"}
2023-03-21T15:58:44.138Z: {"player_token":"s2baohoo901114","country":"TH","message":"test message","platform":"sms","phone_number":"+841683763568"}
2023-03-21T15:58:44.139Z: {"player_token":"s2pitsea049818","country":"UNK","message":"test message","platform":"sms","phone_number":"+66922018378"}
2023-03-21T15:58:45.084Z: {"player_token":"s2donltt725479","country":"UNK","message":"test message","platform":"sms","phone_number":"+84963388663"}
2023-03-21T15:58:45.162Z: {"player_token":"s2atijai146091","country":"UNK","message":"test message","platform":"sms","phone_number":"+66843664543"}
2023-03-21T15:58:45.805Z: {"player_token":"s2nutnet255313","country":"AU","message":"test message","platform":"email","email":"monoinlove@hotmail.com"}
2023-03-21T15:58:45.852Z: {"player_token":"s2dfgdfg242672","country":"UNK","message":"test message","platform":"sms","phone_number":"INV"}
2023-03-21T15:58:45.852Z: {"player_token":"s2ngotra187252","country":"UNK","message":"test message","platform":"email","email":"ngocchien619@gmail.com"}
2023-03-21T15:58:45.853Z: {"player_token":"s2ducvoo817667","country":"UNK","message":"test message","platform":"sms","phone_number":"+841629850900"}
2023-03-21T15:58:45.853Z: {"player_token":"s2thiduo228176","country":"UNK","message":"test message","platform":"email","email":"duongthithanhtuyen1989@gmail.com"}
2023-03-21T15:58:45.853Z: {"player_token":"s2faituy081010","country":"UNK","message":"test message","platform":"sms","phone_number":"+66994851448"}
2023-03-21T15:58:45.853Z: {"player_token":"s2honngu713085","country":"UNK","message":"test message","platform":"sms","phone_number":"+84977684488"}
2023-03-21T15:58:45.882Z: {"player_token":"s2phioph186963","country":"TH","message":"test message","platform":"sms","phone_number":"+66811848008"}
2023-03-21T15:58:45.996Z: {"player_token":"s2erwewr908290","country":"UNK","message":"test message","platform":"email","email":"1252090611@gm.uit.edu.vn"}
2023-03-21T15:58:47.163Z: {"player_token":"s2porsri533337","country":"UNK","message":"test message","platform":"sms","phone_number":"+66946967634"}
2023-03-21T15:58:47.273Z: {"player_token":"s2punsim030576","country":"UNK","message":"test message","platform":"sms","phone_number":"+66854597688"}
2023-03-21T15:58:47.273Z: {"player_token":"s2ngongu215877","country":"UNK","message":"test message","platform":"sms","phone_number":"+84988892597"}
2023-03-21T15:58:47.273Z: {"player_token":"s2huylee980574","country":"UNK","message":"test message","platform":"email","email":"cakiem_273@yahoo.com"}
2023-03-21T15:58:47.273Z: {"player_token":"s2ngungu453276","country":"UNK","message":"test message","platform":"sms","phone_number":"+841889560723"}
2023-03-21T15:58:47.273Z: {"player_token":"s2thigyy235531","country":"TH","message":"test message","platform":"email","email":"thienhu892@gmail.com"}
2023-03-21T15:58:47.273Z: {"player_token":"s2thacuu273965","country":"TH","message":"test message","platform":"sms","phone_number":"+84942121984"}
2023-03-21T15:58:47.275Z: {"player_token":"s2phalai234294","country":"TH","message":"test message","platform":"sms","phone_number":"+841676361497"}
2023-03-21T15:58:47.275Z: {"player_token":"s2ytiyur754118","country":"TH","message":"test message","platform":"sms","phone_number":"INV"}
2023-03-21T15:58:47.876Z: {"player_token":"s2kawmee066393","country":"UNK","message":"test message","platform":"email","email":"kaweekan69@gmail.com"}
2023-03-21T15:58:48.602Z: {"player_token":"s2thajan575518","country":"UNK","message":"test message","platform":"sms","phone_number":"+66901087484"}
2023-03-21T15:58:48.667Z: {"player_token":"s2honvyy996658","country":"TH","message":"test message","platform":"sms","phone_number":"INV"}
2023-03-21T15:58:48.667Z: {"player_token":"s2hoangu517691","country":"UNK","message":"test message","platform":"email","email":"hoangnhan0179@gmail.com"}
2023-03-21T15:58:48.667Z: {"player_token":"s2tuaphu206898","country":"UNK","message":"test message","platform":"sms","phone_number":"+841213334444"}
2023-03-21T15:58:48.668Z: {"player_token":"s2trhrjr459306","country":"TH","message":"test message","platform":"sms","phone_number":"INV"}
2023-03-21T15:58:48.668Z: {"player_token":"s2viivii896872","country":"UNK","message":"test message","platform":"email","email":"caovian65@gmail.com"}
2023-03-21T15:58:48.668Z: {"player_token":"s2manvuu531010","country":"UNK","message":"test message","platform":"sms","phone_number":"+84859487198"}
2023-03-21T15:58:48.682Z: {"player_token":"s2satsan498646","country":"UNK","message":"test message","platform":"email","email":"tom_godza@yahoo.com"}
2023-03-21T15:58:49.691Z: {"player_token":"s2kimvoo194238","country":"TH","message":"test message","platform":"sms","phone_number":"+841663339899"}
2023-03-21T15:58:49.826Z: {"player_token":"s2vanhoa101604","country":"TH","message":"test message","platform":"sms","phone_number":"+84935957090"}
2023-03-21T15:58:50.269Z: {"player_token":"s2cuotra457513","country":"UNK","message":"test message","platform":"sms","phone_number":"+841646546354"}
2023-03-21T15:58:50.362Z: {"player_token":"s2quanon252732","country":"UNK","message":"test message","platform":"sms","phone_number":"+84942749127"}
2023-03-21T15:58:50.362Z: {"player_token":"s2ertert481432","country":"TH","message":"test message","platform":"sms","phone_number":"INV"}
2023-03-21T15:58:51.050Z: {"player_token":"s2phiphi164108","country":"UNK","message":"test message","platform":"sms","phone_number":"+84978621126"}
2023-03-21T15:58:51.131Z: {"player_token":"s2poosin028482","country":"TH","message":"test message","platform":"email","email":"poontara_sintakoon@yahoo.co.th"}
2023-03-21T15:58:51.131Z: {"player_token":"s2natpig853723","country":"UNK","message":"test message","platform":"sms","phone_number":"+66867293546"}
2023-03-21T15:58:51.131Z: {"player_token":"s2ngungu261857","country":"UNK","message":"test message","platform":"email","email":"c2traxanh150687@gmail.com"}
2023-03-21T15:58:51.131Z: {"player_token":"s2ngopha764275","country":"VN","message":"test message","platform":"email","email":"ngochai0224@gmail.com"}
2023-03-21T15:58:51.132Z: {"player_token":"s2thatra099107","country":"UNK","message":"test message","platform":"sms","phone_number":"+84987500139"}
2023-03-21T15:58:52.312Z: {"player_token":"s2sayjai853550","country":"TH","message":"test message","platform":"sms","phone_number":"+66954875262"}
2023-03-21T15:58:52.392Z: {"player_token":"s2tratra812565","country":"UNK","message":"test message","platform":"sms","phone_number":"+84988747787"}
2023-03-21T15:58:52.392Z: {"player_token":"s2tarhgd300188","country":"UNK","message":"test message","platform":"email","email":"kokptibull@gmail.com"}
2023-03-21T15:58:52.577Z: {"player_token":"s2thosrl118434","country":"UNK","message":"test message","platform":"sms","phone_number":"+66994756976"}
2023-03-21T15:58:52.578Z: {"player_token":"s2penkin773167","country":"UNK","message":"test message","platform":"sms","phone_number":"+66844504835"}
2023-03-21T15:58:52.656Z: {"player_token":"s2ngovan363443","country":"TH","message":"test message","platform":"email","email":"nhattuanvanngoc@gmail.com"}
2023-03-21T15:58:52.657Z: {"player_token":"s2thavuu572674","country":"UNK","message":"test message","platform":"sms","phone_number":"+84948200668"}
2023-03-21T15:58:52.657Z: {"player_token":"s2duybui435369","country":"TH","message":"test message","platform":"sms","phone_number":"+84979247304"}
2023-03-21T15:58:52.657Z: {"player_token":"s2vanngu365879","country":"TH","message":"test message","platform":"email","email":"swquang@gmail.com"}
2023-03-21T15:58:54.921Z: {"player_token":"s2khokho026199","country":"UNK","message":"test message","platform":"sms","phone_number":"+84987295802"}
2023-03-21T15:58:55.291Z: {"player_token":"s2baahoo228675","country":"TH","message":"test message","platform":"sms","phone_number":"+841644181179"}
2023-03-21T15:58:55.291Z: {"player_token":"s2tuoduo530700","country":"UNK","message":"test message","platform":"sms","phone_number":"+84978108090"}
2023-03-21T15:58:55.371Z: {"player_token":"s2tanyon922389","country":"UNK","message":"test message","platform":"sms","phone_number":"+66897236109"}
2023-03-21T15:58:55.371Z: {"player_token":"s2giango283062","country":"VN","message":"test message","platform":"sms","phone_number":"+841202367814"}
2023-03-21T15:58:55.372Z: {"player_token":"s2sarsah265873","country":"TH","message":"test message","platform":"email","email":"chawatluckito123456@gmail.com"}
2023-03-21T15:58:55.372Z: {"player_token":"s2ngungu813049","country":"UNK","message":"test message","platform":"sms","phone_number":"+84933918053"}
2023-03-21T15:58:55.372Z: {"player_token":"s2remboo176952","country":"UNK","message":"test message","platform":"email","email":"help987@outlook.co.th"}
