2023-03-23T04:45:51.229Z: Listening on port 8041
2023-03-23T04:45:51.252Z: Successfully connected to {localhost}
2023-03-23T04:45:55.518Z: Successfully connected to {data-platform.ckghnqcooulj.ap-southeast-1.redshift.amazonaws.com}
2023-03-23T05:22:52.752Z: Listening on port 8041
2023-03-23T05:22:52.765Z: Successfully connected to {localhost}
2023-03-23T05:22:54.249Z: Successfully connected to {data-platform.ckghnqcooulj.ap-southeast-1.redshift.amazonaws.com}
2023-03-23T05:24:04.918Z: {"player_token":"s2ducpha653500","country":"UNK","message":"test message","platform":"email","email":"tetuongluugukokhoc@yahoo.com"}
2023-03-23T05:24:06.030Z: {"player_token":"s2pejjae163073","country":"UNK","message":"test message","platform":"sms","phone_number":"+66859533395"}
2023-03-23T05:24:06.112Z: {"player_token":"s2picpan860809","country":"UNK","message":"test message","platform":"email","email":"pichetwork@gmail.com"}
2023-03-23T05:24:06.112Z: {"player_token":"s2sumjon810849","country":"UNK","message":"test message","platform":"sms","phone_number":"+66818737338"}
2023-03-23T05:24:06.113Z: {"player_token":"s2thelee240915","country":"UNK","message":"test message","platform":"sms","phone_number":"+84976186994"}
2023-03-23T05:24:06.115Z: {"player_token":"s2ccclll467230","country":"UNK","message":"test message","platform":"sms","phone_number":"INV"}
2023-03-23T05:24:06.193Z: {"player_token":"s2huytra590111","country":"UNK","message":"test message","platform":"sms","phone_number":"+84937567426"}
2023-03-23T05:24:06.193Z: {"player_token":"s2ducngu777338","country":"TH","message":"test message","platform":"sms","phone_number":"+84909123789"}
2023-03-23T05:24:06.194Z: {"player_token":"s2dactru331620","country":"UNK","message":"test message","platform":"sms","phone_number":"+84967232361"}
2023-03-23T05:24:07.158Z: {"player_token":"s2amocha456181","country":"UNK","message":"test message","platform":"email","email":"amonchai_anl@hotmail.com"}
2023-03-23T05:24:08.686Z: {"player_token":"s2manngu970753","country":"VN","message":"test message","platform":"email","email":"manhdat.hoahoa@gmail.com"}
2023-03-23T05:24:08.686Z: {"player_token":"s2pilnoi275697","country":"UNK","message":"test message","platform":"sms","phone_number":"+66815958605"}
2023-03-23T05:24:08.687Z: {"player_token":"s2huungu702756","country":"UNK","message":"test message","platform":"sms","phone_number":"+841692211213"}
2023-03-23T05:24:08.687Z: {"player_token":"s2duyngu550403","country":"UNK","message":"test message","platform":"sms","phone_number":"+841697218291"}
2023-03-23T05:24:08.687Z: {"player_token":"s2patsuc245473","country":"TH","message":"test message","platform":"sms","phone_number":"+66824909900"}
2023-03-23T05:24:08.688Z: {"player_token":"s2tanrac121847","country":"UNK","message":"test message","platform":"sms","phone_number":"+66985059393"}
2023-03-23T05:24:08.770Z: {"player_token":"s2kripon178558","country":"UNK","message":"test message","platform":"email","email":"nice.pretty0720@gmail.com"}
2023-03-23T05:24:08.770Z: {"player_token":"s2tacsir206513","country":"UNK","message":"test message","platform":"email","email":"natt-o@hotmail.com"}
2023-03-23T05:24:08.770Z: {"player_token":"s2thalee886715","country":"UNK","message":"test message","platform":"sms","phone_number":"+84948556969"}
2023-03-23T05:24:10.610Z: {"player_token":"s2chivon003337","country":"UNK","message":"test message","platform":"sms","phone_number":"+84946450160"}
2023-03-23T05:24:10.649Z: {"player_token":"s2rawnua958082","country":"UNK","message":"test message","platform":"sms","phone_number":"+66913091120"}
2023-03-23T05:24:10.649Z: {"player_token":"s2vietra663180","country":"UNK","message":"test message","platform":"sms","phone_number":"+84985380320"}
2023-03-23T05:24:10.649Z: {"player_token":"s2quatra008348","country":"UNK","message":"test message","platform":"email","email":"tranquangchung270794@gmail.com"}
2023-03-23T05:24:10.650Z: {"player_token":"s2thilee110100","country":"UNK","message":"test message","platform":"sms","phone_number":"+66888409944"}
2023-03-23T05:24:10.650Z: {"player_token":"s2ngungu191810","country":"TH","message":"test message","platform":"sms","phone_number":"+84905638885"}
2023-03-23T05:24:10.691Z: {"player_token":"s2athsri106993","country":"TH","message":"test message","platform":"email","email":"e-ice-ba@hotmail.com"}
2023-03-23T05:24:10.691Z: {"player_token":"s2anhpha013289","country":"TH","message":"test message","platform":"email","email":"awidjij@gmail.com"}
2023-03-23T05:24:10.691Z: {"player_token":"s2mischo927269","country":"UNK","message":"test message","platform":"sms","phone_number":"+66909977724"}
2023-03-23T05:24:12.024Z: {"player_token":"s2chasos385807","country":"VN","message":"test message","platform":"sms","phone_number":"+66878371268"}
2023-03-23T05:24:12.106Z: {"player_token":"s2linngo151089","country":"TH","message":"test message","platform":"sms","phone_number":"+841235841917"}
2023-03-23T05:24:12.107Z: {"player_token":"s2chakom063612","country":"UNK","message":"test message","platform":"email","email":"pokermanthailand@gmail.com"}
2023-03-23T05:24:12.107Z: {"player_token":"s2thingu652639","country":"UNK","message":"test message","platform":"email","email":"thulinh686@gmail.com"}
2023-03-23T05:24:12.108Z: {"player_token":"s2vanhoa095477","country":"UNK","message":"test message","platform":"sms","phone_number":"+841233451666"}
2023-03-23T05:24:12.190Z: {"player_token":"s2nirbua136259","country":"TH","message":"test message","platform":"email","email":"Ppsetmet@gmail.com"}
2023-03-23T05:24:12.190Z: {"player_token":"s2sasnun143217","country":"UNK","message":"test message","platform":"sms","phone_number":"+66931929993"}
2023-03-23T05:24:12.191Z: {"player_token":"s2qaiqai825072","country":"UNK","message":"test message","platform":"sms","phone_number":"INV"}
2023-03-23T05:24:12.191Z: {"player_token":"s2bennop679138","country":"VN","message":"test message","platform":"sms","phone_number":"+66952260989"}
2023-03-23T05:24:14.117Z: {"player_token":"s2atijai146091","country":"UNK","message":"test message","platform":"sms","phone_number":"+66843664543"}
2023-03-23T05:24:14.118Z: {"player_token":"s2hoangu096181","country":"UNK","message":"test message","platform":"email","email":"nguyenvu19832001@yahoo.com"}
2023-03-23T05:24:14.118Z: {"player_token":"s2kwupim588532","country":"TH","message":"test message","platform":"email","email":"kp_aristoton@hotmail.com"}
2023-03-23T05:24:14.119Z: {"player_token":"s2supnga663491","country":"UNK","message":"test message","platform":"sms","phone_number":"+66912092202"}
2023-03-23T05:24:14.119Z: {"player_token":"s2nutnet255313","country":"AU","message":"test message","platform":"email","email":"monoinlove@hotmail.com"}
2023-03-23T05:24:14.119Z: {"player_token":"s2pitsea049818","country":"UNK","message":"test message","platform":"sms","phone_number":"+66922018378"}
2023-03-23T05:24:14.197Z: {"player_token":"s2donltt725479","country":"UNK","message":"test message","platform":"sms","phone_number":"+84963388663"}
2023-03-23T05:24:14.198Z: {"player_token":"s2baohoo901114","country":"TH","message":"test message","platform":"sms","phone_number":"+841683763568"}
2023-03-23T05:24:14.198Z: {"player_token":"s2hoatra821023","country":"UNK","message":"test message","platform":"sms","phone_number":"+841674701173"}
2023-03-23T05:24:15.504Z: {"player_token":"s2ducvoo817667","country":"UNK","message":"test message","platform":"sms","phone_number":"+841629850900"}
2023-03-23T05:24:15.505Z: {"player_token":"s2ngotra187252","country":"UNK","message":"test message","platform":"email","email":"ngocchien619@gmail.com"}
2023-03-23T05:24:15.588Z: {"player_token":"s2porsri533337","country":"UNK","message":"test message","platform":"sms","phone_number":"+66946967634"}
2023-03-23T05:24:15.589Z: {"player_token":"s2dfgdfg242672","country":"UNK","message":"test message","platform":"sms","phone_number":"INV"}
2023-03-23T05:24:15.589Z: {"player_token":"s2honngu713085","country":"UNK","message":"test message","platform":"sms","phone_number":"+84977684488"}
2023-03-23T05:24:15.590Z: {"player_token":"s2thiduo228176","country":"UNK","message":"test message","platform":"email","email":"duongthithanhtuyen1989@gmail.com"}
2023-03-23T05:24:15.674Z: {"player_token":"s2phioph186963","country":"TH","message":"test message","platform":"sms","phone_number":"+66811848008"}
2023-03-23T05:24:15.674Z: {"player_token":"s2erwewr908290","country":"UNK","message":"test message","platform":"email","email":"1252090611@gm.uit.edu.vn"}
2023-03-23T05:24:15.674Z: {"player_token":"s2faituy081010","country":"UNK","message":"test message","platform":"sms","phone_number":"+66994851448"}
2023-03-23T05:24:19.828Z: {"player_token":"s2punsim030576","country":"UNK","message":"test message","platform":"sms","phone_number":"+66854597688"}
2023-03-23T05:24:19.829Z: {"player_token":"s2thigyy235531","country":"TH","message":"test message","platform":"email","email":"thienhu892@gmail.com"}
2023-03-23T05:24:19.829Z: {"player_token":"s2ngongu215877","country":"UNK","message":"test message","platform":"sms","phone_number":"+84988892597"}
2023-03-23T05:24:20.233Z: {"player_token":"s2phalai234294","country":"TH","message":"test message","platform":"sms","phone_number":"+841676361497"}
2023-03-23T05:24:20.315Z: {"player_token":"s2ytiyur754118","country":"TH","message":"test message","platform":"sms","phone_number":"INV"}
2023-03-23T05:24:20.315Z: {"player_token":"s2ngungu453276","country":"UNK","message":"test message","platform":"sms","phone_number":"+841889560723"}
2023-03-23T05:24:20.316Z: {"player_token":"s2kawmee066393","country":"UNK","message":"test message","platform":"email","email":"kaweekan69@gmail.com"}
2023-03-23T05:24:20.316Z: {"player_token":"s2thacuu273965","country":"TH","message":"test message","platform":"sms","phone_number":"+84942121984"}
2023-03-23T05:24:20.316Z: {"player_token":"s2huylee980574","country":"UNK","message":"test message","platform":"email","email":"cakiem_273@yahoo.com"}
2023-03-23T05:24:21.586Z: {"player_token":"s2honvyy996658","country":"TH","message":"test message","platform":"sms","phone_number":"INV"}
2023-03-23T05:24:21.670Z: {"player_token":"s2trhrjr459306","country":"TH","message":"test message","platform":"sms","phone_number":"INV"}
2023-03-23T05:24:21.670Z: {"player_token":"s2hoangu517691","country":"UNK","message":"test message","platform":"email","email":"hoangnhan0179@gmail.com"}
2023-03-23T05:24:22.135Z: {"player_token":"s2thajan575518","country":"UNK","message":"test message","platform":"sms","phone_number":"+66901087484"}
2023-03-23T05:24:22.294Z: {"player_token":"s2viivii896872","country":"UNK","message":"test message","platform":"email","email":"caovian65@gmail.com"}
2023-03-23T05:24:22.377Z: {"player_token":"s2satsan498646","country":"UNK","message":"test message","platform":"email","email":"tom_godza@yahoo.com"}
2023-03-23T05:24:24.674Z: {"player_token":"s2vanhoa101604","country":"TH","message":"test message","platform":"sms","phone_number":"+84935957090"}
2023-03-23T05:24:24.675Z: {"player_token":"s2cuotra457513","country":"UNK","message":"test message","platform":"sms","phone_number":"+841646546354"}
2023-03-23T05:24:24.676Z: {"player_token":"s2tuaphu206898","country":"UNK","message":"test message","platform":"sms","phone_number":"+841213334444"}
2023-03-23T05:24:24.676Z: {"player_token":"s2kimvoo194238","country":"TH","message":"test message","platform":"sms","phone_number":"+841663339899"}
2023-03-23T05:24:24.676Z: {"player_token":"s2manvuu531010","country":"UNK","message":"test message","platform":"sms","phone_number":"+84859487198"}
2023-03-23T05:24:24.677Z: {"player_token":"s2ertert481432","country":"TH","message":"test message","platform":"sms","phone_number":"INV"}
2023-03-23T05:24:24.677Z: {"player_token":"s2poosin028482","country":"TH","message":"test message","platform":"email","email":"poontara_sintakoon@yahoo.co.th"}
2023-03-23T05:24:24.756Z: {"player_token":"s2ngungu261857","country":"UNK","message":"test message","platform":"email","email":"c2traxanh150687@gmail.com"}
2023-03-23T05:24:24.757Z: {"player_token":"s2phiphi164108","country":"UNK","message":"test message","platform":"sms","phone_number":"+84978621126"}
2023-03-23T05:24:26.230Z: {"player_token":"s2natpig853723","country":"UNK","message":"test message","platform":"sms","phone_number":"+66867293546"}
2023-03-23T05:24:26.231Z: {"player_token":"s2ngopha764275","country":"VN","message":"test message","platform":"email","email":"ngochai0224@gmail.com"}
2023-03-23T05:24:26.349Z: {"player_token":"s2quanon252732","country":"UNK","message":"test message","platform":"sms","phone_number":"+84942749127"}
2023-03-23T05:24:26.408Z: {"player_token":"s2penkin773167","country":"UNK","message":"test message","platform":"sms","phone_number":"+66844504835"}
2023-03-23T05:24:26.408Z: {"player_token":"s2sayjai853550","country":"TH","message":"test message","platform":"sms","phone_number":"+66954875262"}
2023-03-23T05:24:26.409Z: {"player_token":"s2tratra812565","country":"UNK","message":"test message","platform":"sms","phone_number":"+84988747787"}
2023-03-23T05:24:26.409Z: {"player_token":"s2tarhgd300188","country":"UNK","message":"test message","platform":"email","email":"kokptibull@gmail.com"}
2023-03-23T05:24:26.409Z: {"player_token":"s2thatra099107","country":"UNK","message":"test message","platform":"sms","phone_number":"+84987500139"}
2023-03-23T05:24:26.430Z: {"player_token":"s2duybui435369","country":"TH","message":"test message","platform":"sms","phone_number":"+84979247304"}
2023-03-23T05:24:27.305Z: {"player_token":"s2ngovan363443","country":"TH","message":"test message","platform":"email","email":"nhattuanvanngoc@gmail.com"}
2023-03-23T05:24:27.944Z: {"player_token":"s2baahoo228675","country":"TH","message":"test message","platform":"sms","phone_number":"+841644181179"}
2023-03-23T05:24:28.037Z: {"player_token":"s2vanngu365879","country":"TH","message":"test message","platform":"email","email":"swquang@gmail.com"}
2023-03-23T05:24:28.120Z: {"player_token":"s2thosrl118434","country":"UNK","message":"test message","platform":"sms","phone_number":"+66994756976"}
2023-03-23T05:24:28.121Z: {"player_token":"s2sarsah265873","country":"TH","message":"test message","platform":"email","email":"chawatluckito123456@gmail.com"}
2023-03-23T05:24:28.121Z: {"player_token":"s2remboo176952","country":"UNK","message":"test message","platform":"email","email":"help987@outlook.co.th"}
2023-03-23T05:24:28.121Z: {"player_token":"s2thavuu572674","country":"UNK","message":"test message","platform":"sms","phone_number":"+84948200668"}
2023-03-23T05:24:28.204Z: {"player_token":"s2ngungu813049","country":"UNK","message":"test message","platform":"sms","phone_number":"+84933918053"}
2023-03-23T05:24:28.205Z: {"player_token":"s2khokho026199","country":"UNK","message":"test message","platform":"sms","phone_number":"+84987295802"}
2023-03-23T05:24:28.860Z: {"player_token":"s2tanyon922389","country":"UNK","message":"test message","platform":"sms","phone_number":"+66897236109"}
2023-03-23T05:24:30.557Z: {"player_token":"s2giango283062","country":"VN","message":"test message","platform":"sms","phone_number":"+841202367814"}
2023-03-23T05:24:30.636Z: {"player_token":"s2tuoduo530700","country":"UNK","message":"test message","platform":"sms","phone_number":"+84978108090"}
2023-03-23T05:26:23.179Z: Listening on port 8041
2023-03-23T05:26:23.189Z: Successfully connected to {localhost}
2023-03-23T05:26:26.206Z: Successfully connected to {data-platform.ckghnqcooulj.ap-southeast-1.redshift.amazonaws.com}
2023-03-23T05:27:37.772Z: {"player_token":"s2thelee240915","country":"UNK","message":"test message","platform":"sms","phone_number":"+84976186994"}
2023-03-23T05:27:37.774Z: {"player_token":"s2ducngu777338","country":"TH","message":"test message","platform":"sms","phone_number":"+84909123789"}
2023-03-23T05:27:37.775Z: {"player_token":"s2pejjae163073","country":"UNK","message":"test message","platform":"sms","phone_number":"+66859533395"}
2023-03-23T05:27:37.941Z: {"player_token":"s2ccclll467230","country":"UNK","message":"test message","platform":"sms","phone_number":"INV"}
2023-03-23T05:27:38.048Z: {"player_token":"s2huytra590111","country":"UNK","message":"test message","platform":"sms","phone_number":"+84937567426"}
2023-03-23T05:27:38.485Z: {"player_token":"s2picpan860809","country":"UNK","message":"test message","platform":"email","email":"pichetwork@gmail.com"}
2023-03-23T05:27:38.841Z: {"player_token":"s2amocha456181","country":"UNK","message":"test message","platform":"email","email":"amonchai_anl@hotmail.com"}
2023-03-23T05:27:38.982Z: {"player_token":"s2pilnoi275697","country":"UNK","message":"test message","platform":"sms","phone_number":"+66815958605"}
2023-03-23T05:27:38.983Z: {"player_token":"s2tacsir206513","country":"UNK","message":"test message","platform":"email","email":"natt-o@hotmail.com"}
2023-03-23T05:27:39.228Z: {"player_token":"s2huungu702756","country":"UNK","message":"test message","platform":"sms","phone_number":"+841692211213"}
2023-03-23T05:27:39.579Z: {"player_token":"s2duyngu550403","country":"UNK","message":"test message","platform":"sms","phone_number":"+841697218291"}
2023-03-23T05:27:39.580Z: {"player_token":"s2ducpha653500","country":"UNK","message":"test message","platform":"email","email":"tetuongluugukokhoc@yahoo.com"}
2023-03-23T05:27:39.580Z: {"player_token":"s2dactru331620","country":"UNK","message":"test message","platform":"sms","phone_number":"+84967232361"}
2023-03-23T05:27:39.581Z: {"player_token":"s2patsuc245473","country":"TH","message":"test message","platform":"sms","phone_number":"+66824909900"}
2023-03-23T05:27:40.655Z: {"player_token":"s2manngu970753","country":"VN","message":"test message","platform":"email","email":"manhdat.hoahoa@gmail.com"}
2023-03-23T05:27:40.656Z: {"player_token":"s2kripon178558","country":"UNK","message":"test message","platform":"email","email":"nice.pretty0720@gmail.com"}
2023-03-23T05:27:40.656Z: {"player_token":"s2tanrac121847","country":"UNK","message":"test message","platform":"sms","phone_number":"+66985059393"}
2023-03-23T05:27:40.760Z: {"player_token":"s2chivon003337","country":"UNK","message":"test message","platform":"sms","phone_number":"+84946450160"}
2023-03-23T05:27:41.167Z: {"player_token":"s2thalee886715","country":"UNK","message":"test message","platform":"sms","phone_number":"+84948556969"}
2023-03-23T05:27:41.168Z: {"player_token":"s2athsri106993","country":"TH","message":"test message","platform":"email","email":"e-ice-ba@hotmail.com"}
2023-03-23T05:27:41.168Z: {"player_token":"s2thilee110100","country":"UNK","message":"test message","platform":"sms","phone_number":"+66888409944"}
2023-03-23T05:27:41.291Z: {"player_token":"s2sumjon810849","country":"UNK","message":"test message","platform":"sms","phone_number":"+66818737338"}
2023-03-23T05:27:41.382Z: {"player_token":"s2quatra008348","country":"UNK","message":"test message","platform":"email","email":"tranquangchung270794@gmail.com"}
2023-03-23T05:27:41.469Z: {"player_token":"s2chasos385807","country":"VN","message":"test message","platform":"sms","phone_number":"+66878371268"}
2023-03-23T05:27:41.469Z: {"player_token":"s2nirbua136259","country":"TH","message":"test message","platform":"email","email":"Ppsetmet@gmail.com"}
2023-03-23T05:27:41.551Z: {"player_token":"s2linngo151089","country":"TH","message":"test message","platform":"sms","phone_number":"+841235841917"}
2023-03-23T05:27:41.634Z: {"player_token":"s2sasnun143217","country":"UNK","message":"test message","platform":"sms","phone_number":"+66931929993"}
2023-03-23T05:27:41.719Z: {"player_token":"s2thingu652639","country":"UNK","message":"test message","platform":"email","email":"thulinh686@gmail.com"}
2023-03-23T05:27:41.720Z: {"player_token":"s2vanhoa095477","country":"UNK","message":"test message","platform":"sms","phone_number":"+841233451666"}
2023-03-23T05:27:41.866Z: {"player_token":"s2chakom063612","country":"UNK","message":"test message","platform":"email","email":"pokermanthailand@gmail.com"}
2023-03-23T05:27:41.984Z: {"player_token":"s2ngungu191810","country":"TH","message":"test message","platform":"sms","phone_number":"+84905638885"}
2023-03-23T05:27:41.985Z: {"player_token":"s2rawnua958082","country":"UNK","message":"test message","platform":"sms","phone_number":"+66913091120"}
2023-03-23T05:27:41.985Z: {"player_token":"s2mischo927269","country":"UNK","message":"test message","platform":"sms","phone_number":"+66909977724"}
2023-03-23T05:27:41.986Z: {"player_token":"s2vietra663180","country":"UNK","message":"test message","platform":"sms","phone_number":"+84985380320"}
2023-03-23T05:27:42.077Z: {"player_token":"s2anhpha013289","country":"TH","message":"test message","platform":"email","email":"awidjij@gmail.com"}
2023-03-23T05:27:42.807Z: {"player_token":"s2bennop679138","country":"VN","message":"test message","platform":"sms","phone_number":"+66952260989"}
2023-03-23T05:27:43.495Z: {"player_token":"s2hoangu096181","country":"UNK","message":"test message","platform":"email","email":"nguyenvu19832001@yahoo.com"}
2023-03-23T05:27:43.579Z: {"player_token":"s2baohoo901114","country":"TH","message":"test message","platform":"sms","phone_number":"+841683763568"}
2023-03-23T05:27:43.579Z: {"player_token":"s2pitsea049818","country":"UNK","message":"test message","platform":"sms","phone_number":"+66922018378"}
2023-03-23T05:27:43.579Z: {"player_token":"s2hoatra821023","country":"UNK","message":"test message","platform":"sms","phone_number":"+841674701173"}
2023-03-23T05:27:43.579Z: {"player_token":"s2qaiqai825072","country":"UNK","message":"test message","platform":"sms","phone_number":"INV"}
2023-03-23T05:27:43.706Z: {"player_token":"s2kwupim588532","country":"TH","message":"test message","platform":"email","email":"kp_aristoton@hotmail.com"}
2023-03-23T05:27:43.706Z: {"player_token":"s2donltt725479","country":"UNK","message":"test message","platform":"sms","phone_number":"+84963388663"}
2023-03-23T05:27:43.706Z: {"player_token":"s2supnga663491","country":"UNK","message":"test message","platform":"sms","phone_number":"+66912092202"}
2023-03-23T05:27:43.797Z: {"player_token":"s2ngotra187252","country":"UNK","message":"test message","platform":"email","email":"ngocchien619@gmail.com"}
2023-03-23T05:27:43.797Z: {"player_token":"s2ducvoo817667","country":"UNK","message":"test message","platform":"sms","phone_number":"+841629850900"}
2023-03-23T05:27:43.885Z: {"player_token":"s2atijai146091","country":"UNK","message":"test message","platform":"sms","phone_number":"+66843664543"}
2023-03-23T05:27:44.861Z: {"player_token":"s2nutnet255313","country":"AU","message":"test message","platform":"email","email":"monoinlove@hotmail.com"}
2023-03-23T05:27:45.022Z: {"player_token":"s2dfgdfg242672","country":"UNK","message":"test message","platform":"sms","phone_number":"INV"}
2023-03-23T05:27:45.023Z: {"player_token":"s2faituy081010","country":"UNK","message":"test message","platform":"sms","phone_number":"+66994851448"}
2023-03-23T05:27:45.023Z: {"player_token":"s2honngu713085","country":"UNK","message":"test message","platform":"sms","phone_number":"+84977684488"}
2023-03-23T05:27:45.673Z: {"player_token":"s2erwewr908290","country":"UNK","message":"test message","platform":"email","email":"1252090611@gm.uit.edu.vn"}
2023-03-23T05:27:45.760Z: {"player_token":"s2thiduo228176","country":"UNK","message":"test message","platform":"email","email":"duongthithanhtuyen1989@gmail.com"}
2023-03-23T05:27:45.760Z: {"player_token":"s2porsri533337","country":"UNK","message":"test message","platform":"sms","phone_number":"+66946967634"}
2023-03-23T05:27:45.760Z: {"player_token":"s2phioph186963","country":"TH","message":"test message","platform":"sms","phone_number":"+66811848008"}
2023-03-23T05:27:45.760Z: {"player_token":"s2punsim030576","country":"UNK","message":"test message","platform":"sms","phone_number":"+66854597688"}
2023-03-23T05:27:45.976Z: {"player_token":"s2ngongu215877","country":"UNK","message":"test message","platform":"sms","phone_number":"+84988892597"}
2023-03-23T05:27:45.977Z: {"player_token":"s2huylee980574","country":"UNK","message":"test message","platform":"email","email":"cakiem_273@yahoo.com"}
2023-03-23T05:27:45.977Z: {"player_token":"s2phalai234294","country":"TH","message":"test message","platform":"sms","phone_number":"+841676361497"}
2023-03-23T05:27:45.978Z: {"player_token":"s2thigyy235531","country":"TH","message":"test message","platform":"email","email":"thienhu892@gmail.com"}
2023-03-23T05:27:46.970Z: {"player_token":"s2manvuu531010","country":"UNK","message":"test message","platform":"sms","phone_number":"+84859487198"}
2023-03-23T05:27:47.623Z: {"player_token":"s2ngungu453276","country":"UNK","message":"test message","platform":"sms","phone_number":"+841889560723"}
2023-03-23T05:27:47.661Z: {"player_token":"s2thacuu273965","country":"TH","message":"test message","platform":"sms","phone_number":"+84942121984"}
2023-03-23T05:27:47.661Z: {"player_token":"s2ytiyur754118","country":"TH","message":"test message","platform":"sms","phone_number":"INV"}
2023-03-23T05:27:47.661Z: {"player_token":"s2tuaphu206898","country":"UNK","message":"test message","platform":"sms","phone_number":"+841213334444"}
2023-03-23T05:27:47.662Z: {"player_token":"s2kawmee066393","country":"UNK","message":"test message","platform":"email","email":"kaweekan69@gmail.com"}
2023-03-23T05:27:47.662Z: {"player_token":"s2trhrjr459306","country":"TH","message":"test message","platform":"sms","phone_number":"INV"}
2023-03-23T05:27:47.662Z: {"player_token":"s2honvyy996658","country":"TH","message":"test message","platform":"sms","phone_number":"INV"}
2023-03-23T05:27:47.754Z: {"player_token":"s2hoangu517691","country":"UNK","message":"test message","platform":"email","email":"hoangnhan0179@gmail.com"}
2023-03-23T05:27:47.931Z: {"player_token":"s2viivii896872","country":"UNK","message":"test message","platform":"email","email":"caovian65@gmail.com"}
2023-03-23T05:27:49.046Z: {"player_token":"s2thajan575518","country":"UNK","message":"test message","platform":"sms","phone_number":"+66901087484"}
2023-03-23T05:27:49.262Z: {"player_token":"s2vanhoa101604","country":"TH","message":"test message","platform":"sms","phone_number":"+84935957090"}
2023-03-23T05:27:49.262Z: {"player_token":"s2ertert481432","country":"TH","message":"test message","platform":"sms","phone_number":"INV"}
2023-03-23T05:27:49.263Z: {"player_token":"s2phiphi164108","country":"UNK","message":"test message","platform":"sms","phone_number":"+84978621126"}
2023-03-23T05:27:49.534Z: {"player_token":"s2satsan498646","country":"UNK","message":"test message","platform":"email","email":"tom_godza@yahoo.com"}
2023-03-23T05:27:49.534Z: {"player_token":"s2cuotra457513","country":"UNK","message":"test message","platform":"sms","phone_number":"+841646546354"}
2023-03-23T05:27:49.547Z: {"player_token":"s2kimvoo194238","country":"TH","message":"test message","platform":"sms","phone_number":"+841663339899"}
2023-03-23T05:27:49.595Z: {"player_token":"s2ngungu261857","country":"UNK","message":"test message","platform":"email","email":"c2traxanh150687@gmail.com"}
2023-03-23T05:27:49.596Z: {"player_token":"s2poosin028482","country":"TH","message":"test message","platform":"email","email":"poontara_sintakoon@yahoo.co.th"}
2023-03-23T05:27:49.953Z: {"player_token":"s2natpig853723","country":"UNK","message":"test message","platform":"sms","phone_number":"+66867293546"}
2023-03-23T05:27:50.379Z: {"player_token":"s2ngopha764275","country":"VN","message":"test message","platform":"email","email":"ngochai0224@gmail.com"}
2023-03-23T05:27:50.380Z: {"player_token":"s2quanon252732","country":"UNK","message":"test message","platform":"sms","phone_number":"+84942749127"}
2023-03-23T05:27:50.395Z: {"player_token":"s2thatra099107","country":"UNK","message":"test message","platform":"sms","phone_number":"+84987500139"}
2023-03-23T05:27:51.325Z: {"player_token":"s2ngovan363443","country":"TH","message":"test message","platform":"email","email":"nhattuanvanngoc@gmail.com"}
2023-03-23T05:27:51.325Z: {"player_token":"s2tratra812565","country":"UNK","message":"test message","platform":"sms","phone_number":"+84988747787"}
2023-03-23T05:27:51.326Z: {"player_token":"s2tarhgd300188","country":"UNK","message":"test message","platform":"email","email":"kokptibull@gmail.com"}
2023-03-23T05:27:51.326Z: {"player_token":"s2penkin773167","country":"UNK","message":"test message","platform":"sms","phone_number":"+66844504835"}
2023-03-23T05:27:51.326Z: {"player_token":"s2sayjai853550","country":"TH","message":"test message","platform":"sms","phone_number":"+66954875262"}
2023-03-23T05:27:51.327Z: {"player_token":"s2duybui435369","country":"TH","message":"test message","platform":"sms","phone_number":"+84979247304"}
2023-03-23T05:27:51.480Z: {"player_token":"s2thavuu572674","country":"UNK","message":"test message","platform":"sms","phone_number":"+84948200668"}
2023-03-23T05:27:51.559Z: {"player_token":"s2thosrl118434","country":"UNK","message":"test message","platform":"sms","phone_number":"+66994756976"}
2023-03-23T05:27:51.660Z: {"player_token":"s2vanngu365879","country":"TH","message":"test message","platform":"email","email":"swquang@gmail.com"}
2023-03-23T05:27:53.045Z: {"player_token":"s2ngungu813049","country":"UNK","message":"test message","platform":"sms","phone_number":"+84933918053"}
2023-03-23T05:27:53.046Z: {"player_token":"s2giango283062","country":"VN","message":"test message","platform":"sms","phone_number":"+841202367814"}
2023-03-23T05:27:53.046Z: {"player_token":"s2sarsah265873","country":"TH","message":"test message","platform":"email","email":"chawatluckito123456@gmail.com"}
2023-03-23T05:27:53.046Z: {"player_token":"s2remboo176952","country":"UNK","message":"test message","platform":"email","email":"help987@outlook.co.th"}
2023-03-23T05:27:53.047Z: {"player_token":"s2tanyon922389","country":"UNK","message":"test message","platform":"sms","phone_number":"+66897236109"}
2023-03-23T05:27:53.047Z: {"player_token":"s2baahoo228675","country":"TH","message":"test message","platform":"sms","phone_number":"+841644181179"}
2023-03-23T05:27:53.128Z: {"player_token":"s2khokho026199","country":"UNK","message":"test message","platform":"sms","phone_number":"+84987295802"}
2023-03-23T05:27:53.210Z: {"player_token":"s2tuoduo530700","country":"UNK","message":"test message","platform":"sms","phone_number":"+84978108090"}
2023-03-23T05:28:59.804Z: Listening on port 8041
2023-03-23T05:28:59.817Z: Successfully connected to {localhost}
2023-03-23T05:29:02.102Z: Successfully connected to {data-platform.ckghnqcooulj.ap-southeast-1.redshift.amazonaws.com}
2023-03-23T05:29:26.625Z: {"player_token":"s2ducngu777338","country":"TH","message":"test message","platform":"sms","phone_number":"+84909123789"}
2023-03-23T05:29:26.870Z: {"player_token":"s2amocha456181","country":"UNK","message":"test message","platform":"email","email":"amonchai_anl@hotmail.com"}
2023-03-23T05:29:26.871Z: {"player_token":"s2pejjae163073","country":"UNK","message":"test message","platform":"sms","phone_number":"+66859533395"}
2023-03-23T05:29:27.190Z: {"player_token":"s2pilnoi275697","country":"UNK","message":"test message","platform":"sms","phone_number":"+66815958605"}
2023-03-23T05:29:27.276Z: {"player_token":"s2tacsir206513","country":"UNK","message":"test message","platform":"email","email":"natt-o@hotmail.com"}
2023-03-23T05:29:29.943Z: {"player_token":"s2picpan860809","country":"UNK","message":"test message","platform":"email","email":"pichetwork@gmail.com"}
2023-03-23T05:29:29.943Z: {"player_token":"s2dactru331620","country":"UNK","message":"test message","platform":"sms","phone_number":"+84967232361"}
2023-03-23T05:29:30.272Z: {"player_token":"s2huungu702756","country":"UNK","message":"test message","platform":"sms","phone_number":"+841692211213"}
2023-03-23T05:29:30.273Z: {"player_token":"s2ccclll467230","country":"UNK","message":"test message","platform":"sms","phone_number":"INV"}
2023-03-23T05:29:30.274Z: {"player_token":"s2thelee240915","country":"UNK","message":"test message","platform":"sms","phone_number":"+84976186994"}
2023-03-23T05:29:30.274Z: {"player_token":"s2ducpha653500","country":"UNK","message":"test message","platform":"email","email":"tetuongluugukokhoc@yahoo.com"}
2023-03-23T05:29:30.417Z: {"player_token":"s2duyngu550403","country":"UNK","message":"test message","platform":"sms","phone_number":"+841697218291"}
2023-03-23T05:29:30.417Z: {"player_token":"s2huytra590111","country":"UNK","message":"test message","platform":"sms","phone_number":"+84937567426"}
2023-03-23T05:29:30.418Z: {"player_token":"s2sumjon810849","country":"UNK","message":"test message","platform":"sms","phone_number":"+66818737338"}
2023-03-23T05:29:32.832Z: {"player_token":"s2chivon003337","country":"UNK","message":"test message","platform":"sms","phone_number":"+84946450160"}
2023-03-23T05:29:32.834Z: {"player_token":"s2athsri106993","country":"TH","message":"test message","platform":"email","email":"e-ice-ba@hotmail.com"}
2023-03-23T05:29:32.835Z: {"player_token":"s2quatra008348","country":"UNK","message":"test message","platform":"email","email":"tranquangchung270794@gmail.com"}
2023-03-23T05:29:32.835Z: {"player_token":"s2patsuc245473","country":"TH","message":"test message","platform":"sms","phone_number":"+66824909900"}
2023-03-23T05:29:32.837Z: {"player_token":"s2manngu970753","country":"VN","message":"test message","platform":"email","email":"manhdat.hoahoa@gmail.com"}
2023-03-23T05:29:32.837Z: {"player_token":"s2kripon178558","country":"UNK","message":"test message","platform":"email","email":"nice.pretty0720@gmail.com"}
2023-03-23T05:29:32.838Z: {"player_token":"s2thilee110100","country":"UNK","message":"test message","platform":"sms","phone_number":"+66888409944"}
2023-03-23T05:29:32.838Z: {"player_token":"s2tanrac121847","country":"UNK","message":"test message","platform":"sms","phone_number":"+66985059393"}
2023-03-23T05:29:32.838Z: {"player_token":"s2thalee886715","country":"UNK","message":"test message","platform":"sms","phone_number":"+84948556969"}
2023-03-23T05:29:33.380Z: {"player_token":"s2nirbua136259","country":"TH","message":"test message","platform":"email","email":"Ppsetmet@gmail.com"}
2023-03-23T05:29:33.381Z: {"player_token":"s2linngo151089","country":"TH","message":"test message","platform":"sms","phone_number":"+841235841917"}
2023-03-23T05:29:33.381Z: {"player_token":"s2chasos385807","country":"VN","message":"test message","platform":"sms","phone_number":"+66878371268"}
2023-03-23T05:29:33.470Z: {"player_token":"s2sasnun143217","country":"UNK","message":"test message","platform":"sms","phone_number":"+66931929993"}
2023-03-23T05:29:34.222Z: {"player_token":"s2vanhoa095477","country":"UNK","message":"test message","platform":"sms","phone_number":"+841233451666"}
2023-03-23T05:29:34.222Z: {"player_token":"s2chakom063612","country":"UNK","message":"test message","platform":"email","email":"pokermanthailand@gmail.com"}
2023-03-23T05:29:34.222Z: {"player_token":"s2thingu652639","country":"UNK","message":"test message","platform":"email","email":"thulinh686@gmail.com"}
2023-03-23T05:29:34.429Z: {"player_token":"s2ngungu191810","country":"TH","message":"test message","platform":"sms","phone_number":"+84905638885"}
2023-03-23T05:29:34.430Z: {"player_token":"s2rawnua958082","country":"UNK","message":"test message","platform":"sms","phone_number":"+66913091120"}
2023-03-23T05:29:34.430Z: {"player_token":"s2mischo927269","country":"UNK","message":"test message","platform":"sms","phone_number":"+66909977724"}
2023-03-23T05:29:34.430Z: {"player_token":"s2vietra663180","country":"UNK","message":"test message","platform":"sms","phone_number":"+84985380320"}
2023-03-23T05:29:34.430Z: {"player_token":"s2anhpha013289","country":"TH","message":"test message","platform":"email","email":"awidjij@gmail.com"}
2023-03-23T05:29:34.934Z: {"player_token":"s2bennop679138","country":"VN","message":"test message","platform":"sms","phone_number":"+66952260989"}
2023-03-23T05:29:35.504Z: {"player_token":"s2supnga663491","country":"UNK","message":"test message","platform":"sms","phone_number":"+66912092202"}
2023-03-23T05:29:35.504Z: {"player_token":"s2hoatra821023","country":"UNK","message":"test message","platform":"sms","phone_number":"+841674701173"}
2023-03-23T05:29:35.505Z: {"player_token":"s2qaiqai825072","country":"UNK","message":"test message","platform":"sms","phone_number":"INV"}
2023-03-23T05:29:36.059Z: {"player_token":"s2ducvoo817667","country":"UNK","message":"test message","platform":"sms","phone_number":"+841629850900"}
2023-03-23T05:29:36.059Z: {"player_token":"s2nutnet255313","country":"AU","message":"test message","platform":"email","email":"monoinlove@hotmail.com"}
2023-03-23T05:29:36.060Z: {"player_token":"s2ngotra187252","country":"UNK","message":"test message","platform":"email","email":"ngocchien619@gmail.com"}
2023-03-23T05:29:36.143Z: {"player_token":"s2kwupim588532","country":"TH","message":"test message","platform":"email","email":"kp_aristoton@hotmail.com"}
2023-03-23T05:29:36.236Z: {"player_token":"s2pitsea049818","country":"UNK","message":"test message","platform":"sms","phone_number":"+66922018378"}
2023-03-23T05:29:36.236Z: {"player_token":"s2dfgdfg242672","country":"UNK","message":"test message","platform":"sms","phone_number":"INV"}
2023-03-23T05:29:36.345Z: {"player_token":"s2hoangu096181","country":"UNK","message":"test message","platform":"email","email":"nguyenvu19832001@yahoo.com"}
2023-03-23T05:29:36.345Z: {"player_token":"s2baohoo901114","country":"TH","message":"test message","platform":"sms","phone_number":"+841683763568"}
2023-03-23T05:29:36.345Z: {"player_token":"s2donltt725479","country":"UNK","message":"test message","platform":"sms","phone_number":"+84963388663"}
2023-03-23T05:29:36.346Z: {"player_token":"s2atijai146091","country":"UNK","message":"test message","platform":"sms","phone_number":"+66843664543"}
2023-03-23T05:29:36.985Z: {"player_token":"s2honngu713085","country":"UNK","message":"test message","platform":"sms","phone_number":"+84977684488"}
2023-03-23T05:29:37.108Z: {"player_token":"s2faituy081010","country":"UNK","message":"test message","platform":"sms","phone_number":"+66994851448"}
2023-03-23T05:29:37.892Z: {"player_token":"s2thiduo228176","country":"UNK","message":"test message","platform":"email","email":"duongthithanhtuyen1989@gmail.com"}
2023-03-23T05:29:37.984Z: {"player_token":"s2punsim030576","country":"UNK","message":"test message","platform":"sms","phone_number":"+66854597688"}
2023-03-23T05:29:37.985Z: {"player_token":"s2erwewr908290","country":"UNK","message":"test message","platform":"email","email":"1252090611@gm.uit.edu.vn"}
2023-03-23T05:29:37.985Z: {"player_token":"s2huylee980574","country":"UNK","message":"test message","platform":"email","email":"cakiem_273@yahoo.com"}
2023-03-23T05:29:38.102Z: {"player_token":"s2phioph186963","country":"TH","message":"test message","platform":"sms","phone_number":"+66811848008"}
2023-03-23T05:29:38.103Z: {"player_token":"s2ngongu215877","country":"UNK","message":"test message","platform":"sms","phone_number":"+84988892597"}
2023-03-23T05:29:38.103Z: {"player_token":"s2porsri533337","country":"UNK","message":"test message","platform":"sms","phone_number":"+66946967634"}
2023-03-23T05:29:39.242Z: {"player_token":"s2thigyy235531","country":"TH","message":"test message","platform":"email","email":"thienhu892@gmail.com"}
2023-03-23T05:29:39.325Z: {"player_token":"s2phalai234294","country":"TH","message":"test message","platform":"sms","phone_number":"+841676361497"}
2023-03-23T05:29:40.976Z: {"player_token":"s2trhrjr459306","country":"TH","message":"test message","platform":"sms","phone_number":"INV"}
2023-03-23T05:29:41.075Z: {"player_token":"s2thacuu273965","country":"TH","message":"test message","platform":"sms","phone_number":"+84942121984"}
2023-03-23T05:29:41.075Z: {"player_token":"s2kawmee066393","country":"UNK","message":"test message","platform":"email","email":"kaweekan69@gmail.com"}
2023-03-23T05:29:41.075Z: {"player_token":"s2hoangu517691","country":"UNK","message":"test message","platform":"email","email":"hoangnhan0179@gmail.com"}
2023-03-23T05:29:41.076Z: {"player_token":"s2ngungu453276","country":"UNK","message":"test message","platform":"sms","phone_number":"+841889560723"}
2023-03-23T05:29:41.076Z: {"player_token":"s2ytiyur754118","country":"TH","message":"test message","platform":"sms","phone_number":"INV"}
2023-03-23T05:29:41.076Z: {"player_token":"s2honvyy996658","country":"TH","message":"test message","platform":"sms","phone_number":"INV"}
2023-03-23T05:29:41.995Z: {"player_token":"s2tuaphu206898","country":"UNK","message":"test message","platform":"sms","phone_number":"+841213334444"}
2023-03-23T05:29:42.125Z: {"player_token":"s2manvuu531010","country":"UNK","message":"test message","platform":"sms","phone_number":"+84859487198"}
2023-03-23T05:29:42.457Z: {"player_token":"s2viivii896872","country":"UNK","message":"test message","platform":"email","email":"caovian65@gmail.com"}
2023-03-23T05:29:44.906Z: {"player_token":"s2satsan498646","country":"UNK","message":"test message","platform":"email","email":"tom_godza@yahoo.com"}
2023-03-23T05:29:44.922Z: {"player_token":"s2ertert481432","country":"TH","message":"test message","platform":"sms","phone_number":"INV"}
2023-03-23T05:29:44.922Z: {"player_token":"s2thajan575518","country":"UNK","message":"test message","platform":"sms","phone_number":"+66901087484"}
2023-03-23T05:29:44.923Z: {"player_token":"s2cuotra457513","country":"UNK","message":"test message","platform":"sms","phone_number":"+841646546354"}
2023-03-23T05:29:44.923Z: {"player_token":"s2kimvoo194238","country":"TH","message":"test message","platform":"sms","phone_number":"+841663339899"}
2023-03-23T05:29:44.923Z: {"player_token":"s2vanhoa101604","country":"TH","message":"test message","platform":"sms","phone_number":"+84935957090"}
2023-03-23T05:29:44.923Z: {"player_token":"s2poosin028482","country":"TH","message":"test message","platform":"email","email":"poontara_sintakoon@yahoo.co.th"}
2023-03-23T05:29:45.010Z: {"player_token":"s2ngungu261857","country":"UNK","message":"test message","platform":"email","email":"c2traxanh150687@gmail.com"}
2023-03-23T05:29:45.182Z: {"player_token":"s2phiphi164108","country":"UNK","message":"test message","platform":"sms","phone_number":"+84978621126"}
2023-03-23T05:29:46.782Z: {"player_token":"s2thatra099107","country":"UNK","message":"test message","platform":"sms","phone_number":"+84987500139"}
2023-03-23T05:29:46.782Z: {"player_token":"s2quanon252732","country":"UNK","message":"test message","platform":"sms","phone_number":"+84942749127"}
2023-03-23T05:29:46.783Z: {"player_token":"s2natpig853723","country":"UNK","message":"test message","platform":"sms","phone_number":"+66867293546"}
2023-03-23T05:29:46.887Z: {"player_token":"s2ngopha764275","country":"VN","message":"test message","platform":"email","email":"ngochai0224@gmail.com"}
2023-03-23T05:29:46.887Z: {"player_token":"s2sayjai853550","country":"TH","message":"test message","platform":"sms","phone_number":"+66954875262"}
2023-03-23T05:29:46.888Z: {"player_token":"s2tratra812565","country":"UNK","message":"test message","platform":"sms","phone_number":"+84988747787"}
2023-03-23T05:29:46.888Z: {"player_token":"s2tarhgd300188","country":"UNK","message":"test message","platform":"email","email":"kokptibull@gmail.com"}
2023-03-23T05:29:46.889Z: {"player_token":"s2duybui435369","country":"TH","message":"test message","platform":"sms","phone_number":"+84979247304"}
2023-03-23T05:29:46.889Z: {"player_token":"s2penkin773167","country":"UNK","message":"test message","platform":"sms","phone_number":"+66844504835"}
2023-03-23T05:29:49.814Z: {"player_token":"s2remboo176952","country":"UNK","message":"test message","platform":"email","email":"help987@outlook.co.th"}
2023-03-23T05:29:49.814Z: {"player_token":"s2vanngu365879","country":"TH","message":"test message","platform":"email","email":"swquang@gmail.com"}
2023-03-23T05:29:49.815Z: {"player_token":"s2thavuu572674","country":"UNK","message":"test message","platform":"sms","phone_number":"+84948200668"}
2023-03-23T05:29:49.850Z: {"player_token":"s2baahoo228675","country":"TH","message":"test message","platform":"sms","phone_number":"+841644181179"}
2023-03-23T05:29:49.850Z: {"player_token":"s2thosrl118434","country":"UNK","message":"test message","platform":"sms","phone_number":"+66994756976"}
2023-03-23T05:29:49.850Z: {"player_token":"s2ngovan363443","country":"TH","message":"test message","platform":"email","email":"nhattuanvanngoc@gmail.com"}
2023-03-23T05:29:49.851Z: {"player_token":"s2ngungu813049","country":"UNK","message":"test message","platform":"sms","phone_number":"+84933918053"}
2023-03-23T05:29:49.851Z: {"player_token":"s2khokho026199","country":"UNK","message":"test message","platform":"sms","phone_number":"+84987295802"}
2023-03-23T05:29:49.851Z: {"player_token":"s2sarsah265873","country":"TH","message":"test message","platform":"email","email":"chawatluckito123456@gmail.com"}
2023-03-23T05:29:51.382Z: {"player_token":"s2tanyon922389","country":"UNK","message":"test message","platform":"sms","phone_number":"+66897236109"}
2023-03-23T05:29:51.469Z: {"player_token":"s2tuoduo530700","country":"UNK","message":"test message","platform":"sms","phone_number":"+84978108090"}
2023-03-23T05:29:51.470Z: {"player_token":"s2giango283062","country":"VN","message":"test message","platform":"sms","phone_number":"+841202367814"}
2023-03-23T05:32:31.835Z: Listening on port 8041
2023-03-23T05:32:31.848Z: Successfully connected to {localhost}
2023-03-23T05:33:01.392Z: Listening on port 8041
2023-03-23T05:33:01.400Z: Successfully connected to {localhost}
2023-03-23T05:33:10.557Z: Successfully connected to {data-platform.ckghnqcooulj.ap-southeast-1.redshift.amazonaws.com}
2023-03-23T05:33:23.179Z: Listening on port 8041
2023-03-23T05:33:23.189Z: Successfully connected to {localhost}
2023-03-23T05:33:24.812Z: Successfully connected to {data-platform.ckghnqcooulj.ap-southeast-1.redshift.amazonaws.com}
2023-03-23T05:34:03.432Z: Listening on port 8041
2023-03-23T05:34:03.443Z: Successfully connected to {localhost}
2023-03-23T05:34:05.216Z: Successfully connected to {data-platform.ckghnqcooulj.ap-southeast-1.redshift.amazonaws.com}
2023-03-23T05:37:53.239Z: Listening on port 8041
2023-03-23T05:37:53.262Z: Successfully connected to {localhost}
2023-03-23T05:38:06.381Z: Successfully connected to {data-platform.ckghnqcooulj.ap-southeast-1.redshift.amazonaws.com}
2023-03-23T05:39:32.214Z: Listening on port 8041
2023-03-23T05:39:32.227Z: Successfully connected to {localhost}
2023-03-23T05:39:43.983Z: Successfully connected to {data-platform.ckghnqcooulj.ap-southeast-1.redshift.amazonaws.com}
2023-03-23T05:40:27.954Z: Listening on port 8041
2023-03-23T05:40:27.966Z: Successfully connected to {localhost}
2023-03-23T05:40:29.571Z: Successfully connected to {data-platform.ckghnqcooulj.ap-southeast-1.redshift.amazonaws.com}
2023-03-23T05:42:46.072Z: Listening on port 8041
2023-03-23T05:42:46.083Z: Successfully connected to {localhost}
2023-03-23T05:42:48.058Z: Successfully connected to {data-platform.ckghnqcooulj.ap-southeast-1.redshift.amazonaws.com}
2023-03-23T05:42:55.223Z: TypeError: Cannot read properties of undefined (reading 'then')
2023-03-23T05:42:55.223Z: error contact number
2023-03-23T05:42:55.223Z: TypeError: Cannot read properties of undefined (reading 'then')
2023-03-23T05:42:55.223Z: error contact number
2023-03-23T05:42:55.224Z: TypeError: Cannot read properties of undefined (reading 'then')
2023-03-23T05:42:55.224Z: error contact number
2023-03-23T05:42:55.224Z: TypeError: Cannot read properties of undefined (reading 'then')
2023-03-23T05:42:55.224Z: error contact number
2023-03-23T05:42:55.225Z: TypeError: Cannot read properties of undefined (reading 'then')
2023-03-23T05:42:55.225Z: error contact number
2023-03-23T05:42:55.226Z: TypeError: Cannot read properties of undefined (reading 'then')
2023-03-23T05:42:55.226Z: error contact number
2023-03-23T05:42:55.226Z: TypeError: Cannot read properties of undefined (reading 'then')
2023-03-23T05:42:55.226Z: error contact number
2023-03-23T05:42:55.226Z: TypeError: Cannot read properties of undefined (reading 'then')
2023-03-23T05:42:55.226Z: error contact number
2023-03-23T05:42:55.227Z: TypeError: Cannot read properties of undefined (reading 'then')
2023-03-23T05:42:55.227Z: error contact number
2023-03-23T05:42:55.227Z: TypeError: Cannot read properties of undefined (reading 'then')
2023-03-23T05:42:55.227Z: error contact number
2023-03-23T05:42:55.227Z: TypeError: Cannot read properties of undefined (reading 'then')
2023-03-23T05:42:55.227Z: error contact number
2023-03-23T05:42:55.227Z: TypeError: Cannot read properties of undefined (reading 'then')
2023-03-23T05:42:55.227Z: error contact number
2023-03-23T05:42:55.228Z: TypeError: Cannot read properties of undefined (reading 'then')
2023-03-23T05:42:55.228Z: error contact number
2023-03-23T05:42:55.228Z: TypeError: Cannot read properties of undefined (reading 'then')
2023-03-23T05:42:55.228Z: error contact number
2023-03-23T05:42:55.228Z: TypeError: Cannot read properties of undefined (reading 'then')
2023-03-23T05:42:55.228Z: error contact number
2023-03-23T05:42:55.228Z: TypeError: Cannot read properties of undefined (reading 'then')
2023-03-23T05:42:55.228Z: error contact number
2023-03-23T05:42:55.228Z: TypeError: Cannot read properties of undefined (reading 'then')
2023-03-23T05:42:55.228Z: error contact number
2023-03-23T05:42:55.228Z: TypeError: Cannot read properties of undefined (reading 'then')
2023-03-23T05:42:55.228Z: error contact number
2023-03-23T05:42:55.228Z: TypeError: Cannot read properties of undefined (reading 'then')
2023-03-23T05:42:55.229Z: error contact number
2023-03-23T05:42:55.229Z: TypeError: Cannot read properties of undefined (reading 'then')
2023-03-23T05:42:55.229Z: error contact number
2023-03-23T05:42:55.229Z: TypeError: Cannot read properties of undefined (reading 'then')
2023-03-23T05:42:55.229Z: error contact number
2023-03-23T05:42:55.229Z: TypeError: Cannot read properties of undefined (reading 'then')
2023-03-23T05:42:55.229Z: error contact number
2023-03-23T05:42:55.229Z: TypeError: Cannot read properties of undefined (reading 'then')
2023-03-23T05:42:55.229Z: error contact number
2023-03-23T05:42:55.229Z: TypeError: Cannot read properties of undefined (reading 'then')
2023-03-23T05:42:55.229Z: error contact number
2023-03-23T05:42:55.229Z: TypeError: Cannot read properties of undefined (reading 'then')
2023-03-23T05:42:55.229Z: error contact number
2023-03-23T05:42:55.229Z: TypeError: Cannot read properties of undefined (reading 'then')
2023-03-23T05:42:55.229Z: error contact number
2023-03-23T05:42:55.229Z: TypeError: Cannot read properties of undefined (reading 'then')
2023-03-23T05:42:55.229Z: error contact number
2023-03-23T05:42:55.229Z: TypeError: Cannot read properties of undefined (reading 'then')
2023-03-23T05:42:55.229Z: error contact number
2023-03-23T05:42:55.230Z: TypeError: Cannot read properties of undefined (reading 'then')
2023-03-23T05:42:55.230Z: error contact number
2023-03-23T05:42:55.230Z: TypeError: Cannot read properties of undefined (reading 'then')
2023-03-23T05:42:55.230Z: error contact number
2023-03-23T05:42:55.230Z: TypeError: Cannot read properties of undefined (reading 'then')
2023-03-23T05:42:55.230Z: error contact number
2023-03-23T05:42:55.230Z: TypeError: Cannot read properties of undefined (reading 'then')
2023-03-23T05:42:55.230Z: error contact number
2023-03-23T05:42:55.230Z: TypeError: Cannot read properties of undefined (reading 'then')
2023-03-23T05:42:55.230Z: error contact number
2023-03-23T05:42:55.230Z: TypeError: Cannot read properties of undefined (reading 'then')
2023-03-23T05:42:55.230Z: error contact number
2023-03-23T05:42:55.230Z: TypeError: Cannot read properties of undefined (reading 'then')
2023-03-23T05:42:55.230Z: error contact number
2023-03-23T05:42:55.230Z: TypeError: Cannot read properties of undefined (reading 'then')
2023-03-23T05:42:55.230Z: error contact number
2023-03-23T05:42:55.230Z: TypeError: Cannot read properties of undefined (reading 'then')
2023-03-23T05:42:55.230Z: error contact number
2023-03-23T05:42:55.230Z: TypeError: Cannot read properties of undefined (reading 'then')
2023-03-23T05:42:55.230Z: error contact number
2023-03-23T05:42:55.231Z: TypeError: Cannot read properties of undefined (reading 'then')
2023-03-23T05:42:55.231Z: error contact number
2023-03-23T05:42:55.231Z: TypeError: Cannot read properties of undefined (reading 'then')
2023-03-23T05:42:55.231Z: error contact number
2023-03-23T05:42:55.231Z: TypeError: Cannot read properties of undefined (reading 'then')
2023-03-23T05:42:55.231Z: error contact number
2023-03-23T05:42:55.231Z: TypeError: Cannot read properties of undefined (reading 'then')
2023-03-23T05:42:55.231Z: error contact number
2023-03-23T05:42:55.231Z: TypeError: Cannot read properties of undefined (reading 'then')
2023-03-23T05:42:55.231Z: error contact number
2023-03-23T05:42:55.231Z: TypeError: Cannot read properties of undefined (reading 'then')
2023-03-23T05:42:55.231Z: error contact number
2023-03-23T05:42:55.231Z: TypeError: Cannot read properties of undefined (reading 'then')
2023-03-23T05:42:55.231Z: error contact number
2023-03-23T05:42:55.232Z: TypeError: Cannot read properties of undefined (reading 'then')
2023-03-23T05:42:55.232Z: error contact number
2023-03-23T05:42:55.232Z: TypeError: Cannot read properties of undefined (reading 'then')
2023-03-23T05:42:55.232Z: error contact number
2023-03-23T05:42:55.232Z: TypeError: Cannot read properties of undefined (reading 'then')
2023-03-23T05:42:55.232Z: error contact number
2023-03-23T05:42:55.232Z: TypeError: Cannot read properties of undefined (reading 'then')
2023-03-23T05:42:55.232Z: error contact number
2023-03-23T05:42:55.232Z: TypeError: Cannot read properties of undefined (reading 'then')
2023-03-23T05:42:55.232Z: error contact number
2023-03-23T05:42:55.232Z: TypeError: Cannot read properties of undefined (reading 'then')
2023-03-23T05:42:55.232Z: error contact number
2023-03-23T05:42:55.232Z: TypeError: Cannot read properties of undefined (reading 'then')
2023-03-23T05:42:55.232Z: error contact number
2023-03-23T05:42:55.232Z: TypeError: Cannot read properties of undefined (reading 'then')
2023-03-23T05:42:55.232Z: error contact number
2023-03-23T05:42:55.232Z: TypeError: Cannot read properties of undefined (reading 'then')
2023-03-23T05:42:55.232Z: error contact number
2023-03-23T05:42:55.232Z: TypeError: Cannot read properties of undefined (reading 'then')
2023-03-23T05:42:55.232Z: error contact number
2023-03-23T05:42:55.232Z: TypeError: Cannot read properties of undefined (reading 'then')
2023-03-23T05:42:55.233Z: error contact number
2023-03-23T05:42:55.233Z: TypeError: Cannot read properties of undefined (reading 'then')
2023-03-23T05:42:55.233Z: error contact number
2023-03-23T05:42:55.233Z: TypeError: Cannot read properties of undefined (reading 'then')
2023-03-23T05:42:55.233Z: error contact number
2023-03-23T05:42:55.233Z: TypeError: Cannot read properties of undefined (reading 'then')
2023-03-23T05:42:55.233Z: error contact number
2023-03-23T05:42:55.233Z: TypeError: Cannot read properties of undefined (reading 'then')
2023-03-23T05:42:55.233Z: error contact number
2023-03-23T05:42:55.233Z: TypeError: Cannot read properties of undefined (reading 'then')
2023-03-23T05:42:55.233Z: error contact number
2023-03-23T05:42:55.233Z: TypeError: Cannot read properties of undefined (reading 'then')
2023-03-23T05:42:55.233Z: error contact number
2023-03-23T05:42:55.233Z: TypeError: Cannot read properties of undefined (reading 'then')
2023-03-23T05:42:55.233Z: error contact number
2023-03-23T05:42:55.233Z: TypeError: Cannot read properties of undefined (reading 'then')
2023-03-23T05:42:55.233Z: error contact number
2023-03-23T05:42:55.233Z: TypeError: Cannot read properties of undefined (reading 'then')
2023-03-23T05:42:55.233Z: error contact number
2023-03-23T05:42:55.233Z: TypeError: Cannot read properties of undefined (reading 'then')
2023-03-23T05:42:55.233Z: error contact number
2023-03-23T05:42:55.233Z: TypeError: Cannot read properties of undefined (reading 'then')
2023-03-23T05:42:55.233Z: error contact number
2023-03-23T05:42:55.234Z: TypeError: Cannot read properties of undefined (reading 'then')
2023-03-23T05:42:55.234Z: error contact number
2023-03-23T05:42:55.234Z: TypeError: Cannot read properties of undefined (reading 'then')
2023-03-23T05:42:55.234Z: error contact number
2023-03-23T05:42:55.234Z: TypeError: Cannot read properties of undefined (reading 'then')
2023-03-23T05:42:55.234Z: error contact number
2023-03-23T05:42:55.234Z: TypeError: Cannot read properties of undefined (reading 'then')
2023-03-23T05:42:55.234Z: error contact number
2023-03-23T05:42:55.234Z: TypeError: Cannot read properties of undefined (reading 'then')
2023-03-23T05:42:55.234Z: error contact number
2023-03-23T05:42:55.234Z: TypeError: Cannot read properties of undefined (reading 'then')
2023-03-23T05:42:55.234Z: error contact number
2023-03-23T05:42:55.234Z: TypeError: Cannot read properties of undefined (reading 'then')
2023-03-23T05:42:55.234Z: error contact number
2023-03-23T05:42:55.234Z: TypeError: Cannot read properties of undefined (reading 'then')
2023-03-23T05:42:55.234Z: error contact number
2023-03-23T05:42:55.234Z: TypeError: Cannot read properties of undefined (reading 'then')
2023-03-23T05:42:55.234Z: error contact number
2023-03-23T05:42:55.234Z: TypeError: Cannot read properties of undefined (reading 'then')
2023-03-23T05:42:55.234Z: error contact number
2023-03-23T05:42:55.234Z: TypeError: Cannot read properties of undefined (reading 'then')
2023-03-23T05:42:55.234Z: error contact number
2023-03-23T05:42:55.235Z: TypeError: Cannot read properties of undefined (reading 'then')
2023-03-23T05:42:55.235Z: error contact number
2023-03-23T05:42:55.235Z: TypeError: Cannot read properties of undefined (reading 'then')
2023-03-23T05:42:55.235Z: error contact number
2023-03-23T05:42:55.235Z: TypeError: Cannot read properties of undefined (reading 'then')
2023-03-23T05:42:55.235Z: error contact number
2023-03-23T05:42:55.235Z: TypeError: Cannot read properties of undefined (reading 'then')
2023-03-23T05:42:55.235Z: error contact number
2023-03-23T05:42:55.235Z: TypeError: Cannot read properties of undefined (reading 'then')
2023-03-23T05:42:55.235Z: error contact number
2023-03-23T05:42:55.235Z: TypeError: Cannot read properties of undefined (reading 'then')
2023-03-23T05:42:55.235Z: error contact number
2023-03-23T05:42:55.235Z: TypeError: Cannot read properties of undefined (reading 'then')
2023-03-23T05:42:55.235Z: error contact number
2023-03-23T05:42:55.235Z: TypeError: Cannot read properties of undefined (reading 'then')
2023-03-23T05:42:55.235Z: error contact number
2023-03-23T05:42:55.235Z: TypeError: Cannot read properties of undefined (reading 'then')
2023-03-23T05:42:55.235Z: error contact number
2023-03-23T05:42:55.235Z: TypeError: Cannot read properties of undefined (reading 'then')
2023-03-23T05:42:55.235Z: error contact number
2023-03-23T05:42:55.235Z: TypeError: Cannot read properties of undefined (reading 'then')
2023-03-23T05:42:55.235Z: error contact number
2023-03-23T05:42:55.236Z: TypeError: Cannot read properties of undefined (reading 'then')
2023-03-23T05:42:55.236Z: error contact number
2023-03-23T05:42:55.236Z: TypeError: Cannot read properties of undefined (reading 'then')
2023-03-23T05:42:55.236Z: error contact number
2023-03-23T05:42:55.236Z: TypeError: Cannot read properties of undefined (reading 'then')
2023-03-23T05:42:55.236Z: error contact number
2023-03-23T05:42:55.236Z: TypeError: Cannot read properties of undefined (reading 'then')
2023-03-23T05:42:55.236Z: error contact number
2023-03-23T05:42:55.236Z: TypeError: Cannot read properties of undefined (reading 'then')
2023-03-23T05:42:55.236Z: error contact number
2023-03-23T05:42:55.236Z: TypeError: Cannot read properties of undefined (reading 'then')
2023-03-23T05:42:55.236Z: error contact number
2023-03-23T05:42:55.236Z: TypeError: Cannot read properties of undefined (reading 'then')
2023-03-23T05:42:55.236Z: error contact number
2023-03-23T05:42:55.236Z: TypeError: Cannot read properties of undefined (reading 'then')
2023-03-23T05:42:55.236Z: error contact number
2023-03-23T05:42:55.236Z: TypeError: Cannot read properties of undefined (reading 'then')
2023-03-23T05:42:55.236Z: error contact number
2023-03-23T05:42:55.236Z: TypeError: Cannot read properties of undefined (reading 'then')
2023-03-23T05:42:55.236Z: error contact number
2023-03-23T05:42:55.236Z: TypeError: Cannot read properties of undefined (reading 'then')
2023-03-23T05:42:55.236Z: error contact number
2023-03-23T05:45:03.555Z: Listening on port 8041
2023-03-23T05:45:03.565Z: Successfully connected to {localhost}
2023-03-23T05:45:06.035Z: Successfully connected to {data-platform.ckghnqcooulj.ap-southeast-1.redshift.amazonaws.com}
2023-03-23T05:45:12.463Z: TypeError: Cannot read properties of undefined (reading 'then')
2023-03-23T05:45:12.464Z: error contact number
2023-03-23T05:45:12.464Z: TypeError: Cannot read properties of undefined (reading 'then')
2023-03-23T05:45:12.464Z: error contact number
2023-03-23T05:45:12.465Z: TypeError: Cannot read properties of undefined (reading 'then')
2023-03-23T05:45:12.465Z: error contact number
2023-03-23T05:45:12.465Z: TypeError: Cannot read properties of undefined (reading 'then')
2023-03-23T05:45:12.465Z: error contact number
2023-03-23T05:45:12.466Z: TypeError: Cannot read properties of undefined (reading 'then')
2023-03-23T05:45:12.466Z: error contact number
2023-03-23T05:45:12.466Z: TypeError: Cannot read properties of undefined (reading 'then')
2023-03-23T05:45:12.466Z: error contact number
2023-03-23T05:45:12.467Z: TypeError: Cannot read properties of undefined (reading 'then')
2023-03-23T05:45:12.467Z: error contact number
2023-03-23T05:45:12.467Z: TypeError: Cannot read properties of undefined (reading 'then')
2023-03-23T05:45:12.467Z: error contact number
2023-03-23T05:45:12.468Z: TypeError: Cannot read properties of undefined (reading 'then')
2023-03-23T05:45:12.468Z: error contact number
2023-03-23T05:45:12.468Z: TypeError: Cannot read properties of undefined (reading 'then')
2023-03-23T05:45:12.468Z: error contact number
2023-03-23T05:45:12.468Z: TypeError: Cannot read properties of undefined (reading 'then')
2023-03-23T05:45:12.468Z: error contact number
2023-03-23T05:45:12.468Z: TypeError: Cannot read properties of undefined (reading 'then')
2023-03-23T05:45:12.468Z: error contact number
2023-03-23T05:45:12.468Z: TypeError: Cannot read properties of undefined (reading 'then')
2023-03-23T05:45:12.468Z: error contact number
2023-03-23T05:45:12.468Z: TypeError: Cannot read properties of undefined (reading 'then')
2023-03-23T05:45:12.468Z: error contact number
2023-03-23T05:45:12.468Z: TypeError: Cannot read properties of undefined (reading 'then')
2023-03-23T05:45:12.468Z: error contact number
2023-03-23T05:45:12.468Z: TypeError: Cannot read properties of undefined (reading 'then')
2023-03-23T05:45:12.468Z: error contact number
2023-03-23T05:45:12.469Z: TypeError: Cannot read properties of undefined (reading 'then')
2023-03-23T05:45:12.469Z: error contact number
2023-03-23T05:45:12.469Z: TypeError: Cannot read properties of undefined (reading 'then')
2023-03-23T05:45:12.469Z: error contact number
2023-03-23T05:45:12.469Z: TypeError: Cannot read properties of undefined (reading 'then')
2023-03-23T05:45:12.469Z: error contact number
2023-03-23T05:45:12.469Z: TypeError: Cannot read properties of undefined (reading 'then')
2023-03-23T05:45:12.469Z: error contact number
2023-03-23T05:45:12.469Z: TypeError: Cannot read properties of undefined (reading 'then')
2023-03-23T05:45:12.469Z: error contact number
2023-03-23T05:45:12.469Z: TypeError: Cannot read properties of undefined (reading 'then')
2023-03-23T05:45:12.469Z: error contact number
2023-03-23T05:45:12.469Z: TypeError: Cannot read properties of undefined (reading 'then')
2023-03-23T05:45:12.469Z: error contact number
2023-03-23T05:45:12.469Z: TypeError: Cannot read properties of undefined (reading 'then')
2023-03-23T05:45:12.469Z: error contact number
2023-03-23T05:45:12.469Z: TypeError: Cannot read properties of undefined (reading 'then')
2023-03-23T05:45:12.469Z: error contact number
2023-03-23T05:45:12.470Z: TypeError: Cannot read properties of undefined (reading 'then')
2023-03-23T05:45:12.470Z: error contact number
2023-03-23T05:45:12.470Z: TypeError: Cannot read properties of undefined (reading 'then')
2023-03-23T05:45:12.470Z: error contact number
2023-03-23T05:45:12.470Z: TypeError: Cannot read properties of undefined (reading 'then')
2023-03-23T05:45:12.470Z: error contact number
2023-03-23T05:45:12.470Z: TypeError: Cannot read properties of undefined (reading 'then')
2023-03-23T05:45:12.470Z: error contact number
2023-03-23T05:45:12.470Z: TypeError: Cannot read properties of undefined (reading 'then')
2023-03-23T05:45:12.470Z: error contact number
2023-03-23T05:45:12.470Z: TypeError: Cannot read properties of undefined (reading 'then')
2023-03-23T05:45:12.470Z: error contact number
2023-03-23T05:45:12.470Z: TypeError: Cannot read properties of undefined (reading 'then')
2023-03-23T05:45:12.470Z: error contact number
2023-03-23T05:45:12.470Z: TypeError: Cannot read properties of undefined (reading 'then')
2023-03-23T05:45:12.470Z: error contact number
2023-03-23T05:45:12.470Z: TypeError: Cannot read properties of undefined (reading 'then')
2023-03-23T05:45:12.470Z: error contact number
2023-03-23T05:45:12.470Z: TypeError: Cannot read properties of undefined (reading 'then')
2023-03-23T05:45:12.471Z: error contact number
2023-03-23T05:45:12.471Z: TypeError: Cannot read properties of undefined (reading 'then')
2023-03-23T05:45:12.471Z: error contact number
2023-03-23T05:45:12.471Z: TypeError: Cannot read properties of undefined (reading 'then')
2023-03-23T05:45:12.471Z: error contact number
2023-03-23T05:45:12.471Z: TypeError: Cannot read properties of undefined (reading 'then')
2023-03-23T05:45:12.471Z: error contact number
2023-03-23T05:45:12.471Z: TypeError: Cannot read properties of undefined (reading 'then')
2023-03-23T05:45:12.471Z: error contact number
2023-03-23T05:45:12.471Z: TypeError: Cannot read properties of undefined (reading 'then')
2023-03-23T05:45:12.471Z: error contact number
2023-03-23T05:45:12.471Z: TypeError: Cannot read properties of undefined (reading 'then')
2023-03-23T05:45:12.471Z: error contact number
2023-03-23T05:45:12.471Z: TypeError: Cannot read properties of undefined (reading 'then')
2023-03-23T05:45:12.471Z: error contact number
2023-03-23T05:45:12.471Z: TypeError: Cannot read properties of undefined (reading 'then')
2023-03-23T05:45:12.471Z: error contact number
2023-03-23T05:45:12.471Z: TypeError: Cannot read properties of undefined (reading 'then')
2023-03-23T05:45:12.471Z: error contact number
2023-03-23T05:45:12.472Z: TypeError: Cannot read properties of undefined (reading 'then')
2023-03-23T05:45:12.472Z: error contact number
2023-03-23T05:45:12.472Z: TypeError: Cannot read properties of undefined (reading 'then')
2023-03-23T05:45:12.472Z: error contact number
2023-03-23T05:45:12.472Z: TypeError: Cannot read properties of undefined (reading 'then')
2023-03-23T05:45:12.472Z: error contact number
2023-03-23T05:45:12.472Z: TypeError: Cannot read properties of undefined (reading 'then')
2023-03-23T05:45:12.472Z: error contact number
2023-03-23T05:45:12.472Z: TypeError: Cannot read properties of undefined (reading 'then')
2023-03-23T05:45:12.472Z: error contact number
2023-03-23T05:45:12.472Z: TypeError: Cannot read properties of undefined (reading 'then')
2023-03-23T05:45:12.472Z: error contact number
2023-03-23T05:45:12.472Z: TypeError: Cannot read properties of undefined (reading 'then')
2023-03-23T05:45:12.472Z: error contact number
2023-03-23T05:45:12.472Z: TypeError: Cannot read properties of undefined (reading 'then')
2023-03-23T05:45:12.472Z: error contact number
2023-03-23T05:45:12.473Z: TypeError: Cannot read properties of undefined (reading 'then')
2023-03-23T05:45:12.473Z: error contact number
2023-03-23T05:45:12.473Z: TypeError: Cannot read properties of undefined (reading 'then')
2023-03-23T05:45:12.473Z: error contact number
2023-03-23T05:45:12.473Z: TypeError: Cannot read properties of undefined (reading 'then')
2023-03-23T05:45:12.473Z: error contact number
2023-03-23T05:45:12.473Z: TypeError: Cannot read properties of undefined (reading 'then')
2023-03-23T05:45:12.473Z: error contact number
2023-03-23T05:45:12.473Z: TypeError: Cannot read properties of undefined (reading 'then')
2023-03-23T05:45:12.473Z: error contact number
2023-03-23T05:45:12.473Z: TypeError: Cannot read properties of undefined (reading 'then')
2023-03-23T05:45:12.473Z: error contact number
2023-03-23T05:45:12.473Z: TypeError: Cannot read properties of undefined (reading 'then')
2023-03-23T05:45:12.473Z: error contact number
2023-03-23T05:45:12.473Z: TypeError: Cannot read properties of undefined (reading 'then')
2023-03-23T05:45:12.473Z: error contact number
2023-03-23T05:45:12.473Z: TypeError: Cannot read properties of undefined (reading 'then')
2023-03-23T05:45:12.473Z: error contact number
2023-03-23T05:45:12.473Z: TypeError: Cannot read properties of undefined (reading 'then')
2023-03-23T05:45:12.473Z: error contact number
2023-03-23T05:45:12.474Z: TypeError: Cannot read properties of undefined (reading 'then')
2023-03-23T05:45:12.474Z: error contact number
2023-03-23T05:45:12.474Z: TypeError: Cannot read properties of undefined (reading 'then')
2023-03-23T05:45:12.474Z: error contact number
2023-03-23T05:45:12.474Z: TypeError: Cannot read properties of undefined (reading 'then')
2023-03-23T05:45:12.474Z: error contact number
2023-03-23T05:45:12.474Z: TypeError: Cannot read properties of undefined (reading 'then')
2023-03-23T05:45:12.474Z: error contact number
2023-03-23T05:45:12.474Z: TypeError: Cannot read properties of undefined (reading 'then')
2023-03-23T05:45:12.474Z: error contact number
2023-03-23T05:45:12.474Z: TypeError: Cannot read properties of undefined (reading 'then')
2023-03-23T05:45:12.474Z: error contact number
2023-03-23T05:45:12.474Z: TypeError: Cannot read properties of undefined (reading 'then')
2023-03-23T05:45:12.474Z: error contact number
2023-03-23T05:45:12.474Z: TypeError: Cannot read properties of undefined (reading 'then')
2023-03-23T05:45:12.474Z: error contact number
2023-03-23T05:45:12.474Z: TypeError: Cannot read properties of undefined (reading 'then')
2023-03-23T05:45:12.474Z: error contact number
2023-03-23T05:45:12.474Z: TypeError: Cannot read properties of undefined (reading 'then')
2023-03-23T05:45:12.474Z: error contact number
2023-03-23T05:45:12.474Z: TypeError: Cannot read properties of undefined (reading 'then')
2023-03-23T05:45:12.474Z: error contact number
2023-03-23T05:45:12.475Z: TypeError: Cannot read properties of undefined (reading 'then')
2023-03-23T05:45:12.475Z: error contact number
2023-03-23T05:45:12.475Z: TypeError: Cannot read properties of undefined (reading 'then')
2023-03-23T05:45:12.475Z: error contact number
2023-03-23T05:45:12.475Z: TypeError: Cannot read properties of undefined (reading 'then')
2023-03-23T05:45:12.475Z: error contact number
2023-03-23T05:45:12.475Z: TypeError: Cannot read properties of undefined (reading 'then')
2023-03-23T05:45:12.475Z: error contact number
2023-03-23T05:45:12.475Z: TypeError: Cannot read properties of undefined (reading 'then')
2023-03-23T05:45:12.475Z: error contact number
2023-03-23T05:45:12.475Z: TypeError: Cannot read properties of undefined (reading 'then')
2023-03-23T05:45:12.475Z: error contact number
2023-03-23T05:45:12.475Z: TypeError: Cannot read properties of undefined (reading 'then')
2023-03-23T05:45:12.475Z: error contact number
2023-03-23T05:45:12.475Z: TypeError: Cannot read properties of undefined (reading 'then')
2023-03-23T05:45:12.475Z: error contact number
2023-03-23T05:45:12.475Z: TypeError: Cannot read properties of undefined (reading 'then')
2023-03-23T05:45:12.475Z: error contact number
2023-03-23T05:45:12.475Z: TypeError: Cannot read properties of undefined (reading 'then')
2023-03-23T05:45:12.475Z: error contact number
2023-03-23T05:45:12.475Z: TypeError: Cannot read properties of undefined (reading 'then')
2023-03-23T05:45:12.475Z: error contact number
2023-03-23T05:45:12.476Z: TypeError: Cannot read properties of undefined (reading 'then')
2023-03-23T05:45:12.476Z: error contact number
2023-03-23T05:45:12.476Z: TypeError: Cannot read properties of undefined (reading 'then')
2023-03-23T05:45:12.476Z: error contact number
2023-03-23T05:45:12.476Z: TypeError: Cannot read properties of undefined (reading 'then')
2023-03-23T05:45:12.476Z: error contact number
2023-03-23T05:45:12.476Z: TypeError: Cannot read properties of undefined (reading 'then')
2023-03-23T05:45:12.476Z: error contact number
2023-03-23T05:45:12.476Z: TypeError: Cannot read properties of undefined (reading 'then')
2023-03-23T05:45:12.476Z: error contact number
2023-03-23T05:45:12.476Z: TypeError: Cannot read properties of undefined (reading 'then')
2023-03-23T05:45:12.476Z: error contact number
2023-03-23T05:45:12.476Z: TypeError: Cannot read properties of undefined (reading 'then')
2023-03-23T05:45:12.476Z: error contact number
2023-03-23T05:45:12.476Z: TypeError: Cannot read properties of undefined (reading 'then')
2023-03-23T05:45:12.476Z: error contact number
2023-03-23T05:45:12.476Z: TypeError: Cannot read properties of undefined (reading 'then')
2023-03-23T05:45:12.476Z: error contact number
2023-03-23T05:45:12.476Z: TypeError: Cannot read properties of undefined (reading 'then')
2023-03-23T05:45:12.476Z: error contact number
2023-03-23T05:45:12.477Z: TypeError: Cannot read properties of undefined (reading 'then')
2023-03-23T05:45:12.477Z: error contact number
2023-03-23T05:45:12.477Z: TypeError: Cannot read properties of undefined (reading 'then')
2023-03-23T05:45:12.477Z: error contact number
2023-03-23T05:45:12.477Z: TypeError: Cannot read properties of undefined (reading 'then')
2023-03-23T05:45:12.477Z: error contact number
2023-03-23T05:45:12.477Z: TypeError: Cannot read properties of undefined (reading 'then')
2023-03-23T05:45:12.477Z: error contact number
2023-03-23T05:45:12.477Z: TypeError: Cannot read properties of undefined (reading 'then')
2023-03-23T05:45:12.477Z: error contact number
2023-03-23T05:45:12.477Z: TypeError: Cannot read properties of undefined (reading 'then')
2023-03-23T05:45:12.477Z: error contact number
2023-03-23T05:45:48.232Z: Listening on port 8041
2023-03-23T05:45:48.243Z: Successfully connected to {localhost}
2023-03-23T05:45:50.005Z: Successfully connected to {data-platform.ckghnqcooulj.ap-southeast-1.redshift.amazonaws.com}
2023-03-23T05:45:57.867Z: TypeError: Cannot read properties of undefined (reading 'then')
2023-03-23T05:45:57.867Z: error contact number
2023-03-23T05:45:57.867Z: TypeError: Cannot read properties of undefined (reading 'then')
2023-03-23T05:45:57.867Z: error contact number
2023-03-23T05:45:57.868Z: TypeError: Cannot read properties of undefined (reading 'then')
2023-03-23T05:45:57.868Z: error contact number
2023-03-23T05:45:57.868Z: TypeError: Cannot read properties of undefined (reading 'then')
2023-03-23T05:45:57.869Z: error contact number
2023-03-23T05:45:57.869Z: TypeError: Cannot read properties of undefined (reading 'then')
2023-03-23T05:45:57.869Z: error contact number
2023-03-23T05:45:57.870Z: TypeError: Cannot read properties of undefined (reading 'then')
2023-03-23T05:45:57.870Z: error contact number
2023-03-23T05:45:57.870Z: TypeError: Cannot read properties of undefined (reading 'then')
2023-03-23T05:45:57.870Z: error contact number
2023-03-23T05:45:57.871Z: TypeError: Cannot read properties of undefined (reading 'then')
2023-03-23T05:45:57.871Z: error contact number
2023-03-23T05:45:57.871Z: TypeError: Cannot read properties of undefined (reading 'then')
2023-03-23T05:45:57.871Z: error contact number
2023-03-23T05:45:57.871Z: TypeError: Cannot read properties of undefined (reading 'then')
2023-03-23T05:45:57.871Z: error contact number
2023-03-23T05:45:57.871Z: TypeError: Cannot read properties of undefined (reading 'then')
2023-03-23T05:45:57.871Z: error contact number
2023-03-23T05:45:57.871Z: TypeError: Cannot read properties of undefined (reading 'then')
2023-03-23T05:45:57.871Z: error contact number
2023-03-23T05:45:57.872Z: TypeError: Cannot read properties of undefined (reading 'then')
2023-03-23T05:45:57.872Z: error contact number
2023-03-23T05:45:57.872Z: TypeError: Cannot read properties of undefined (reading 'then')
2023-03-23T05:45:57.872Z: error contact number
2023-03-23T05:45:57.872Z: TypeError: Cannot read properties of undefined (reading 'then')
2023-03-23T05:45:57.872Z: error contact number
2023-03-23T05:45:57.872Z: TypeError: Cannot read properties of undefined (reading 'then')
2023-03-23T05:45:57.872Z: error contact number
2023-03-23T05:45:57.872Z: TypeError: Cannot read properties of undefined (reading 'then')
2023-03-23T05:45:57.872Z: error contact number
2023-03-23T05:45:57.872Z: TypeError: Cannot read properties of undefined (reading 'then')
2023-03-23T05:45:57.872Z: error contact number
2023-03-23T05:45:57.872Z: TypeError: Cannot read properties of undefined (reading 'then')
2023-03-23T05:45:57.872Z: error contact number
2023-03-23T05:45:57.872Z: TypeError: Cannot read properties of undefined (reading 'then')
2023-03-23T05:45:57.872Z: error contact number
2023-03-23T05:45:57.872Z: TypeError: Cannot read properties of undefined (reading 'then')
2023-03-23T05:45:57.872Z: error contact number
2023-03-23T05:45:57.873Z: TypeError: Cannot read properties of undefined (reading 'then')
2023-03-23T05:45:57.873Z: error contact number
2023-03-23T05:45:57.873Z: TypeError: Cannot read properties of undefined (reading 'then')
2023-03-23T05:45:57.873Z: error contact number
2023-03-23T05:45:57.873Z: TypeError: Cannot read properties of undefined (reading 'then')
2023-03-23T05:45:57.873Z: error contact number
2023-03-23T05:45:57.873Z: TypeError: Cannot read properties of undefined (reading 'then')
2023-03-23T05:45:57.873Z: error contact number
2023-03-23T05:45:57.873Z: TypeError: Cannot read properties of undefined (reading 'then')
2023-03-23T05:45:57.873Z: error contact number
2023-03-23T05:45:57.873Z: TypeError: Cannot read properties of undefined (reading 'then')
2023-03-23T05:45:57.873Z: error contact number
2023-03-23T05:45:57.873Z: TypeError: Cannot read properties of undefined (reading 'then')
2023-03-23T05:45:57.873Z: error contact number
2023-03-23T05:45:57.873Z: TypeError: Cannot read properties of undefined (reading 'then')
2023-03-23T05:45:57.873Z: error contact number
2023-03-23T05:45:57.873Z: TypeError: Cannot read properties of undefined (reading 'then')
2023-03-23T05:45:57.873Z: error contact number
2023-03-23T05:45:57.873Z: TypeError: Cannot read properties of undefined (reading 'then')
2023-03-23T05:45:57.873Z: error contact number
2023-03-23T05:45:57.873Z: TypeError: Cannot read properties of undefined (reading 'then')
2023-03-23T05:45:57.874Z: error contact number
2023-03-23T05:45:57.874Z: TypeError: Cannot read properties of undefined (reading 'then')
2023-03-23T05:45:57.874Z: error contact number
2023-03-23T05:45:57.874Z: TypeError: Cannot read properties of undefined (reading 'then')
2023-03-23T05:45:57.874Z: error contact number
2023-03-23T05:45:57.874Z: TypeError: Cannot read properties of undefined (reading 'then')
2023-03-23T05:45:57.874Z: error contact number
2023-03-23T05:45:57.874Z: TypeError: Cannot read properties of undefined (reading 'then')
2023-03-23T05:45:57.874Z: error contact number
2023-03-23T05:45:57.874Z: TypeError: Cannot read properties of undefined (reading 'then')
2023-03-23T05:45:57.874Z: error contact number
2023-03-23T05:45:57.874Z: TypeError: Cannot read properties of undefined (reading 'then')
2023-03-23T05:45:57.874Z: error contact number
2023-03-23T05:45:57.874Z: TypeError: Cannot read properties of undefined (reading 'then')
2023-03-23T05:45:57.874Z: error contact number
2023-03-23T05:45:57.874Z: TypeError: Cannot read properties of undefined (reading 'then')
2023-03-23T05:45:57.874Z: error contact number
2023-03-23T05:45:57.874Z: TypeError: Cannot read properties of undefined (reading 'then')
2023-03-23T05:45:57.874Z: error contact number
2023-03-23T05:45:57.875Z: TypeError: Cannot read properties of undefined (reading 'then')
2023-03-23T05:45:57.875Z: error contact number
2023-03-23T05:45:57.875Z: TypeError: Cannot read properties of undefined (reading 'then')
2023-03-23T05:45:57.875Z: error contact number
2023-03-23T05:45:57.875Z: TypeError: Cannot read properties of undefined (reading 'then')
2023-03-23T05:45:57.875Z: error contact number
2023-03-23T05:45:57.875Z: TypeError: Cannot read properties of undefined (reading 'then')
2023-03-23T05:45:57.875Z: error contact number
2023-03-23T05:45:57.875Z: TypeError: Cannot read properties of undefined (reading 'then')
2023-03-23T05:45:57.875Z: error contact number
2023-03-23T05:45:57.875Z: TypeError: Cannot read properties of undefined (reading 'then')
2023-03-23T05:45:57.875Z: error contact number
2023-03-23T05:45:57.875Z: TypeError: Cannot read properties of undefined (reading 'then')
2023-03-23T05:45:57.875Z: error contact number
2023-03-23T05:45:57.875Z: TypeError: Cannot read properties of undefined (reading 'then')
2023-03-23T05:45:57.875Z: error contact number
2023-03-23T05:45:57.875Z: TypeError: Cannot read properties of undefined (reading 'then')
2023-03-23T05:45:57.875Z: error contact number
2023-03-23T05:45:57.875Z: TypeError: Cannot read properties of undefined (reading 'then')
2023-03-23T05:45:57.875Z: error contact number
2023-03-23T05:45:57.876Z: TypeError: Cannot read properties of undefined (reading 'then')
2023-03-23T05:45:57.876Z: error contact number
2023-03-23T05:45:57.876Z: TypeError: Cannot read properties of undefined (reading 'then')
2023-03-23T05:45:57.876Z: error contact number
2023-03-23T05:45:57.876Z: TypeError: Cannot read properties of undefined (reading 'then')
2023-03-23T05:45:57.876Z: error contact number
2023-03-23T05:45:57.876Z: TypeError: Cannot read properties of undefined (reading 'then')
2023-03-23T05:45:57.876Z: error contact number
2023-03-23T05:45:57.876Z: TypeError: Cannot read properties of undefined (reading 'then')
2023-03-23T05:45:57.876Z: error contact number
2023-03-23T05:45:57.876Z: TypeError: Cannot read properties of undefined (reading 'then')
2023-03-23T05:45:57.876Z: error contact number
2023-03-23T05:45:57.876Z: TypeError: Cannot read properties of undefined (reading 'then')
2023-03-23T05:45:57.876Z: error contact number
2023-03-23T05:45:57.876Z: TypeError: Cannot read properties of undefined (reading 'then')
2023-03-23T05:45:57.876Z: error contact number
2023-03-23T05:45:57.876Z: TypeError: Cannot read properties of undefined (reading 'then')
2023-03-23T05:45:57.876Z: error contact number
2023-03-23T05:45:57.876Z: TypeError: Cannot read properties of undefined (reading 'then')
2023-03-23T05:45:57.876Z: error contact number
2023-03-23T05:45:57.876Z: TypeError: Cannot read properties of undefined (reading 'then')
2023-03-23T05:45:57.876Z: error contact number
2023-03-23T05:45:57.877Z: TypeError: Cannot read properties of undefined (reading 'then')
2023-03-23T05:45:57.877Z: error contact number
2023-03-23T05:45:57.877Z: TypeError: Cannot read properties of undefined (reading 'then')
2023-03-23T05:45:57.877Z: error contact number
2023-03-23T05:45:57.877Z: TypeError: Cannot read properties of undefined (reading 'then')
2023-03-23T05:45:57.877Z: error contact number
2023-03-23T05:45:57.877Z: TypeError: Cannot read properties of undefined (reading 'then')
2023-03-23T05:45:57.877Z: error contact number
2023-03-23T05:45:57.877Z: TypeError: Cannot read properties of undefined (reading 'then')
2023-03-23T05:45:57.877Z: error contact number
2023-03-23T05:45:57.877Z: TypeError: Cannot read properties of undefined (reading 'then')
2023-03-23T05:45:57.877Z: error contact number
2023-03-23T05:45:57.877Z: TypeError: Cannot read properties of undefined (reading 'then')
2023-03-23T05:45:57.877Z: error contact number
2023-03-23T05:45:57.877Z: TypeError: Cannot read properties of undefined (reading 'then')
2023-03-23T05:45:57.877Z: error contact number
2023-03-23T05:45:57.877Z: TypeError: Cannot read properties of undefined (reading 'then')
2023-03-23T05:45:57.877Z: error contact number
2023-03-23T05:45:57.877Z: TypeError: Cannot read properties of undefined (reading 'then')
2023-03-23T05:45:57.877Z: error contact number
2023-03-23T05:45:57.877Z: TypeError: Cannot read properties of undefined (reading 'then')
2023-03-23T05:45:57.877Z: error contact number
2023-03-23T05:45:57.878Z: TypeError: Cannot read properties of undefined (reading 'then')
2023-03-23T05:45:57.878Z: error contact number
2023-03-23T05:45:57.878Z: TypeError: Cannot read properties of undefined (reading 'then')
2023-03-23T05:45:57.878Z: error contact number
2023-03-23T05:45:57.878Z: TypeError: Cannot read properties of undefined (reading 'then')
2023-03-23T05:45:57.878Z: error contact number
2023-03-23T05:45:57.878Z: TypeError: Cannot read properties of undefined (reading 'then')
2023-03-23T05:45:57.878Z: error contact number
2023-03-23T05:45:57.878Z: TypeError: Cannot read properties of undefined (reading 'then')
2023-03-23T05:45:57.878Z: error contact number
2023-03-23T05:45:57.878Z: TypeError: Cannot read properties of undefined (reading 'then')
2023-03-23T05:45:57.878Z: error contact number
2023-03-23T05:45:57.878Z: TypeError: Cannot read properties of undefined (reading 'then')
2023-03-23T05:45:57.878Z: error contact number
2023-03-23T05:45:57.878Z: TypeError: Cannot read properties of undefined (reading 'then')
2023-03-23T05:45:57.878Z: error contact number
2023-03-23T05:45:57.878Z: TypeError: Cannot read properties of undefined (reading 'then')
2023-03-23T05:45:57.878Z: error contact number
2023-03-23T05:45:57.878Z: TypeError: Cannot read properties of undefined (reading 'then')
2023-03-23T05:45:57.878Z: error contact number
2023-03-23T05:45:57.878Z: TypeError: Cannot read properties of undefined (reading 'then')
2023-03-23T05:45:57.878Z: error contact number
2023-03-23T05:45:57.879Z: TypeError: Cannot read properties of undefined (reading 'then')
2023-03-23T05:45:57.879Z: error contact number
2023-03-23T05:45:57.879Z: TypeError: Cannot read properties of undefined (reading 'then')
2023-03-23T05:45:57.879Z: error contact number
2023-03-23T05:45:57.879Z: TypeError: Cannot read properties of undefined (reading 'then')
2023-03-23T05:45:57.879Z: error contact number
2023-03-23T05:45:57.879Z: TypeError: Cannot read properties of undefined (reading 'then')
2023-03-23T05:45:57.879Z: error contact number
2023-03-23T05:45:57.879Z: TypeError: Cannot read properties of undefined (reading 'then')
2023-03-23T05:45:57.879Z: error contact number
2023-03-23T05:45:57.879Z: TypeError: Cannot read properties of undefined (reading 'then')
2023-03-23T05:45:57.879Z: error contact number
2023-03-23T05:45:57.879Z: TypeError: Cannot read properties of undefined (reading 'then')
2023-03-23T05:45:57.879Z: error contact number
2023-03-23T05:45:57.879Z: TypeError: Cannot read properties of undefined (reading 'then')
2023-03-23T05:45:57.879Z: error contact number
2023-03-23T05:45:57.879Z: TypeError: Cannot read properties of undefined (reading 'then')
2023-03-23T05:45:57.879Z: error contact number
2023-03-23T05:45:57.879Z: TypeError: Cannot read properties of undefined (reading 'then')
2023-03-23T05:45:57.879Z: error contact number
2023-03-23T05:45:57.879Z: TypeError: Cannot read properties of undefined (reading 'then')
2023-03-23T05:45:57.879Z: error contact number
2023-03-23T05:45:57.880Z: TypeError: Cannot read properties of undefined (reading 'then')
2023-03-23T05:45:57.880Z: error contact number
2023-03-23T05:45:57.880Z: TypeError: Cannot read properties of undefined (reading 'then')
2023-03-23T05:45:57.880Z: error contact number
2023-03-23T05:45:57.880Z: TypeError: Cannot read properties of undefined (reading 'then')
2023-03-23T05:45:57.880Z: error contact number
2023-03-23T05:45:57.880Z: TypeError: Cannot read properties of undefined (reading 'then')
2023-03-23T05:45:57.880Z: error contact number
2023-03-23T05:45:57.880Z: TypeError: Cannot read properties of undefined (reading 'then')
2023-03-23T05:45:57.880Z: error contact number
2023-03-23T05:51:48.487Z: Listening on port 8041
2023-03-23T05:51:48.498Z: Successfully connected to {localhost}
2023-03-23T05:51:50.313Z: Successfully connected to {data-platform.ckghnqcooulj.ap-southeast-1.redshift.amazonaws.com}
2023-03-23T05:51:56.835Z: TypeError: Cannot read properties of undefined (reading 'then')
2023-03-23T05:51:56.835Z: error contact number
2023-03-23T05:51:56.836Z: TypeError: Cannot read properties of undefined (reading 'then')
2023-03-23T05:51:56.836Z: error contact number
2023-03-23T05:51:56.836Z: TypeError: Cannot read properties of undefined (reading 'then')
2023-03-23T05:51:56.836Z: error contact number
2023-03-23T05:51:56.837Z: TypeError: Cannot read properties of undefined (reading 'then')
2023-03-23T05:51:56.837Z: error contact number
2023-03-23T05:51:56.837Z: TypeError: Cannot read properties of undefined (reading 'then')
2023-03-23T05:51:56.838Z: error contact number
2023-03-23T05:51:56.838Z: TypeError: Cannot read properties of undefined (reading 'then')
2023-03-23T05:51:56.838Z: error contact number
2023-03-23T05:51:56.838Z: TypeError: Cannot read properties of undefined (reading 'then')
2023-03-23T05:51:56.838Z: error contact number
2023-03-23T05:51:56.839Z: TypeError: Cannot read properties of undefined (reading 'then')
2023-03-23T05:51:56.839Z: error contact number
2023-03-23T05:51:56.839Z: TypeError: Cannot read properties of undefined (reading 'then')
2023-03-23T05:51:56.839Z: error contact number
2023-03-23T05:51:56.840Z: TypeError: Cannot read properties of undefined (reading 'then')
2023-03-23T05:51:56.840Z: error contact number
2023-03-23T05:51:56.840Z: TypeError: Cannot read properties of undefined (reading 'then')
2023-03-23T05:51:56.840Z: error contact number
2023-03-23T05:51:56.840Z: TypeError: Cannot read properties of undefined (reading 'then')
2023-03-23T05:51:56.840Z: error contact number
2023-03-23T05:51:56.840Z: TypeError: Cannot read properties of undefined (reading 'then')
2023-03-23T05:51:56.840Z: error contact number
2023-03-23T05:51:56.840Z: TypeError: Cannot read properties of undefined (reading 'then')
2023-03-23T05:51:56.840Z: error contact number
2023-03-23T05:51:56.840Z: TypeError: Cannot read properties of undefined (reading 'then')
2023-03-23T05:51:56.840Z: error contact number
2023-03-23T05:51:56.840Z: TypeError: Cannot read properties of undefined (reading 'then')
2023-03-23T05:51:56.840Z: error contact number
2023-03-23T05:51:56.840Z: TypeError: Cannot read properties of undefined (reading 'then')
2023-03-23T05:51:56.840Z: error contact number
2023-03-23T05:51:56.841Z: TypeError: Cannot read properties of undefined (reading 'then')
2023-03-23T05:51:56.841Z: error contact number
2023-03-23T05:51:56.841Z: TypeError: Cannot read properties of undefined (reading 'then')
2023-03-23T05:51:56.841Z: error contact number
2023-03-23T05:51:56.841Z: TypeError: Cannot read properties of undefined (reading 'then')
2023-03-23T05:51:56.841Z: error contact number
2023-03-23T05:51:56.841Z: TypeError: Cannot read properties of undefined (reading 'then')
2023-03-23T05:51:56.841Z: error contact number
2023-03-23T05:51:56.841Z: TypeError: Cannot read properties of undefined (reading 'then')
2023-03-23T05:51:56.841Z: error contact number
2023-03-23T05:51:56.841Z: TypeError: Cannot read properties of undefined (reading 'then')
2023-03-23T05:51:56.841Z: error contact number
2023-03-23T05:51:56.841Z: TypeError: Cannot read properties of undefined (reading 'then')
2023-03-23T05:51:56.841Z: error contact number
2023-03-23T05:51:56.841Z: TypeError: Cannot read properties of undefined (reading 'then')
2023-03-23T05:51:56.841Z: error contact number
2023-03-23T05:51:56.842Z: TypeError: Cannot read properties of undefined (reading 'then')
2023-03-23T05:51:56.842Z: error contact number
2023-03-23T05:51:56.842Z: TypeError: Cannot read properties of undefined (reading 'then')
2023-03-23T05:51:56.842Z: error contact number
2023-03-23T05:51:56.842Z: TypeError: Cannot read properties of undefined (reading 'then')
2023-03-23T05:51:56.842Z: error contact number
2023-03-23T05:51:56.842Z: TypeError: Cannot read properties of undefined (reading 'then')
2023-03-23T05:51:56.842Z: error contact number
2023-03-23T05:51:56.842Z: TypeError: Cannot read properties of undefined (reading 'then')
2023-03-23T05:51:56.842Z: error contact number
2023-03-23T05:51:56.842Z: TypeError: Cannot read properties of undefined (reading 'then')
2023-03-23T05:51:56.842Z: error contact number
2023-03-23T05:51:56.842Z: TypeError: Cannot read properties of undefined (reading 'then')
2023-03-23T05:51:56.842Z: error contact number
2023-03-23T05:51:56.842Z: TypeError: Cannot read properties of undefined (reading 'then')
2023-03-23T05:51:56.842Z: error contact number
2023-03-23T05:51:56.842Z: TypeError: Cannot read properties of undefined (reading 'then')
2023-03-23T05:51:56.842Z: error contact number
2023-03-23T05:51:56.842Z: TypeError: Cannot read properties of undefined (reading 'then')
2023-03-23T05:51:56.842Z: error contact number
2023-03-23T05:51:56.842Z: TypeError: Cannot read properties of undefined (reading 'then')
2023-03-23T05:51:56.843Z: error contact number
2023-03-23T05:51:56.843Z: TypeError: Cannot read properties of undefined (reading 'then')
2023-03-23T05:51:56.843Z: error contact number
2023-03-23T05:51:56.843Z: TypeError: Cannot read properties of undefined (reading 'then')
2023-03-23T05:51:56.843Z: error contact number
2023-03-23T05:51:56.843Z: TypeError: Cannot read properties of undefined (reading 'then')
2023-03-23T05:51:56.843Z: error contact number
2023-03-23T05:51:56.843Z: TypeError: Cannot read properties of undefined (reading 'then')
2023-03-23T05:51:56.843Z: error contact number
2023-03-23T05:51:56.843Z: TypeError: Cannot read properties of undefined (reading 'then')
2023-03-23T05:51:56.843Z: error contact number
2023-03-23T05:51:56.843Z: TypeError: Cannot read properties of undefined (reading 'then')
2023-03-23T05:51:56.843Z: error contact number
2023-03-23T05:51:56.843Z: TypeError: Cannot read properties of undefined (reading 'then')
2023-03-23T05:51:56.843Z: error contact number
2023-03-23T05:51:56.843Z: TypeError: Cannot read properties of undefined (reading 'then')
2023-03-23T05:51:56.843Z: error contact number
2023-03-23T05:51:56.843Z: TypeError: Cannot read properties of undefined (reading 'then')
2023-03-23T05:51:56.843Z: error contact number
2023-03-23T05:51:56.843Z: TypeError: Cannot read properties of undefined (reading 'then')
2023-03-23T05:51:56.844Z: error contact number
2023-03-23T05:51:56.844Z: TypeError: Cannot read properties of undefined (reading 'then')
2023-03-23T05:51:56.844Z: error contact number
2023-03-23T05:51:56.844Z: TypeError: Cannot read properties of undefined (reading 'then')
2023-03-23T05:51:56.844Z: error contact number
2023-03-23T05:51:56.844Z: TypeError: Cannot read properties of undefined (reading 'then')
2023-03-23T05:51:56.844Z: error contact number
2023-03-23T05:51:56.844Z: TypeError: Cannot read properties of undefined (reading 'then')
2023-03-23T05:51:56.844Z: error contact number
2023-03-23T05:51:56.844Z: TypeError: Cannot read properties of undefined (reading 'then')
2023-03-23T05:51:56.844Z: error contact number
2023-03-23T05:51:56.844Z: TypeError: Cannot read properties of undefined (reading 'then')
2023-03-23T05:51:56.844Z: error contact number
2023-03-23T05:51:56.844Z: TypeError: Cannot read properties of undefined (reading 'then')
2023-03-23T05:51:56.844Z: error contact number
2023-03-23T05:51:56.844Z: TypeError: Cannot read properties of undefined (reading 'then')
2023-03-23T05:51:56.844Z: error contact number
2023-03-23T05:51:56.844Z: TypeError: Cannot read properties of undefined (reading 'then')
2023-03-23T05:51:56.845Z: error contact number
2023-03-23T05:51:56.845Z: TypeError: Cannot read properties of undefined (reading 'then')
2023-03-23T05:51:56.845Z: error contact number
2023-03-23T05:51:56.845Z: TypeError: Cannot read properties of undefined (reading 'then')
2023-03-23T05:51:56.845Z: error contact number
2023-03-23T05:51:56.845Z: TypeError: Cannot read properties of undefined (reading 'then')
2023-03-23T05:51:56.845Z: error contact number
2023-03-23T05:51:56.845Z: TypeError: Cannot read properties of undefined (reading 'then')
2023-03-23T05:51:56.845Z: error contact number
2023-03-23T05:51:56.845Z: TypeError: Cannot read properties of undefined (reading 'then')
2023-03-23T05:51:56.845Z: error contact number
2023-03-23T05:51:56.845Z: TypeError: Cannot read properties of undefined (reading 'then')
2023-03-23T05:51:56.845Z: error contact number
2023-03-23T05:51:56.845Z: TypeError: Cannot read properties of undefined (reading 'then')
2023-03-23T05:51:56.845Z: error contact number
2023-03-23T05:51:56.845Z: TypeError: Cannot read properties of undefined (reading 'then')
2023-03-23T05:51:56.845Z: error contact number
2023-03-23T05:51:56.845Z: TypeError: Cannot read properties of undefined (reading 'then')
2023-03-23T05:51:56.845Z: error contact number
2023-03-23T05:51:56.845Z: TypeError: Cannot read properties of undefined (reading 'then')
2023-03-23T05:51:56.845Z: error contact number
2023-03-23T05:51:56.845Z: TypeError: Cannot read properties of undefined (reading 'then')
2023-03-23T05:51:56.845Z: error contact number
2023-03-23T05:51:56.845Z: TypeError: Cannot read properties of undefined (reading 'then')
2023-03-23T05:51:56.845Z: error contact number
2023-03-23T05:51:56.846Z: TypeError: Cannot read properties of undefined (reading 'then')
2023-03-23T05:51:56.846Z: error contact number
2023-03-23T05:51:56.846Z: TypeError: Cannot read properties of undefined (reading 'then')
2023-03-23T05:51:56.846Z: error contact number
2023-03-23T05:51:56.846Z: TypeError: Cannot read properties of undefined (reading 'then')
2023-03-23T05:51:56.846Z: error contact number
2023-03-23T05:51:56.846Z: TypeError: Cannot read properties of undefined (reading 'then')
2023-03-23T05:51:56.846Z: error contact number
2023-03-23T05:51:56.846Z: TypeError: Cannot read properties of undefined (reading 'then')
2023-03-23T05:51:56.846Z: error contact number
2023-03-23T05:51:56.846Z: TypeError: Cannot read properties of undefined (reading 'then')
2023-03-23T05:51:56.846Z: error contact number
2023-03-23T05:51:56.846Z: TypeError: Cannot read properties of undefined (reading 'then')
2023-03-23T05:51:56.846Z: error contact number
2023-03-23T05:51:56.846Z: TypeError: Cannot read properties of undefined (reading 'then')
2023-03-23T05:51:56.846Z: error contact number
2023-03-23T05:51:56.846Z: TypeError: Cannot read properties of undefined (reading 'then')
2023-03-23T05:51:56.846Z: error contact number
2023-03-23T05:51:56.846Z: TypeError: Cannot read properties of undefined (reading 'then')
2023-03-23T05:51:56.846Z: error contact number
2023-03-23T05:51:56.846Z: TypeError: Cannot read properties of undefined (reading 'then')
2023-03-23T05:51:56.846Z: error contact number
2023-03-23T05:51:56.846Z: TypeError: Cannot read properties of undefined (reading 'then')
2023-03-23T05:51:56.846Z: error contact number
2023-03-23T05:51:56.847Z: TypeError: Cannot read properties of undefined (reading 'then')
2023-03-23T05:51:56.847Z: error contact number
2023-03-23T05:51:56.847Z: TypeError: Cannot read properties of undefined (reading 'then')
2023-03-23T05:51:56.847Z: error contact number
2023-03-23T05:51:56.847Z: TypeError: Cannot read properties of undefined (reading 'then')
2023-03-23T05:51:56.847Z: error contact number
2023-03-23T05:51:56.847Z: TypeError: Cannot read properties of undefined (reading 'then')
2023-03-23T05:51:56.847Z: error contact number
2023-03-23T05:51:56.847Z: TypeError: Cannot read properties of undefined (reading 'then')
2023-03-23T05:51:56.847Z: error contact number
2023-03-23T05:51:56.847Z: TypeError: Cannot read properties of undefined (reading 'then')
2023-03-23T05:51:56.847Z: error contact number
2023-03-23T05:51:56.847Z: TypeError: Cannot read properties of undefined (reading 'then')
2023-03-23T05:51:56.847Z: error contact number
2023-03-23T05:51:56.847Z: TypeError: Cannot read properties of undefined (reading 'then')
2023-03-23T05:51:56.847Z: error contact number
2023-03-23T05:51:56.847Z: TypeError: Cannot read properties of undefined (reading 'then')
2023-03-23T05:51:56.847Z: error contact number
2023-03-23T05:51:56.847Z: TypeError: Cannot read properties of undefined (reading 'then')
2023-03-23T05:51:56.847Z: error contact number
2023-03-23T05:51:56.847Z: TypeError: Cannot read properties of undefined (reading 'then')
2023-03-23T05:51:56.847Z: error contact number
2023-03-23T05:51:56.847Z: TypeError: Cannot read properties of undefined (reading 'then')
2023-03-23T05:51:56.847Z: error contact number
2023-03-23T05:51:56.848Z: TypeError: Cannot read properties of undefined (reading 'then')
2023-03-23T05:51:56.848Z: error contact number
2023-03-23T05:51:56.848Z: TypeError: Cannot read properties of undefined (reading 'then')
2023-03-23T05:51:56.848Z: error contact number
2023-03-23T05:51:56.848Z: TypeError: Cannot read properties of undefined (reading 'then')
2023-03-23T05:51:56.848Z: error contact number
2023-03-23T05:51:56.848Z: TypeError: Cannot read properties of undefined (reading 'then')
2023-03-23T05:51:56.848Z: error contact number
2023-03-23T05:51:56.848Z: TypeError: Cannot read properties of undefined (reading 'then')
2023-03-23T05:51:56.848Z: error contact number
2023-03-23T05:51:56.848Z: TypeError: Cannot read properties of undefined (reading 'then')
2023-03-23T05:51:56.848Z: error contact number
2023-03-23T05:51:56.848Z: TypeError: Cannot read properties of undefined (reading 'then')
2023-03-23T05:51:56.848Z: error contact number
2023-03-23T05:51:56.848Z: TypeError: Cannot read properties of undefined (reading 'then')
2023-03-23T05:51:56.848Z: error contact number
2023-03-23T05:51:56.848Z: TypeError: Cannot read properties of undefined (reading 'then')
2023-03-23T05:51:56.848Z: error contact number
2023-03-23T05:53:34.842Z: Listening on port 8041
2023-03-23T05:53:34.853Z: Successfully connected to {localhost}
2023-03-23T05:53:36.723Z: Successfully connected to {data-platform.ckghnqcooulj.ap-southeast-1.redshift.amazonaws.com}
2023-03-23T05:53:45.029Z: {"player_token":"s2ccclll467230","country":"UNK","message":"test message","platform":"sms","phone_number":"INV"}
2023-03-23T05:53:45.030Z: {"player_token":"s2ducngu777338","country":"TH","message":"test message","platform":"sms","phone_number":"+84909123789"}
2023-03-23T05:53:45.110Z: {"player_token":"s2dactru331620","country":"UNK","message":"test message","platform":"sms","phone_number":"+84967232361"}
2023-03-23T05:53:45.110Z: {"player_token":"s2pejjae163073","country":"UNK","message":"test message","platform":"sms","phone_number":"+66859533395"}
2023-03-23T05:53:45.111Z: {"player_token":"s2picpan860809","country":"UNK","message":"test message","platform":"email","email":"pichetwork@gmail.com"}
2023-03-23T05:53:45.192Z: {"player_token":"s2sumjon810849","country":"UNK","message":"test message","platform":"sms","phone_number":"+66818737338"}
2023-03-23T05:53:45.273Z: {"player_token":"s2amocha456181","country":"UNK","message":"test message","platform":"email","email":"amonchai_anl@hotmail.com"}
2023-03-23T05:53:45.274Z: {"player_token":"s2tacsir206513","country":"UNK","message":"test message","platform":"email","email":"natt-o@hotmail.com"}
2023-03-23T05:53:45.274Z: {"player_token":"s2thelee240915","country":"UNK","message":"test message","platform":"sms","phone_number":"+84976186994"}
2023-03-23T05:53:45.354Z: {"player_token":"s2pilnoi275697","country":"UNK","message":"test message","platform":"sms","phone_number":"+66815958605"}
2023-03-23T05:53:45.355Z: {"player_token":"s2duyngu550403","country":"UNK","message":"test message","platform":"sms","phone_number":"+841697218291"}
2023-03-23T05:53:45.356Z: {"player_token":"s2huungu702756","country":"UNK","message":"test message","platform":"sms","phone_number":"+841692211213"}
2023-03-23T05:53:45.434Z: {"player_token":"s2patsuc245473","country":"TH","message":"test message","platform":"sms","phone_number":"+66824909900"}
2023-03-23T05:53:45.434Z: {"player_token":"s2manngu970753","country":"VN","message":"test message","platform":"email","email":"manhdat.hoahoa@gmail.com"}
2023-03-23T05:53:45.435Z: {"player_token":"s2kripon178558","country":"UNK","message":"test message","platform":"email","email":"nice.pretty0720@gmail.com"}
2023-03-23T05:53:45.597Z: {"player_token":"s2thilee110100","country":"UNK","message":"test message","platform":"sms","phone_number":"+66888409944"}
2023-03-23T05:53:45.598Z: {"player_token":"s2chivon003337","country":"UNK","message":"test message","platform":"sms","phone_number":"+84946450160"}
2023-03-23T05:53:45.598Z: {"player_token":"s2thalee886715","country":"UNK","message":"test message","platform":"sms","phone_number":"+84948556969"}
2023-03-23T05:53:45.599Z: {"player_token":"s2athsri106993","country":"TH","message":"test message","platform":"email","email":"e-ice-ba@hotmail.com"}
2023-03-23T05:53:45.599Z: {"player_token":"s2quatra008348","country":"UNK","message":"test message","platform":"email","email":"tranquangchung270794@gmail.com"}
2023-03-23T05:53:45.763Z: {"player_token":"s2rawnua958082","country":"UNK","message":"test message","platform":"sms","phone_number":"+66913091120"}
2023-03-23T05:53:45.847Z: {"player_token":"s2ducpha653500","country":"UNK","message":"test message","platform":"email","email":"tetuongluugukokhoc@yahoo.com"}
2023-03-23T05:53:45.847Z: {"player_token":"s2nirbua136259","country":"TH","message":"test message","platform":"email","email":"Ppsetmet@gmail.com"}
2023-03-23T05:53:45.848Z: {"player_token":"s2huytra590111","country":"UNK","message":"test message","platform":"sms","phone_number":"+84937567426"}
2023-03-23T05:53:46.008Z: {"player_token":"s2chasos385807","country":"VN","message":"test message","platform":"sms","phone_number":"+66878371268"}
2023-03-23T05:53:46.090Z: {"player_token":"s2sasnun143217","country":"UNK","message":"test message","platform":"sms","phone_number":"+66931929993"}
2023-03-23T05:53:46.091Z: {"player_token":"s2linngo151089","country":"TH","message":"test message","platform":"sms","phone_number":"+841235841917"}
2023-03-23T05:53:46.091Z: {"player_token":"s2vanhoa095477","country":"UNK","message":"test message","platform":"sms","phone_number":"+841233451666"}
2023-03-23T05:53:46.170Z: {"player_token":"s2tanrac121847","country":"UNK","message":"test message","platform":"sms","phone_number":"+66985059393"}
2023-03-23T05:53:46.255Z: {"player_token":"s2thingu652639","country":"UNK","message":"test message","platform":"email","email":"thulinh686@gmail.com"}
2023-03-23T05:53:46.338Z: {"player_token":"s2chakom063612","country":"UNK","message":"test message","platform":"email","email":"pokermanthailand@gmail.com"}
2023-03-23T05:53:46.338Z: {"player_token":"s2qaiqai825072","country":"UNK","message":"test message","platform":"sms","phone_number":"INV"}
2023-03-23T05:53:46.421Z: {"player_token":"s2supnga663491","country":"UNK","message":"test message","platform":"sms","phone_number":"+66912092202"}
2023-03-23T05:53:46.422Z: {"player_token":"s2ngungu191810","country":"TH","message":"test message","platform":"sms","phone_number":"+84905638885"}
2023-03-23T05:53:46.503Z: {"player_token":"s2hoatra821023","country":"UNK","message":"test message","platform":"sms","phone_number":"+841674701173"}
2023-03-23T05:53:46.583Z: {"player_token":"s2kwupim588532","country":"TH","message":"test message","platform":"email","email":"kp_aristoton@hotmail.com"}
2023-03-23T05:53:46.583Z: {"player_token":"s2hoangu096181","country":"UNK","message":"test message","platform":"email","email":"nguyenvu19832001@yahoo.com"}
2023-03-23T05:53:46.666Z: {"player_token":"s2baohoo901114","country":"TH","message":"test message","platform":"sms","phone_number":"+841683763568"}
2023-03-23T05:53:46.666Z: {"player_token":"s2pitsea049818","country":"UNK","message":"test message","platform":"sms","phone_number":"+66922018378"}
2023-03-23T05:53:46.746Z: {"player_token":"s2anhpha013289","country":"TH","message":"test message","platform":"email","email":"awidjij@gmail.com"}
2023-03-23T05:53:46.746Z: {"player_token":"s2vietra663180","country":"UNK","message":"test message","platform":"sms","phone_number":"+84985380320"}
2023-03-23T05:53:46.829Z: {"player_token":"s2mischo927269","country":"UNK","message":"test message","platform":"sms","phone_number":"+66909977724"}
2023-03-23T05:53:46.829Z: {"player_token":"s2nutnet255313","country":"AU","message":"test message","platform":"email","email":"monoinlove@hotmail.com"}
2023-03-23T05:53:46.994Z: {"player_token":"s2ducvoo817667","country":"UNK","message":"test message","platform":"sms","phone_number":"+841629850900"}
2023-03-23T05:53:46.995Z: {"player_token":"s2ngotra187252","country":"UNK","message":"test message","platform":"email","email":"ngocchien619@gmail.com"}
2023-03-23T05:53:47.078Z: {"player_token":"s2faituy081010","country":"UNK","message":"test message","platform":"sms","phone_number":"+66994851448"}
2023-03-23T05:53:47.079Z: {"player_token":"s2dfgdfg242672","country":"UNK","message":"test message","platform":"sms","phone_number":"INV"}
2023-03-23T05:53:47.079Z: {"player_token":"s2bennop679138","country":"VN","message":"test message","platform":"sms","phone_number":"+66952260989"}
2023-03-23T05:53:47.164Z: {"player_token":"s2honngu713085","country":"UNK","message":"test message","platform":"sms","phone_number":"+84977684488"}
2023-03-23T05:53:48.464Z: {"player_token":"s2donltt725479","country":"UNK","message":"test message","platform":"sms","phone_number":"+84963388663"}
2023-03-23T05:53:48.465Z: {"player_token":"s2atijai146091","country":"UNK","message":"test message","platform":"sms","phone_number":"+66843664543"}
2023-03-23T05:53:48.793Z: {"player_token":"s2phalai234294","country":"TH","message":"test message","platform":"sms","phone_number":"+841676361497"}
2023-03-23T05:53:48.794Z: {"player_token":"s2thigyy235531","country":"TH","message":"test message","platform":"email","email":"thienhu892@gmail.com"}
2023-03-23T05:53:49.043Z: {"player_token":"s2thacuu273965","country":"TH","message":"test message","platform":"sms","phone_number":"+84942121984"}
2023-03-23T05:53:49.133Z: {"player_token":"s2ngungu453276","country":"UNK","message":"test message","platform":"sms","phone_number":"+841889560723"}
2023-03-23T05:53:49.372Z: {"player_token":"s2kawmee066393","country":"UNK","message":"test message","platform":"email","email":"kaweekan69@gmail.com"}
2023-03-23T05:53:49.564Z: {"player_token":"s2hoangu517691","country":"UNK","message":"test message","platform":"email","email":"hoangnhan0179@gmail.com"}
2023-03-23T05:53:49.624Z: {"player_token":"s2thiduo228176","country":"UNK","message":"test message","platform":"email","email":"duongthithanhtuyen1989@gmail.com"}
2023-03-23T05:53:49.625Z: {"player_token":"s2ngongu215877","country":"UNK","message":"test message","platform":"sms","phone_number":"+84988892597"}
2023-03-23T05:53:49.625Z: {"player_token":"s2phioph186963","country":"TH","message":"test message","platform":"sms","phone_number":"+66811848008"}
2023-03-23T05:53:49.625Z: {"player_token":"s2huylee980574","country":"UNK","message":"test message","platform":"email","email":"cakiem_273@yahoo.com"}
2023-03-23T05:53:49.626Z: {"player_token":"s2porsri533337","country":"UNK","message":"test message","platform":"sms","phone_number":"+66946967634"}
2023-03-23T05:53:49.645Z: {"player_token":"s2erwewr908290","country":"UNK","message":"test message","platform":"email","email":"1252090611@gm.uit.edu.vn"}
2023-03-23T05:53:49.645Z: {"player_token":"s2punsim030576","country":"UNK","message":"test message","platform":"sms","phone_number":"+66854597688"}
2023-03-23T05:53:49.808Z: {"player_token":"s2honvyy996658","country":"TH","message":"test message","platform":"sms","phone_number":"INV"}
2023-03-23T05:53:50.231Z: {"player_token":"s2ytiyur754118","country":"TH","message":"test message","platform":"sms","phone_number":"INV"}
2023-03-23T05:53:52.727Z: {"player_token":"s2satsan498646","country":"UNK","message":"test message","platform":"email","email":"tom_godza@yahoo.com"}
2023-03-23T05:53:53.083Z: {"player_token":"s2thajan575518","country":"UNK","message":"test message","platform":"sms","phone_number":"+66901087484"}
2023-03-23T05:53:53.101Z: {"player_token":"s2viivii896872","country":"UNK","message":"test message","platform":"email","email":"caovian65@gmail.com"}
2023-03-23T05:53:53.102Z: {"player_token":"s2vanhoa101604","country":"TH","message":"test message","platform":"sms","phone_number":"+84935957090"}
2023-03-23T05:53:53.102Z: {"player_token":"s2tuaphu206898","country":"UNK","message":"test message","platform":"sms","phone_number":"+841213334444"}
2023-03-23T05:53:53.102Z: {"player_token":"s2trhrjr459306","country":"TH","message":"test message","platform":"sms","phone_number":"INV"}
2023-03-23T05:53:53.103Z: {"player_token":"s2kimvoo194238","country":"TH","message":"test message","platform":"sms","phone_number":"+841663339899"}
2023-03-23T05:53:53.103Z: {"player_token":"s2manvuu531010","country":"UNK","message":"test message","platform":"sms","phone_number":"+84859487198"}
2023-03-23T05:53:53.247Z: {"player_token":"s2natpig853723","country":"UNK","message":"test message","platform":"sms","phone_number":"+66867293546"}
2023-03-23T05:53:53.331Z: {"player_token":"s2ngopha764275","country":"VN","message":"test message","platform":"email","email":"ngochai0224@gmail.com"}
2023-03-23T05:53:53.331Z: {"player_token":"s2thatra099107","country":"UNK","message":"test message","platform":"sms","phone_number":"+84987500139"}
2023-03-23T05:53:53.331Z: {"player_token":"s2quanon252732","country":"UNK","message":"test message","platform":"sms","phone_number":"+84942749127"}
2023-03-23T05:53:53.510Z: {"player_token":"s2tarhgd300188","country":"UNK","message":"test message","platform":"email","email":"kokptibull@gmail.com"}
2023-03-23T05:53:53.590Z: {"player_token":"s2sayjai853550","country":"TH","message":"test message","platform":"sms","phone_number":"+66954875262"}
2023-03-23T05:53:53.591Z: {"player_token":"s2tratra812565","country":"UNK","message":"test message","platform":"sms","phone_number":"+84988747787"}
2023-03-23T05:53:54.421Z: {"player_token":"s2ertert481432","country":"TH","message":"test message","platform":"sms","phone_number":"INV"}
2023-03-23T05:53:55.790Z: {"player_token":"s2ngungu261857","country":"UNK","message":"test message","platform":"email","email":"c2traxanh150687@gmail.com"}
2023-03-23T05:53:55.821Z: {"player_token":"s2phiphi164108","country":"UNK","message":"test message","platform":"sms","phone_number":"+84978621126"}
2023-03-23T05:53:55.822Z: {"player_token":"s2poosin028482","country":"TH","message":"test message","platform":"email","email":"poontara_sintakoon@yahoo.co.th"}
2023-03-23T05:53:55.822Z: {"player_token":"s2duybui435369","country":"TH","message":"test message","platform":"sms","phone_number":"+84979247304"}
2023-03-23T05:53:55.823Z: {"player_token":"s2cuotra457513","country":"UNK","message":"test message","platform":"sms","phone_number":"+841646546354"}
2023-03-23T05:53:55.823Z: {"player_token":"s2ngovan363443","country":"TH","message":"test message","platform":"email","email":"nhattuanvanngoc@gmail.com"}
2023-03-23T05:53:55.965Z: {"player_token":"s2vanngu365879","country":"TH","message":"test message","platform":"email","email":"swquang@gmail.com"}
2023-03-23T05:53:55.966Z: {"player_token":"s2penkin773167","country":"UNK","message":"test message","platform":"sms","phone_number":"+66844504835"}
2023-03-23T05:53:55.966Z: {"player_token":"s2thavuu572674","country":"UNK","message":"test message","platform":"sms","phone_number":"+84948200668"}
2023-03-23T05:53:56.048Z: {"player_token":"s2sarsah265873","country":"TH","message":"test message","platform":"email","email":"chawatluckito123456@gmail.com"}
2023-03-23T05:53:56.048Z: {"player_token":"s2remboo176952","country":"UNK","message":"test message","platform":"email","email":"help987@outlook.co.th"}
2023-03-23T05:53:56.048Z: {"player_token":"s2ngungu813049","country":"UNK","message":"test message","platform":"sms","phone_number":"+84933918053"}
2023-03-23T05:53:56.049Z: {"player_token":"s2khokho026199","country":"UNK","message":"test message","platform":"sms","phone_number":"+84987295802"}
2023-03-23T05:53:56.129Z: {"player_token":"s2baahoo228675","country":"TH","message":"test message","platform":"sms","phone_number":"+841644181179"}
2023-03-23T05:53:56.212Z: {"player_token":"s2tanyon922389","country":"UNK","message":"test message","platform":"sms","phone_number":"+66897236109"}
2023-03-23T05:53:56.213Z: {"player_token":"s2giango283062","country":"VN","message":"test message","platform":"sms","phone_number":"+841202367814"}
2023-03-23T05:53:56.496Z: {"player_token":"s2thosrl118434","country":"UNK","message":"test message","platform":"sms","phone_number":"+66994756976"}
2023-03-23T05:53:56.739Z: {"player_token":"s2tuoduo530700","country":"UNK","message":"test message","platform":"sms","phone_number":"+84978108090"}
2023-03-23T05:55:43.507Z: Listening on port 8041
2023-03-23T05:55:43.522Z: Successfully connected to {localhost}
2023-03-23T05:55:45.213Z: Successfully connected to {data-platform.ckghnqcooulj.ap-southeast-1.redshift.amazonaws.com}
2023-03-23T05:55:53.967Z: {"player_token":"s2pejjae163073","country":"UNK","message":"test message","platform":"sms","phone_number":"+66859533395"}
2023-03-23T05:55:53.968Z: {"player_token":"s2thelee240915","country":"UNK","message":"test message","platform":"sms","phone_number":"+84976186994"}
2023-03-23T05:55:53.969Z: {"player_token":"s2picpan860809","country":"UNK","message":"test message","platform":"email","email":"pichetwork@gmail.com"}
2023-03-23T05:55:54.051Z: {"player_token":"s2dactru331620","country":"UNK","message":"test message","platform":"sms","phone_number":"+84967232361"}
2023-03-23T05:55:54.137Z: {"player_token":"s2amocha456181","country":"UNK","message":"test message","platform":"email","email":"amonchai_anl@hotmail.com"}
2023-03-23T05:55:54.137Z: {"player_token":"s2ducngu777338","country":"TH","message":"test message","platform":"sms","phone_number":"+84909123789"}
2023-03-23T05:55:54.138Z: {"player_token":"s2ccclll467230","country":"UNK","message":"test message","platform":"sms","phone_number":"INV"}
2023-03-23T05:55:54.139Z: {"player_token":"s2sumjon810849","country":"UNK","message":"test message","platform":"sms","phone_number":"+66818737338"}
2023-03-23T05:55:54.479Z: {"player_token":"s2pilnoi275697","country":"UNK","message":"test message","platform":"sms","phone_number":"+66815958605"}
2023-03-23T05:55:54.480Z: {"player_token":"s2tacsir206513","country":"UNK","message":"test message","platform":"email","email":"natt-o@hotmail.com"}
2023-03-23T05:55:54.565Z: {"player_token":"s2patsuc245473","country":"TH","message":"test message","platform":"sms","phone_number":"+66824909900"}
2023-03-23T05:55:54.565Z: {"player_token":"s2manngu970753","country":"VN","message":"test message","platform":"email","email":"manhdat.hoahoa@gmail.com"}
2023-03-23T05:55:54.566Z: {"player_token":"s2duyngu550403","country":"UNK","message":"test message","platform":"sms","phone_number":"+841697218291"}
2023-03-23T05:55:54.566Z: {"player_token":"s2huungu702756","country":"UNK","message":"test message","platform":"sms","phone_number":"+841692211213"}
2023-03-23T05:55:54.648Z: {"player_token":"s2kripon178558","country":"UNK","message":"test message","platform":"email","email":"nice.pretty0720@gmail.com"}
2023-03-23T05:55:54.731Z: {"player_token":"s2thalee886715","country":"UNK","message":"test message","platform":"sms","phone_number":"+84948556969"}
2023-03-23T05:55:54.732Z: {"player_token":"s2chivon003337","country":"UNK","message":"test message","platform":"sms","phone_number":"+84946450160"}
2023-03-23T05:55:54.733Z: {"player_token":"s2thilee110100","country":"UNK","message":"test message","platform":"sms","phone_number":"+66888409944"}
2023-03-23T05:55:54.733Z: {"player_token":"s2quatra008348","country":"UNK","message":"test message","platform":"email","email":"tranquangchung270794@gmail.com"}
2023-03-23T05:55:54.814Z: {"player_token":"s2athsri106993","country":"TH","message":"test message","platform":"email","email":"e-ice-ba@hotmail.com"}
2023-03-23T05:55:54.896Z: {"player_token":"s2rawnua958082","country":"UNK","message":"test message","platform":"sms","phone_number":"+66913091120"}
2023-03-23T05:55:54.975Z: {"player_token":"s2ducpha653500","country":"UNK","message":"test message","platform":"email","email":"tetuongluugukokhoc@yahoo.com"}
2023-03-23T05:55:54.975Z: {"player_token":"s2huytra590111","country":"UNK","message":"test message","platform":"sms","phone_number":"+84937567426"}
2023-03-23T05:55:55.055Z: {"player_token":"s2nirbua136259","country":"TH","message":"test message","platform":"email","email":"Ppsetmet@gmail.com"}
2023-03-23T05:55:55.137Z: {"player_token":"s2chasos385807","country":"VN","message":"test message","platform":"sms","phone_number":"+66878371268"}
2023-03-23T05:55:55.221Z: {"player_token":"s2sasnun143217","country":"UNK","message":"test message","platform":"sms","phone_number":"+66931929993"}
2023-03-23T05:55:55.221Z: {"player_token":"s2linngo151089","country":"TH","message":"test message","platform":"sms","phone_number":"+841235841917"}
2023-03-23T05:55:55.299Z: {"player_token":"s2vanhoa095477","country":"UNK","message":"test message","platform":"sms","phone_number":"+841233451666"}
2023-03-23T05:55:55.382Z: {"player_token":"s2thingu652639","country":"UNK","message":"test message","platform":"email","email":"thulinh686@gmail.com"}
2023-03-23T05:55:55.464Z: {"player_token":"s2chakom063612","country":"UNK","message":"test message","platform":"email","email":"pokermanthailand@gmail.com"}
2023-03-23T05:55:55.542Z: {"player_token":"s2qaiqai825072","country":"UNK","message":"test message","platform":"sms","phone_number":"INV"}
2023-03-23T05:55:55.626Z: {"player_token":"s2supnga663491","country":"UNK","message":"test message","platform":"sms","phone_number":"+66912092202"}
2023-03-23T05:55:55.776Z: {"player_token":"s2hoatra821023","country":"UNK","message":"test message","platform":"sms","phone_number":"+841674701173"}
2023-03-23T05:55:55.859Z: {"player_token":"s2hoangu096181","country":"UNK","message":"test message","platform":"email","email":"nguyenvu19832001@yahoo.com"}
2023-03-23T05:55:55.941Z: {"player_token":"s2kwupim588532","country":"TH","message":"test message","platform":"email","email":"kp_aristoton@hotmail.com"}
2023-03-23T05:55:56.024Z: {"player_token":"s2pitsea049818","country":"UNK","message":"test message","platform":"sms","phone_number":"+66922018378"}
2023-03-23T05:55:56.107Z: {"player_token":"s2baohoo901114","country":"TH","message":"test message","platform":"sms","phone_number":"+841683763568"}
2023-03-23T05:55:56.353Z: {"player_token":"s2nutnet255313","country":"AU","message":"test message","platform":"email","email":"monoinlove@hotmail.com"}
2023-03-23T05:55:56.432Z: {"player_token":"s2tanrac121847","country":"UNK","message":"test message","platform":"sms","phone_number":"+66985059393"}
2023-03-23T05:55:56.549Z: {"player_token":"s2ngotra187252","country":"UNK","message":"test message","platform":"email","email":"ngocchien619@gmail.com"}
2023-03-23T05:55:56.707Z: {"player_token":"s2ducvoo817667","country":"UNK","message":"test message","platform":"sms","phone_number":"+841629850900"}
2023-03-23T05:55:56.787Z: {"player_token":"s2dfgdfg242672","country":"UNK","message":"test message","platform":"sms","phone_number":"INV"}
2023-03-23T05:55:56.788Z: {"player_token":"s2mischo927269","country":"UNK","message":"test message","platform":"sms","phone_number":"+66909977724"}
2023-03-23T05:55:56.867Z: {"player_token":"s2ngungu191810","country":"TH","message":"test message","platform":"sms","phone_number":"+84905638885"}
2023-03-23T05:55:56.946Z: {"player_token":"s2faituy081010","country":"UNK","message":"test message","platform":"sms","phone_number":"+66994851448"}
2023-03-23T05:55:57.028Z: {"player_token":"s2honngu713085","country":"UNK","message":"test message","platform":"sms","phone_number":"+84977684488"}
2023-03-23T05:55:57.029Z: {"player_token":"s2anhpha013289","country":"TH","message":"test message","platform":"email","email":"awidjij@gmail.com"}
2023-03-23T05:55:57.029Z: {"player_token":"s2vietra663180","country":"UNK","message":"test message","platform":"sms","phone_number":"+84985380320"}
2023-03-23T05:55:58.108Z: {"player_token":"s2bennop679138","country":"VN","message":"test message","platform":"sms","phone_number":"+66952260989"}
2023-03-23T05:55:58.186Z: {"player_token":"s2donltt725479","country":"UNK","message":"test message","platform":"sms","phone_number":"+84963388663"}
2023-03-23T05:55:58.186Z: {"player_token":"s2atijai146091","country":"UNK","message":"test message","platform":"sms","phone_number":"+66843664543"}
2023-03-23T05:55:58.493Z: {"player_token":"s2phalai234294","country":"TH","message":"test message","platform":"sms","phone_number":"+841676361497"}
2023-03-23T05:55:58.494Z: {"player_token":"s2thigyy235531","country":"TH","message":"test message","platform":"email","email":"thienhu892@gmail.com"}
2023-03-23T05:55:58.878Z: {"player_token":"s2ngungu453276","country":"UNK","message":"test message","platform":"sms","phone_number":"+841889560723"}
2023-03-23T05:55:58.879Z: {"player_token":"s2thacuu273965","country":"TH","message":"test message","platform":"sms","phone_number":"+84942121984"}
2023-03-23T05:55:59.312Z: {"player_token":"s2thiduo228176","country":"UNK","message":"test message","platform":"email","email":"duongthithanhtuyen1989@gmail.com"}
2023-03-23T05:55:59.312Z: {"player_token":"s2ngongu215877","country":"UNK","message":"test message","platform":"sms","phone_number":"+84988892597"}
2023-03-23T05:55:59.313Z: {"player_token":"s2porsri533337","country":"UNK","message":"test message","platform":"sms","phone_number":"+66946967634"}
2023-03-23T05:55:59.313Z: {"player_token":"s2punsim030576","country":"UNK","message":"test message","platform":"sms","phone_number":"+66854597688"}
2023-03-23T05:55:59.313Z: {"player_token":"s2erwewr908290","country":"UNK","message":"test message","platform":"email","email":"1252090611@gm.uit.edu.vn"}
2023-03-23T05:55:59.314Z: {"player_token":"s2phioph186963","country":"TH","message":"test message","platform":"sms","phone_number":"+66811848008"}
2023-03-23T05:55:59.496Z: {"player_token":"s2kawmee066393","country":"UNK","message":"test message","platform":"email","email":"kaweekan69@gmail.com"}
2023-03-23T05:55:59.497Z: {"player_token":"s2hoangu517691","country":"UNK","message":"test message","platform":"email","email":"hoangnhan0179@gmail.com"}
2023-03-23T05:55:59.497Z: {"player_token":"s2honvyy996658","country":"TH","message":"test message","platform":"sms","phone_number":"INV"}
2023-03-23T05:56:01.101Z: {"player_token":"s2huylee980574","country":"UNK","message":"test message","platform":"email","email":"cakiem_273@yahoo.com"}
2023-03-23T05:56:01.182Z: {"player_token":"s2thajan575518","country":"UNK","message":"test message","platform":"sms","phone_number":"+66901087484"}
2023-03-23T05:56:01.183Z: {"player_token":"s2trhrjr459306","country":"TH","message":"test message","platform":"sms","phone_number":"INV"}
2023-03-23T05:56:01.183Z: {"player_token":"s2tuaphu206898","country":"UNK","message":"test message","platform":"sms","phone_number":"+841213334444"}
2023-03-23T05:56:01.183Z: {"player_token":"s2viivii896872","country":"UNK","message":"test message","platform":"email","email":"caovian65@gmail.com"}
2023-03-23T05:56:01.184Z: {"player_token":"s2kimvoo194238","country":"TH","message":"test message","platform":"sms","phone_number":"+841663339899"}
2023-03-23T05:56:01.633Z: {"player_token":"s2manvuu531010","country":"UNK","message":"test message","platform":"sms","phone_number":"+84859487198"}
2023-03-23T05:56:01.634Z: {"player_token":"s2ytiyur754118","country":"TH","message":"test message","platform":"sms","phone_number":"INV"}
2023-03-23T05:56:01.714Z: {"player_token":"s2satsan498646","country":"UNK","message":"test message","platform":"email","email":"tom_godza@yahoo.com"}
2023-03-23T05:56:01.875Z: {"player_token":"s2quanon252732","country":"UNK","message":"test message","platform":"sms","phone_number":"+84942749127"}
2023-03-23T05:56:01.876Z: {"player_token":"s2natpig853723","country":"UNK","message":"test message","platform":"sms","phone_number":"+66867293546"}
2023-03-23T05:56:01.954Z: {"player_token":"s2thatra099107","country":"UNK","message":"test message","platform":"sms","phone_number":"+84987500139"}
2023-03-23T05:56:02.076Z: {"player_token":"s2ngopha764275","country":"VN","message":"test message","platform":"email","email":"ngochai0224@gmail.com"}
2023-03-23T05:56:02.157Z: {"player_token":"s2tarhgd300188","country":"UNK","message":"test message","platform":"email","email":"kokptibull@gmail.com"}
2023-03-23T05:56:02.237Z: {"player_token":"s2sayjai853550","country":"TH","message":"test message","platform":"sms","phone_number":"+66954875262"}
2023-03-23T05:56:02.315Z: {"player_token":"s2tratra812565","country":"UNK","message":"test message","platform":"sms","phone_number":"+84988747787"}
2023-03-23T05:56:02.946Z: {"player_token":"s2vanhoa101604","country":"TH","message":"test message","platform":"sms","phone_number":"+84935957090"}
2023-03-23T05:56:02.947Z: {"player_token":"s2ertert481432","country":"TH","message":"test message","platform":"sms","phone_number":"INV"}
2023-03-23T05:56:03.027Z: {"player_token":"s2cuotra457513","country":"UNK","message":"test message","platform":"sms","phone_number":"+841646546354"}
2023-03-23T05:56:03.028Z: {"player_token":"s2ngungu261857","country":"UNK","message":"test message","platform":"email","email":"c2traxanh150687@gmail.com"}
2023-03-23T05:56:03.028Z: {"player_token":"s2phiphi164108","country":"UNK","message":"test message","platform":"sms","phone_number":"+84978621126"}
2023-03-23T05:56:03.111Z: {"player_token":"s2poosin028482","country":"TH","message":"test message","platform":"email","email":"poontara_sintakoon@yahoo.co.th"}
2023-03-23T05:56:03.197Z: {"player_token":"s2thosrl118434","country":"UNK","message":"test message","platform":"sms","phone_number":"+66994756976"}
2023-03-23T05:56:03.197Z: {"player_token":"s2khokho026199","country":"UNK","message":"test message","platform":"sms","phone_number":"+84987295802"}
2023-03-23T05:56:03.198Z: {"player_token":"s2ngungu813049","country":"UNK","message":"test message","platform":"sms","phone_number":"+84933918053"}
2023-03-23T05:56:03.271Z: {"player_token":"s2duybui435369","country":"TH","message":"test message","platform":"sms","phone_number":"+84979247304"}
2023-03-23T05:56:03.280Z: {"player_token":"s2sarsah265873","country":"TH","message":"test message","platform":"email","email":"chawatluckito123456@gmail.com"}
2023-03-23T05:56:03.355Z: {"player_token":"s2remboo176952","country":"UNK","message":"test message","platform":"email","email":"help987@outlook.co.th"}
2023-03-23T05:56:03.356Z: {"player_token":"s2tanyon922389","country":"UNK","message":"test message","platform":"sms","phone_number":"+66897236109"}
2023-03-23T05:56:03.356Z: {"player_token":"s2baahoo228675","country":"TH","message":"test message","platform":"sms","phone_number":"+841644181179"}
2023-03-23T05:56:03.422Z: {"player_token":"s2giango283062","country":"VN","message":"test message","platform":"sms","phone_number":"+841202367814"}
2023-03-23T05:56:03.476Z: {"player_token":"s2ngovan363443","country":"TH","message":"test message","platform":"email","email":"nhattuanvanngoc@gmail.com"}
2023-03-23T05:56:03.540Z: {"player_token":"s2penkin773167","country":"UNK","message":"test message","platform":"sms","phone_number":"+66844504835"}
2023-03-23T05:56:03.937Z: {"player_token":"s2thavuu572674","country":"UNK","message":"test message","platform":"sms","phone_number":"+84948200668"}
2023-03-23T05:56:04.019Z: {"player_token":"s2vanngu365879","country":"TH","message":"test message","platform":"email","email":"swquang@gmail.com"}
2023-03-23T05:56:04.195Z: {"player_token":"s2tuoduo530700","country":"UNK","message":"test message","platform":"sms","phone_number":"+84978108090"}
2023-03-23T05:56:29.286Z: Listening on port 8041
2023-03-23T05:56:29.297Z: Successfully connected to {localhost}
2023-03-23T05:56:30.747Z: Successfully connected to {data-platform.ckghnqcooulj.ap-southeast-1.redshift.amazonaws.com}
2023-03-23T05:59:07.514Z: Listening on port 8041
2023-03-23T05:59:07.525Z: Successfully connected to {localhost}
2023-03-23T05:59:09.252Z: Successfully connected to {data-platform.ckghnqcooulj.ap-southeast-1.redshift.amazonaws.com}
2023-03-23T06:27:22.414Z: Listening on port 8041
2023-03-23T06:27:22.424Z: Successfully connected to {localhost}
2023-03-23T06:27:25.206Z: Successfully connected to {data-platform.ckghnqcooulj.ap-southeast-1.redshift.amazonaws.com}
2023-03-23T06:27:32.531Z: Listening on port 8041
2023-03-23T06:27:32.541Z: Successfully connected to {localhost}
2023-03-23T06:27:34.167Z: Successfully connected to {data-platform.ckghnqcooulj.ap-southeast-1.redshift.amazonaws.com}
2023-03-23T06:27:42.012Z: Listening on port 8041
2023-03-23T06:27:42.023Z: Successfully connected to {localhost}
2023-03-23T06:27:43.927Z: Successfully connected to {data-platform.ckghnqcooulj.ap-southeast-1.redshift.amazonaws.com}
2023-03-23T06:29:18.677Z: Listening on port 8041
2023-03-23T06:29:18.686Z: Successfully connected to {localhost}
2023-03-23T06:29:20.615Z: Successfully connected to {data-platform.ckghnqcooulj.ap-southeast-1.redshift.amazonaws.com}
2023-03-23T06:31:04.993Z: Listening on port 8041
2023-03-23T06:31:05.001Z: Successfully connected to {localhost}
2023-03-23T06:31:06.797Z: Successfully connected to {data-platform.ckghnqcooulj.ap-southeast-1.redshift.amazonaws.com}
2023-03-23T06:32:13.572Z: Listening on port 8041
2023-03-23T06:32:13.583Z: Successfully connected to {localhost}
2023-03-23T06:32:15.772Z: Successfully connected to {data-platform.ckghnqcooulj.ap-southeast-1.redshift.amazonaws.com}
2023-03-23T06:36:41.719Z: Listening on port 8041
2023-03-23T06:36:41.731Z: Successfully connected to {localhost}
2023-03-23T06:36:43.390Z: Successfully connected to {data-platform.ckghnqcooulj.ap-southeast-1.redshift.amazonaws.com}
2023-03-23T06:39:48.969Z: Listening on port 8041
2023-03-23T06:39:48.979Z: Successfully connected to {localhost}
2023-03-23T06:39:50.789Z: Successfully connected to {data-platform.ckghnqcooulj.ap-southeast-1.redshift.amazonaws.com}
2023-03-23T06:40:39.032Z: Listening on port 8041
2023-03-23T06:40:39.044Z: Successfully connected to {localhost}
2023-03-23T06:40:44.832Z: Successfully connected to {data-platform.ckghnqcooulj.ap-southeast-1.redshift.amazonaws.com}
2023-03-23T06:44:13.580Z: Listening on port 8041
2023-03-23T06:44:13.591Z: Successfully connected to {localhost}
2023-03-23T06:44:17.036Z: Successfully connected to {data-platform.ckghnqcooulj.ap-southeast-1.redshift.amazonaws.com}
2023-03-23T06:48:49.294Z: Listening on port 8041
2023-03-23T06:48:49.304Z: Successfully connected to {localhost}
2023-03-23T06:48:52.178Z: Successfully connected to {data-platform.ckghnqcooulj.ap-southeast-1.redshift.amazonaws.com}
2023-03-23T06:49:41.804Z: Listening on port 8041
2023-03-23T06:49:41.814Z: Successfully connected to {localhost}
2023-03-23T06:49:43.936Z: Successfully connected to {data-platform.ckghnqcooulj.ap-southeast-1.redshift.amazonaws.com}
2023-03-23T06:49:51.885Z: Listening on port 8041
2023-03-23T06:49:51.896Z: Successfully connected to {localhost}
2023-03-23T06:49:53.484Z: Successfully connected to {data-platform.ckghnqcooulj.ap-southeast-1.redshift.amazonaws.com}
2023-03-23T06:50:16.042Z: {"player_token":"s2ducngu777338","country":"TH","message":"test message","platform":"sms"}
2023-03-23T06:50:16.212Z: {"player_token":"s2ccclll467230","country":"UNK","message":"test message","platform":"sms"}
2023-03-23T06:50:16.274Z: {"player_token":"s2thelee240915","country":"UNK","message":"test message","platform":"sms"}
2023-03-23T06:50:17.053Z: {"player_token":"s2pejjae163073","country":"UNK","message":"test message","platform":"sms"}
2023-03-23T06:50:17.427Z: {"player_token":"s2sumjon810849","country":"UNK","message":"test message","platform":"sms"}
2023-03-23T06:50:17.862Z: {"player_token":"s2huytra590111","country":"UNK","message":"test message","platform":"sms"}
2023-03-23T06:50:17.943Z: {"player_token":"s2dactru331620","country":"UNK","message":"test message","platform":"sms"}
2023-03-23T06:50:18.571Z: {"player_token":"s2pilnoi275697","country":"UNK","message":"test message","platform":"sms"}
2023-03-23T06:50:19.132Z: {"player_token":"s2huungu702756","country":"UNK","message":"test message","platform":"sms"}
2023-03-23T06:50:20.074Z: {"player_token":"s2duyngu550403","country":"UNK","message":"test message","platform":"sms"}
2023-03-23T06:50:23.359Z: {"player_token":"s2patsuc245473","country":"TH","message":"test message","platform":"sms"}
2023-03-23T06:50:26.607Z: {"player_token":"s2tanrac121847","country":"UNK","message":"test message","platform":"sms"}
2023-03-23T06:50:26.608Z: {"player_token":"s2thalee886715","country":"UNK","message":"test message","platform":"sms"}
2023-03-23T06:50:26.608Z: {"player_token":"s2thilee110100","country":"UNK","message":"test message","platform":"sms"}
2023-03-23T06:50:26.609Z: {"player_token":"s2chivon003337","country":"UNK","message":"test message","platform":"sms"}
2023-03-23T06:50:26.684Z: {"player_token":"s2vietra663180","country":"UNK","message":"test message","platform":"sms"}
2023-03-23T06:50:26.685Z: {"player_token":"s2ngungu191810","country":"TH","message":"test message","platform":"sms"}
2023-03-23T06:50:29.030Z: Listening on port 8041
2023-03-23T06:50:29.040Z: Successfully connected to {localhost}
2023-03-23T06:50:34.335Z: Successfully connected to {data-platform.ckghnqcooulj.ap-southeast-1.redshift.amazonaws.com}
2023-03-23T06:50:41.253Z: {"player_token":"s2ccclll467230","country":"UNK","message":"test message","platform":"sms"}
2023-03-23T06:50:41.256Z: {"player_token":"s2ducngu777338","country":"TH","message":"test message","platform":"sms"}
2023-03-23T06:50:42.559Z: {"player_token":"s2thelee240915","country":"UNK","message":"test message","platform":"sms"}
2023-03-23T06:50:44.211Z: {"player_token":"s2dactru331620","country":"UNK","message":"test message","platform":"sms"}
2023-03-23T06:50:44.212Z: {"player_token":"s2thelee240915","country":"UNK","message":"test message","platform":"sms"}
2023-03-23T06:50:44.483Z: {"player_token":"s2sumjon810849","country":"UNK","message":"test message","platform":"sms"}
2023-03-23T06:50:44.484Z: {"player_token":"s2pejjae163073","country":"UNK","message":"test message","platform":"sms"}
2023-03-23T06:50:44.485Z: {"player_token":"s2ccclll467230","country":"UNK","message":"test message","platform":"sms"}
2023-03-23T06:50:44.944Z: {"player_token":"s2ducngu777338","country":"TH","message":"test message","platform":"sms"}
2023-03-23T06:50:45.058Z: {"player_token":"s2huytra590111","country":"UNK","message":"test message","platform":"sms"}
2023-03-23T06:50:45.226Z: {"player_token":"s2huungu702756","country":"UNK","message":"test message","platform":"sms"}
2023-03-23T06:50:47.010Z: {"player_token":"s2pejjae163073","country":"UNK","message":"test message","platform":"sms"}
2023-03-23T06:50:47.011Z: {"player_token":"s2huytra590111","country":"UNK","message":"test message","platform":"sms"}
2023-03-23T06:50:47.012Z: {"player_token":"s2pilnoi275697","country":"UNK","message":"test message","platform":"sms"}
2023-03-23T06:50:47.012Z: {"player_token":"s2duyngu550403","country":"UNK","message":"test message","platform":"sms"}
2023-03-23T06:50:47.013Z: {"player_token":"s2dactru331620","country":"UNK","message":"test message","platform":"sms"}
2023-03-23T06:50:47.939Z: {"player_token":"s2huungu702756","country":"UNK","message":"test message","platform":"sms"}
2023-03-23T06:50:48.936Z: {"player_token":"s2patsuc245473","country":"TH","message":"test message","platform":"sms"}
2023-03-23T06:50:48.970Z: {"player_token":"s2sumjon810849","country":"UNK","message":"test message","platform":"sms"}
2023-03-23T06:50:49.265Z: {"player_token":"s2tanrac121847","country":"UNK","message":"test message","platform":"sms"}
2023-03-23T06:50:50.853Z: {"player_token":"s2pilnoi275697","country":"UNK","message":"test message","platform":"sms"}
2023-03-23T06:50:50.854Z: {"player_token":"s2thalee886715","country":"UNK","message":"test message","platform":"sms"}
2023-03-23T06:50:51.344Z: {"player_token":"s2duyngu550403","country":"UNK","message":"test message","platform":"sms"}
2023-03-23T06:50:51.426Z: {"player_token":"s2patsuc245473","country":"TH","message":"test message","platform":"sms"}
2023-03-23T06:50:51.427Z: {"player_token":"s2thilee110100","country":"UNK","message":"test message","platform":"sms"}
2023-03-23T06:50:51.505Z: {"player_token":"s2chivon003337","country":"UNK","message":"test message","platform":"sms"}
2023-03-23T06:50:53.368Z: Listening on port 8041
2023-03-23T06:50:53.380Z: Successfully connected to {localhost}
2023-03-23T06:50:55.245Z: Successfully connected to {data-platform.ckghnqcooulj.ap-southeast-1.redshift.amazonaws.com}
2023-03-23T06:51:04.370Z: {"player_token":"s2ccclll467230","country":"UNK","message":"test message","platform":"sms"}
2023-03-23T06:51:05.145Z: {"player_token":"s2ducngu777338","country":"TH","message":"test message","platform":"sms"}
2023-03-23T06:51:08.050Z: {"player_token":"s2thelee240915","country":"UNK","message":"test message","platform":"sms"}
2023-03-23T06:51:08.051Z: {"player_token":"s2huytra590111","country":"UNK","message":"test message","platform":"sms"}
2023-03-23T06:51:08.051Z: {"player_token":"s2pejjae163073","country":"UNK","message":"test message","platform":"sms"}
2023-03-23T06:51:08.558Z: {"player_token":"s2huungu702756","country":"UNK","message":"test message","platform":"sms"}
2023-03-23T06:51:09.216Z: {"player_token":"s2pilnoi275697","country":"UNK","message":"test message","platform":"sms"}
2023-03-23T06:51:09.380Z: {"player_token":"s2dactru331620","country":"UNK","message":"test message","platform":"sms"}
2023-03-23T06:51:10.261Z: {"player_token":"s2sumjon810849","country":"UNK","message":"test message","platform":"sms"}
2023-03-23T06:51:10.343Z: {"player_token":"s2duyngu550403","country":"UNK","message":"test message","platform":"sms"}
2023-03-23T06:51:10.344Z: {"player_token":"s2patsuc245473","country":"TH","message":"test message","platform":"sms"}
2023-03-23T06:51:11.876Z: {"player_token":"s2tanrac121847","country":"UNK","message":"test message","platform":"sms"}
2023-03-23T06:51:13.155Z: {"player_token":"s2thalee886715","country":"UNK","message":"test message","platform":"sms"}
2023-03-23T06:51:13.156Z: {"player_token":"s2thilee110100","country":"UNK","message":"test message","platform":"sms"}
2023-03-23T06:51:13.236Z: {"player_token":"s2chivon003337","country":"UNK","message":"test message","platform":"sms"}
2023-03-23T06:51:15.336Z: {"player_token":"s2ngungu191810","country":"TH","message":"test message","platform":"sms"}
2023-03-23T06:51:15.337Z: {"player_token":"s2vietra663180","country":"UNK","message":"test message","platform":"sms"}
2023-03-23T06:51:16.039Z: {"player_token":"s2rawnua958082","country":"UNK","message":"test message","platform":"sms"}
2023-03-23T06:51:16.575Z: {"player_token":"s2mischo927269","country":"UNK","message":"test message","platform":"sms"}
2023-03-23T06:51:17.828Z: {"player_token":"s2chasos385807","country":"VN","message":"test message","platform":"sms"}
2023-03-23T06:51:19.917Z: {"player_token":"s2linngo151089","country":"TH","message":"test message","platform":"sms"}
2023-03-23T06:51:20.477Z: {"player_token":"s2sasnun143217","country":"UNK","message":"test message","platform":"sms"}
2023-03-23T06:51:20.477Z: {"player_token":"s2vanhoa095477","country":"UNK","message":"test message","platform":"sms"}
2023-03-23T06:51:20.554Z: {"player_token":"s2bennop679138","country":"VN","message":"test message","platform":"sms"}
2023-03-23T06:51:21.158Z: {"player_token":"s2qaiqai825072","country":"UNK","message":"test message","platform":"sms"}
2023-03-23T06:51:21.865Z: {"player_token":"s2supnga663491","country":"UNK","message":"test message","platform":"sms"}
2023-03-23T06:51:22.044Z: {"player_token":"s2hoatra821023","country":"UNK","message":"test message","platform":"sms"}
2023-03-23T06:51:23.876Z: {"player_token":"s2pitsea049818","country":"UNK","message":"test message","platform":"sms"}
2023-03-23T06:51:24.890Z: {"player_token":"s2baohoo901114","country":"TH","message":"test message","platform":"sms"}
2023-03-23T06:51:24.891Z: {"player_token":"s2donltt725479","country":"UNK","message":"test message","platform":"sms"}
2023-03-23T06:51:25.329Z: {"player_token":"s2atijai146091","country":"UNK","message":"test message","platform":"sms"}
2023-03-23T06:51:26.770Z: {"player_token":"s2ducvoo817667","country":"UNK","message":"test message","platform":"sms"}
2023-03-23T06:51:26.852Z: {"player_token":"s2dfgdfg242672","country":"UNK","message":"test message","platform":"sms"}
2023-03-23T06:51:27.828Z: {"player_token":"s2faituy081010","country":"UNK","message":"test message","platform":"sms"}
2023-03-23T06:51:28.248Z: {"player_token":"s2honngu713085","country":"UNK","message":"test message","platform":"sms"}
2023-03-23T06:51:30.307Z: {"player_token":"s2phioph186963","country":"TH","message":"test message","platform":"sms"}
2023-03-23T06:51:30.307Z: {"player_token":"s2porsri533337","country":"UNK","message":"test message","platform":"sms"}
2023-03-23T06:51:30.397Z: {"player_token":"s2punsim030576","country":"UNK","message":"test message","platform":"sms"}
2023-03-23T06:51:31.176Z: {"player_token":"s2ngongu215877","country":"UNK","message":"test message","platform":"sms"}
2023-03-23T06:51:32.191Z: {"player_token":"s2phalai234294","country":"TH","message":"test message","platform":"sms"}
2023-03-23T06:51:33.452Z: {"player_token":"s2thacuu273965","country":"TH","message":"test message","platform":"sms"}
2023-03-23T06:51:33.960Z: {"player_token":"s2ytiyur754118","country":"TH","message":"test message","platform":"sms"}
2023-03-23T06:51:34.040Z: {"player_token":"s2ngungu453276","country":"UNK","message":"test message","platform":"sms"}
2023-03-23T06:51:35.596Z: {"player_token":"s2trhrjr459306","country":"TH","message":"test message","platform":"sms"}
2023-03-23T06:51:36.214Z: {"player_token":"s2honvyy996658","country":"TH","message":"test message","platform":"sms"}
2023-03-23T06:51:36.293Z: {"player_token":"s2tuaphu206898","country":"UNK","message":"test message","platform":"sms"}
2023-03-23T06:51:37.191Z: {"player_token":"s2manvuu531010","country":"UNK","message":"test message","platform":"sms"}
2023-03-23T06:51:38.753Z: {"player_token":"s2thajan575518","country":"UNK","message":"test message","platform":"sms"}
2023-03-23T06:51:38.831Z: {"player_token":"s2kimvoo194238","country":"TH","message":"test message","platform":"sms"}
2023-03-23T06:51:39.275Z: {"player_token":"s2vanhoa101604","country":"TH","message":"test message","platform":"sms"}
2023-03-23T06:51:39.877Z: {"player_token":"s2ertert481432","country":"TH","message":"test message","platform":"sms"}
2023-03-23T06:51:40.287Z: {"player_token":"s2cuotra457513","country":"UNK","message":"test message","platform":"sms"}
2023-03-23T06:51:41.961Z: {"player_token":"s2phiphi164108","country":"UNK","message":"test message","platform":"sms"}
2023-03-23T06:51:43.209Z: {"player_token":"s2natpig853723","country":"UNK","message":"test message","platform":"sms"}
2023-03-23T06:51:43.478Z: {"player_token":"s2thatra099107","country":"UNK","message":"test message","platform":"sms"}
2023-03-23T06:51:47.692Z: {"player_token":"s2quanon252732","country":"UNK","message":"test message","platform":"sms"}
2023-03-23T06:51:48.709Z: {"player_token":"s2sayjai853550","country":"TH","message":"test message","platform":"sms"}
2023-03-23T06:51:49.061Z: {"player_token":"s2thavuu572674","country":"UNK","message":"test message","platform":"sms"}
2023-03-23T06:51:49.938Z: {"player_token":"s2thosrl118434","country":"UNK","message":"test message","platform":"sms"}
2023-03-23T06:51:50.016Z: {"player_token":"s2ngungu813049","country":"UNK","message":"test message","platform":"sms"}
2023-03-23T06:51:50.017Z: {"player_token":"s2khokho026199","country":"UNK","message":"test message","platform":"sms"}
2023-03-23T06:51:51.529Z: {"player_token":"s2tratra812565","country":"UNK","message":"test message","platform":"sms"}
2023-03-23T06:51:51.584Z: {"player_token":"s2penkin773167","country":"UNK","message":"test message","platform":"sms"}
2023-03-23T06:51:51.585Z: {"player_token":"s2baahoo228675","country":"TH","message":"test message","platform":"sms"}
2023-03-23T06:51:51.608Z: {"player_token":"s2duybui435369","country":"TH","message":"test message","platform":"sms"}
2023-03-23T06:51:51.773Z: {"player_token":"s2tanyon922389","country":"UNK","message":"test message","platform":"sms"}
2023-03-23T06:51:52.701Z: {"player_token":"s2tuoduo530700","country":"UNK","message":"test message","platform":"sms"}
2023-03-23T06:51:52.781Z: {"player_token":"s2giango283062","country":"VN","message":"test message","platform":"sms"}
2023-03-23T06:52:44.551Z: Listening on port 8041
2023-03-23T06:52:44.563Z: Successfully connected to {localhost}
2023-03-23T06:52:45.849Z: Successfully connected to {data-platform.ckghnqcooulj.ap-southeast-1.redshift.amazonaws.com}
2023-03-23T06:52:51.304Z: Listening on port 8041
2023-03-23T06:52:51.315Z: Successfully connected to {localhost}
2023-03-23T06:52:53.656Z: Successfully connected to {data-platform.ckghnqcooulj.ap-southeast-1.redshift.amazonaws.com}
2023-03-23T06:53:15.542Z: {"player_token":"s2dactru331620","country":"UNK","message":"test message","platform":"sms"}
2023-03-23T06:53:16.188Z: {"player_token":"s2ducngu777338","country":"TH","message":"test message","platform":"sms"}
2023-03-23T06:53:16.269Z: {"player_token":"s2ccclll467230","country":"UNK","message":"test message","platform":"sms"}
2023-03-23T06:53:16.270Z: {"player_token":"s2thelee240915","country":"UNK","message":"test message","platform":"sms"}
2023-03-23T06:53:16.431Z: {"player_token":"s2huungu702756","country":"UNK","message":"test message","platform":"sms"}
2023-03-23T06:53:16.432Z: {"player_token":"s2pilnoi275697","country":"UNK","message":"test message","platform":"sms"}
2023-03-23T06:53:17.527Z: {"player_token":"s2huytra590111","country":"UNK","message":"test message","platform":"sms"}
2023-03-23T06:53:17.528Z: {"player_token":"s2pejjae163073","country":"UNK","message":"test message","platform":"sms"}
2023-03-23T06:53:17.529Z: {"player_token":"s2sumjon810849","country":"UNK","message":"test message","platform":"sms"}
2023-03-23T06:53:17.610Z: {"player_token":"s2duyngu550403","country":"UNK","message":"test message","platform":"sms"}
2023-03-23T06:53:17.610Z: {"player_token":"s2patsuc245473","country":"TH","message":"test message","platform":"sms"}
2023-03-23T06:53:19.333Z: {"player_token":"s2thalee886715","country":"UNK","message":"test message","platform":"sms"}
2023-03-23T06:53:19.334Z: {"player_token":"s2ngungu191810","country":"TH","message":"test message","platform":"sms"}
2023-03-23T06:53:19.417Z: {"player_token":"s2tanrac121847","country":"UNK","message":"test message","platform":"sms"}
2023-03-23T06:53:19.417Z: {"player_token":"s2vietra663180","country":"UNK","message":"test message","platform":"sms"}
2023-03-23T06:53:19.418Z: {"player_token":"s2thilee110100","country":"UNK","message":"test message","platform":"sms"}
2023-03-23T06:53:19.418Z: {"player_token":"s2chivon003337","country":"UNK","message":"test message","platform":"sms"}
2023-03-23T06:53:19.419Z: {"player_token":"s2rawnua958082","country":"UNK","message":"test message","platform":"sms"}
2023-03-23T06:53:19.616Z: {"player_token":"s2linngo151089","country":"TH","message":"test message","platform":"sms"}
2023-03-23T06:53:20.547Z: {"player_token":"s2mischo927269","country":"UNK","message":"test message","platform":"sms"}
2023-03-23T06:53:20.630Z: {"player_token":"s2sasnun143217","country":"UNK","message":"test message","platform":"sms"}
2023-03-23T06:53:20.631Z: {"player_token":"s2vanhoa095477","country":"UNK","message":"test message","platform":"sms"}
2023-03-23T06:53:20.823Z: {"player_token":"s2bennop679138","country":"VN","message":"test message","platform":"sms"}
2023-03-23T06:53:20.823Z: {"player_token":"s2chasos385807","country":"VN","message":"test message","platform":"sms"}
2023-03-23T06:53:21.825Z: {"player_token":"s2qaiqai825072","country":"UNK","message":"test message","platform":"sms"}
2023-03-23T06:53:23.952Z: {"player_token":"s2hoatra821023","country":"UNK","message":"test message","platform":"sms"}
2023-03-23T06:53:23.952Z: {"player_token":"s2donltt725479","country":"UNK","message":"test message","platform":"sms"}
2023-03-23T06:53:23.953Z: {"player_token":"s2supnga663491","country":"UNK","message":"test message","platform":"sms"}
2023-03-23T06:53:23.953Z: {"player_token":"s2pitsea049818","country":"UNK","message":"test message","platform":"sms"}
2023-03-23T06:53:24.003Z: {"player_token":"s2baohoo901114","country":"TH","message":"test message","platform":"sms"}
2023-03-23T06:53:24.003Z: {"player_token":"s2atijai146091","country":"UNK","message":"test message","platform":"sms"}
2023-03-23T06:53:24.268Z: {"player_token":"s2porsri533337","country":"UNK","message":"test message","platform":"sms"}
2023-03-23T06:53:25.321Z: {"player_token":"s2faituy081010","country":"UNK","message":"test message","platform":"sms"}
2023-03-23T06:53:25.567Z: {"player_token":"s2ducvoo817667","country":"UNK","message":"test message","platform":"sms"}
2023-03-23T06:53:25.568Z: {"player_token":"s2dfgdfg242672","country":"UNK","message":"test message","platform":"sms"}
2023-03-23T06:53:25.568Z: {"player_token":"s2phioph186963","country":"TH","message":"test message","platform":"sms"}
2023-03-23T06:53:25.568Z: {"player_token":"s2honngu713085","country":"UNK","message":"test message","platform":"sms"}
2023-03-23T06:53:25.696Z: {"player_token":"s2phalai234294","country":"TH","message":"test message","platform":"sms"}
2023-03-23T06:53:26.255Z: Listening on port 8041
2023-03-23T06:53:26.266Z: Successfully connected to {localhost}
2023-03-23T06:53:27.536Z: Successfully connected to {data-platform.ckghnqcooulj.ap-southeast-1.redshift.amazonaws.com}
2023-03-23T06:53:38.290Z: {"player_token":"s2dactru331620","country":"UNK","message":"test message","platform":"sms"}
2023-03-23T06:53:38.603Z: {"player_token":"s2ducngu777338","country":"TH","message":"test message","platform":"sms"}
2023-03-23T06:53:38.760Z: {"player_token":"s2ccclll467230","country":"UNK","message":"test message","platform":"sms"}
2023-03-23T06:53:38.760Z: {"player_token":"s2thelee240915","country":"UNK","message":"test message","platform":"sms"}
2023-03-23T06:53:38.919Z: {"player_token":"s2pilnoi275697","country":"UNK","message":"test message","platform":"sms"}
2023-03-23T06:53:38.920Z: {"player_token":"s2huungu702756","country":"UNK","message":"test message","platform":"sms"}
2023-03-23T06:53:40.209Z: {"player_token":"s2pejjae163073","country":"UNK","message":"test message","platform":"sms"}
2023-03-23T06:53:40.209Z: {"player_token":"s2huytra590111","country":"UNK","message":"test message","platform":"sms"}
2023-03-23T06:53:40.211Z: {"player_token":"s2patsuc245473","country":"TH","message":"test message","platform":"sms"}
2023-03-23T06:53:41.014Z: {"player_token":"s2duyngu550403","country":"UNK","message":"test message","platform":"sms"}
2023-03-23T06:53:41.097Z: {"player_token":"s2sumjon810849","country":"UNK","message":"test message","platform":"sms"}
2023-03-23T06:53:41.800Z: {"player_token":"s2thilee110100","country":"UNK","message":"test message","platform":"sms"}
2023-03-23T06:53:42.120Z: {"player_token":"s2chivon003337","country":"UNK","message":"test message","platform":"sms"}
2023-03-23T06:53:42.120Z: {"player_token":"s2tanrac121847","country":"UNK","message":"test message","platform":"sms"}
2023-03-23T06:53:42.121Z: {"player_token":"s2thalee886715","country":"UNK","message":"test message","platform":"sms"}
2023-03-23T06:53:42.198Z: {"player_token":"s2ngungu191810","country":"TH","message":"test message","platform":"sms"}
2023-03-23T06:53:42.358Z: {"player_token":"s2linngo151089","country":"TH","message":"test message","platform":"sms"}
2023-03-23T06:53:42.591Z: {"player_token":"s2vietra663180","country":"UNK","message":"test message","platform":"sms"}
2023-03-23T06:53:43.266Z: {"player_token":"s2rawnua958082","country":"UNK","message":"test message","platform":"sms"}
2023-03-23T06:53:43.351Z: {"player_token":"s2chasos385807","country":"VN","message":"test message","platform":"sms"}
2023-03-23T06:53:43.352Z: {"player_token":"s2mischo927269","country":"UNK","message":"test message","platform":"sms"}
2023-03-23T06:53:43.353Z: {"player_token":"s2sasnun143217","country":"UNK","message":"test message","platform":"sms"}
2023-03-23T06:53:43.353Z: {"player_token":"s2vanhoa095477","country":"UNK","message":"test message","platform":"sms"}
2023-03-23T06:53:44.912Z: {"player_token":"s2hoatra821023","country":"UNK","message":"test message","platform":"sms"}
2023-03-23T06:53:44.912Z: {"player_token":"s2bennop679138","country":"VN","message":"test message","platform":"sms"}
2023-03-23T06:53:44.913Z: {"player_token":"s2supnga663491","country":"UNK","message":"test message","platform":"sms"}
2023-03-23T06:53:44.913Z: {"player_token":"s2pitsea049818","country":"UNK","message":"test message","platform":"sms"}
2023-03-23T06:53:44.913Z: {"player_token":"s2donltt725479","country":"UNK","message":"test message","platform":"sms"}
2023-03-23T06:53:44.914Z: {"player_token":"s2baohoo901114","country":"TH","message":"test message","platform":"sms"}
2023-03-23T06:53:44.914Z: {"player_token":"s2qaiqai825072","country":"UNK","message":"test message","platform":"sms"}
2023-03-23T06:53:46.454Z: {"player_token":"s2ducvoo817667","country":"UNK","message":"test message","platform":"sms"}
2023-03-23T06:53:46.574Z: {"player_token":"s2honngu713085","country":"UNK","message":"test message","platform":"sms"}
2023-03-23T06:53:46.575Z: {"player_token":"s2atijai146091","country":"UNK","message":"test message","platform":"sms"}
2023-03-23T06:53:46.575Z: {"player_token":"s2faituy081010","country":"UNK","message":"test message","platform":"sms"}
2023-03-23T06:53:46.576Z: {"player_token":"s2dfgdfg242672","country":"UNK","message":"test message","platform":"sms"}
2023-03-23T06:53:46.763Z: {"player_token":"s2porsri533337","country":"UNK","message":"test message","platform":"sms"}
2023-03-23T06:53:46.763Z: {"player_token":"s2phalai234294","country":"TH","message":"test message","platform":"sms"}
2023-03-23T06:53:50.008Z: {"player_token":"s2ngungu453276","country":"UNK","message":"test message","platform":"sms"}
2023-03-23T06:53:50.009Z: {"player_token":"s2punsim030576","country":"UNK","message":"test message","platform":"sms"}
2023-03-23T06:53:50.009Z: {"player_token":"s2ngongu215877","country":"UNK","message":"test message","platform":"sms"}
2023-03-23T06:53:50.088Z: {"player_token":"s2thacuu273965","country":"TH","message":"test message","platform":"sms"}
2023-03-23T06:53:50.089Z: {"player_token":"s2ytiyur754118","country":"TH","message":"test message","platform":"sms"}
2023-03-23T06:53:50.090Z: {"player_token":"s2phioph186963","country":"TH","message":"test message","platform":"sms"}
2023-03-23T06:53:50.785Z: {"player_token":"s2trhrjr459306","country":"TH","message":"test message","platform":"sms"}
2023-03-23T06:53:51.158Z: {"player_token":"s2honvyy996658","country":"TH","message":"test message","platform":"sms"}
2023-03-23T06:53:51.490Z: {"player_token":"s2cuotra457513","country":"UNK","message":"test message","platform":"sms"}
2023-03-23T06:53:51.575Z: {"player_token":"s2kimvoo194238","country":"TH","message":"test message","platform":"sms"}
2023-03-23T06:53:51.576Z: {"player_token":"s2manvuu531010","country":"UNK","message":"test message","platform":"sms"}
2023-03-23T06:53:51.576Z: {"player_token":"s2thajan575518","country":"UNK","message":"test message","platform":"sms"}
2023-03-23T06:53:51.576Z: {"player_token":"s2tuaphu206898","country":"UNK","message":"test message","platform":"sms"}
2023-03-23T06:53:51.766Z: {"player_token":"s2vanhoa101604","country":"TH","message":"test message","platform":"sms"}
2023-03-23T06:53:51.848Z: {"player_token":"s2ertert481432","country":"TH","message":"test message","platform":"sms"}
2023-03-23T06:53:51.929Z: {"player_token":"s2sayjai853550","country":"TH","message":"test message","platform":"sms"}
2023-03-23T06:53:52.781Z: {"player_token":"s2natpig853723","country":"UNK","message":"test message","platform":"sms"}
2023-03-23T06:53:52.944Z: {"player_token":"s2phiphi164108","country":"UNK","message":"test message","platform":"sms"}
2023-03-23T06:53:52.944Z: {"player_token":"s2thatra099107","country":"UNK","message":"test message","platform":"sms"}
2023-03-23T06:53:52.945Z: {"player_token":"s2quanon252732","country":"UNK","message":"test message","platform":"sms"}
2023-03-23T06:53:53.026Z: {"player_token":"s2tratra812565","country":"UNK","message":"test message","platform":"sms"}
2023-03-23T06:53:53.026Z: {"player_token":"s2duybui435369","country":"TH","message":"test message","platform":"sms"}
2023-03-23T06:53:53.827Z: {"player_token":"s2penkin773167","country":"UNK","message":"test message","platform":"sms"}
2023-03-23T06:53:54.407Z: {"player_token":"s2khokho026199","country":"UNK","message":"test message","platform":"sms"}
2023-03-23T06:53:54.408Z: {"player_token":"s2thavuu572674","country":"UNK","message":"test message","platform":"sms"}
2023-03-23T06:53:54.408Z: {"player_token":"s2thosrl118434","country":"UNK","message":"test message","platform":"sms"}
2023-03-23T06:53:54.415Z: {"player_token":"s2ngungu813049","country":"UNK","message":"test message","platform":"sms"}
2023-03-23T06:53:54.667Z: {"player_token":"s2baahoo228675","country":"TH","message":"test message","platform":"sms"}
2023-03-23T06:53:55.130Z: {"player_token":"s2tanyon922389","country":"UNK","message":"test message","platform":"sms"}
2023-03-23T06:53:55.208Z: {"player_token":"s2tuoduo530700","country":"UNK","message":"test message","platform":"sms"}
2023-03-23T06:53:55.209Z: {"player_token":"s2giango283062","country":"VN","message":"test message","platform":"sms"}
2023-03-23T06:57:20.370Z: Listening on port 8041
2023-03-23T06:57:20.381Z: Successfully connected to {localhost}
2023-03-23T06:57:24.381Z: Successfully connected to {data-platform.ckghnqcooulj.ap-southeast-1.redshift.amazonaws.com}
2023-03-23T06:57:38.185Z: Listening on port 8041
2023-03-23T06:57:38.199Z: Successfully connected to {localhost}
2023-03-23T06:57:40.573Z: Successfully connected to {data-platform.ckghnqcooulj.ap-southeast-1.redshift.amazonaws.com}
2023-03-23T06:57:57.955Z: Listening on port 8041
2023-03-23T06:57:57.965Z: Successfully connected to {localhost}
2023-03-23T06:57:59.359Z: Successfully connected to {data-platform.ckghnqcooulj.ap-southeast-1.redshift.amazonaws.com}
2023-03-23T06:58:30.237Z: Listening on port 8041
2023-03-23T06:58:30.247Z: Successfully connected to {localhost}
2023-03-23T06:58:31.492Z: Successfully connected to {data-platform.ckghnqcooulj.ap-southeast-1.redshift.amazonaws.com}
2023-03-23T06:59:37.775Z: Listening on port 8041
2023-03-23T06:59:37.786Z: Successfully connected to {localhost}
2023-03-23T06:59:39.446Z: Successfully connected to {data-platform.ckghnqcooulj.ap-southeast-1.redshift.amazonaws.com}
2023-03-23T06:59:47.202Z: {"player_token":"s2huytra590111","country":"UNK","message":"test message","platform":"sms"}
2023-03-23T06:59:47.203Z: {"player_token":"s2thelee240915","country":"UNK","message":"test message","platform":"sms"}
2023-03-23T06:59:47.204Z: {"player_token":"s2dactru331620","country":"UNK","message":"test message","platform":"sms"}
2023-03-23T06:59:47.204Z: {"player_token":"s2pejjae163073","country":"UNK","message":"test message","platform":"sms"}
2023-03-23T06:59:47.205Z: {"player_token":"s2ccclll467230","country":"UNK","message":"test message","platform":"sms"}
2023-03-23T06:59:47.295Z: {"player_token":"s2sumjon810849","country":"UNK","message":"test message","platform":"sms"}
2023-03-23T06:59:47.375Z: {"player_token":"s2pilnoi275697","country":"UNK","message":"test message","platform":"sms"}
2023-03-23T06:59:47.375Z: {"player_token":"s2duyngu550403","country":"UNK","message":"test message","platform":"sms"}
2023-03-23T06:59:47.376Z: {"player_token":"s2huungu702756","country":"UNK","message":"test message","platform":"sms"}
2023-03-23T06:59:47.376Z: {"player_token":"s2patsuc245473","country":"TH","message":"test message","platform":"sms"}
2023-03-23T06:59:47.538Z: {"player_token":"s2thalee886715","country":"UNK","message":"test message","platform":"sms"}
2023-03-23T06:59:47.539Z: {"player_token":"s2chivon003337","country":"UNK","message":"test message","platform":"sms"}
2023-03-23T06:59:47.540Z: {"player_token":"s2tanrac121847","country":"UNK","message":"test message","platform":"sms"}
2023-03-23T06:59:47.540Z: {"player_token":"s2thilee110100","country":"UNK","message":"test message","platform":"sms"}
2023-03-23T06:59:47.673Z: {"player_token":"s2ngungu191810","country":"TH","message":"test message","platform":"sms"}
2023-03-23T06:59:47.754Z: {"player_token":"s2vietra663180","country":"UNK","message":"test message","platform":"sms"}
2023-03-23T06:59:48.640Z: {"player_token":"s2ducngu777338","country":"TH","message":"test message","platform":"sms"}
2023-03-23T06:59:48.914Z: {"player_token":"s2linngo151089","country":"TH","message":"test message","platform":"sms"}
2023-03-23T06:59:49.497Z: {"player_token":"s2rawnua958082","country":"UNK","message":"test message","platform":"sms"}
2023-03-23T06:59:49.895Z: {"player_token":"s2mischo927269","country":"UNK","message":"test message","platform":"sms"}
2023-03-23T06:59:50.683Z: {"player_token":"s2chasos385807","country":"VN","message":"test message","platform":"sms"}
2023-03-23T06:59:50.762Z: {"player_token":"s2sasnun143217","country":"UNK","message":"test message","platform":"sms"}
2023-03-23T06:59:51.492Z: {"player_token":"s2vanhoa095477","country":"UNK","message":"test message","platform":"sms"}
2023-03-23T06:59:52.534Z: {"player_token":"s2bennop679138","country":"VN","message":"test message","platform":"sms"}
2023-03-23T06:59:53.971Z: {"player_token":"s2supnga663491","country":"UNK","message":"test message","platform":"sms"}
2023-03-23T06:59:54.049Z: {"player_token":"s2qaiqai825072","country":"UNK","message":"test message","platform":"sms"}
2023-03-23T06:59:54.269Z: {"player_token":"s2hoatra821023","country":"UNK","message":"test message","platform":"sms"}
2023-03-23T06:59:54.270Z: {"player_token":"s2pitsea049818","country":"UNK","message":"test message","platform":"sms"}
2023-03-23T06:59:54.575Z: {"player_token":"s2ducvoo817667","country":"UNK","message":"test message","platform":"sms"}
2023-03-23T06:59:54.576Z: {"player_token":"s2faituy081010","country":"UNK","message":"test message","platform":"sms"}
2023-03-23T06:59:54.653Z: {"player_token":"s2honngu713085","country":"UNK","message":"test message","platform":"sms"}
2023-03-23T06:59:54.966Z: {"player_token":"s2phioph186963","country":"TH","message":"test message","platform":"sms"}
2023-03-23T06:59:54.966Z: {"player_token":"s2atijai146091","country":"UNK","message":"test message","platform":"sms"}
2023-03-23T06:59:55.193Z: {"player_token":"s2donltt725479","country":"UNK","message":"test message","platform":"sms"}
2023-03-23T06:59:55.194Z: {"player_token":"s2baohoo901114","country":"TH","message":"test message","platform":"sms"}
2023-03-23T06:59:55.280Z: {"player_token":"s2porsri533337","country":"UNK","message":"test message","platform":"sms"}
2023-03-23T06:59:55.785Z: {"player_token":"s2phalai234294","country":"TH","message":"test message","platform":"sms"}
2023-03-23T06:59:57.586Z: {"player_token":"s2dfgdfg242672","country":"UNK","message":"test message","platform":"sms"}
2023-03-23T06:59:58.466Z: {"player_token":"s2punsim030576","country":"UNK","message":"test message","platform":"sms"}
2023-03-23T06:59:59.205Z: {"player_token":"s2ngongu215877","country":"UNK","message":"test message","platform":"sms"}
2023-03-23T07:00:00.680Z: {"player_token":"s2thacuu273965","country":"TH","message":"test message","platform":"sms"}
2023-03-23T07:00:15.882Z: {"player_token":"s2ngungu453276","country":"UNK","message":"test message","platform":"sms"}
2023-03-23T07:00:16.466Z: {"player_token":"s2thajan575518","country":"UNK","message":"test message","platform":"sms"}
2023-03-23T07:00:16.782Z: {"player_token":"s2kimvoo194238","country":"TH","message":"test message","platform":"sms"}
2023-03-23T07:00:17.010Z: {"player_token":"s2vanhoa101604","country":"TH","message":"test message","platform":"sms"}
2023-03-23T07:00:17.254Z: {"player_token":"s2ertert481432","country":"TH","message":"test message","platform":"sms"}
2023-03-23T07:00:17.616Z: {"player_token":"s2cuotra457513","country":"UNK","message":"test message","platform":"sms"}
2023-03-23T07:00:20.771Z: {"player_token":"s2ytiyur754118","country":"TH","message":"test message","platform":"sms"}
2023-03-23T07:00:22.603Z: {"player_token":"s2phiphi164108","country":"UNK","message":"test message","platform":"sms"}
2023-03-23T07:00:24.291Z: {"player_token":"s2natpig853723","country":"UNK","message":"test message","platform":"sms"}
2023-03-23T07:00:26.149Z: {"player_token":"s2quanon252732","country":"UNK","message":"test message","platform":"sms"}
2023-03-23T07:00:28.374Z: {"player_token":"s2thatra099107","country":"UNK","message":"test message","platform":"sms"}
2023-03-23T07:00:28.656Z: {"player_token":"s2sayjai853550","country":"TH","message":"test message","platform":"sms"}
2023-03-23T07:00:30.344Z: {"player_token":"s2trhrjr459306","country":"TH","message":"test message","platform":"sms"}
2023-03-23T07:00:30.345Z: {"player_token":"s2tratra812565","country":"UNK","message":"test message","platform":"sms"}
2023-03-23T07:00:33.395Z: {"player_token":"s2honvyy996658","country":"TH","message":"test message","platform":"sms"}
2023-03-23T07:00:33.642Z: {"player_token":"s2duybui435369","country":"TH","message":"test message","platform":"sms"}
2023-03-23T07:00:34.014Z: {"player_token":"s2thavuu572674","country":"UNK","message":"test message","platform":"sms"}
2023-03-23T07:00:34.101Z: {"player_token":"s2penkin773167","country":"UNK","message":"test message","platform":"sms"}
2023-03-23T07:00:37.078Z: {"player_token":"s2khokho026199","country":"UNK","message":"test message","platform":"sms"}
2023-03-23T07:00:38.001Z: {"player_token":"s2tanyon922389","country":"UNK","message":"test message","platform":"sms"}
2023-03-23T07:00:38.276Z: {"player_token":"s2tuaphu206898","country":"UNK","message":"test message","platform":"sms"}
2023-03-23T07:00:38.360Z: {"player_token":"s2thosrl118434","country":"UNK","message":"test message","platform":"sms"}
2023-03-23T07:00:42.925Z: {"player_token":"s2baahoo228675","country":"TH","message":"test message","platform":"sms"}
2023-03-23T07:00:43.008Z: {"player_token":"s2ngungu813049","country":"UNK","message":"test message","platform":"sms"}
2023-03-23T07:00:44.146Z: {"player_token":"s2manvuu531010","country":"UNK","message":"test message","platform":"sms"}
2023-03-23T07:00:44.216Z: {"player_token":"s2tuoduo530700","country":"UNK","message":"test message","platform":"sms"}
2023-03-23T07:00:44.355Z: {"player_token":"s2giango283062","country":"VN","message":"test message","platform":"sms"}
2023-03-23T07:01:17.741Z: Listening on port 8041
2023-03-23T07:01:17.753Z: Successfully connected to {localhost}
2023-03-23T07:01:19.157Z: Successfully connected to {data-platform.ckghnqcooulj.ap-southeast-1.redshift.amazonaws.com}
2023-03-23T07:01:26.190Z: Listening on port 8041
2023-03-23T07:01:26.200Z: Successfully connected to {localhost}
2023-03-23T07:01:28.008Z: Successfully connected to {data-platform.ckghnqcooulj.ap-southeast-1.redshift.amazonaws.com}
2023-03-23T07:02:03.893Z: Listening on port 8041
2023-03-23T07:02:03.905Z: Successfully connected to {localhost}
2023-03-23T07:02:09.771Z: Successfully connected to {data-platform.ckghnqcooulj.ap-southeast-1.redshift.amazonaws.com}
2023-03-23T07:02:36.381Z: {"player_token":"s2sumjon810849","country":"UNK","message":"test message","platform":"sms"}
2023-03-23T07:02:36.614Z: {"player_token":"s2pejjae163073","country":"UNK","message":"test message","platform":"sms"}
2023-03-23T07:02:36.615Z: {"player_token":"s2ccclll467230","country":"UNK","message":"test message","platform":"sms"}
2023-03-23T07:02:36.796Z: {"player_token":"s2dactru331620","country":"UNK","message":"test message","platform":"sms"}
2023-03-23T07:02:36.796Z: {"player_token":"s2huytra590111","country":"UNK","message":"test message","platform":"sms"}
2023-03-23T07:02:36.803Z: {"player_token":"s2thelee240915","country":"UNK","message":"test message","platform":"sms"}
2023-03-23T07:02:37.748Z: {"player_token":"s2huungu702756","country":"UNK","message":"test message","platform":"sms"}
2023-03-23T07:02:37.748Z: {"player_token":"s2patsuc245473","country":"TH","message":"test message","platform":"sms"}
2023-03-23T07:02:37.749Z: {"player_token":"s2pilnoi275697","country":"UNK","message":"test message","platform":"sms"}
2023-03-23T07:02:37.749Z: {"player_token":"s2duyngu550403","country":"UNK","message":"test message","platform":"sms"}
2023-03-23T07:02:38.345Z: {"player_token":"s2tanrac121847","country":"UNK","message":"test message","platform":"sms"}
2023-03-23T07:02:38.533Z: {"player_token":"s2ngungu191810","country":"TH","message":"test message","platform":"sms"}
2023-03-23T07:02:38.533Z: {"player_token":"s2thilee110100","country":"UNK","message":"test message","platform":"sms"}
2023-03-23T07:02:38.534Z: {"player_token":"s2thalee886715","country":"UNK","message":"test message","platform":"sms"}
2023-03-23T07:02:38.534Z: {"player_token":"s2chivon003337","country":"UNK","message":"test message","platform":"sms"}
2023-03-23T07:02:41.184Z: {"player_token":"s2vietra663180","country":"UNK","message":"test message","platform":"sms"}
2023-03-23T07:02:43.441Z: {"player_token":"s2ducngu777338","country":"TH","message":"test message","platform":"sms"}
2023-03-23T07:02:43.754Z: {"player_token":"s2linngo151089","country":"TH","message":"test message","platform":"sms"}
2023-03-23T07:02:49.283Z: {"player_token":"s2rawnua958082","country":"UNK","message":"test message","platform":"sms"}
2023-03-23T07:02:50.039Z: {"player_token":"s2mischo927269","country":"UNK","message":"test message","platform":"sms"}
2023-03-23T07:02:51.974Z: Listening on port 8041
2023-03-23T07:02:51.986Z: Successfully connected to {localhost}
2023-03-23T07:02:58.098Z: Successfully connected to {data-platform.ckghnqcooulj.ap-southeast-1.redshift.amazonaws.com}
2023-03-23T07:03:13.647Z: {"player_token":"s2ccclll467230","country":"UNK","message":"test message","platform":"sms"}
2023-03-23T07:03:13.648Z: {"player_token":"s2pejjae163073","country":"UNK","message":"test message","platform":"sms"}
2023-03-23T07:03:13.648Z: {"player_token":"s2sumjon810849","country":"UNK","message":"test message","platform":"sms"}
2023-03-23T07:03:13.649Z: {"player_token":"s2thelee240915","country":"UNK","message":"test message","platform":"sms"}
2023-03-23T07:03:15.236Z: {"player_token":"s2huytra590111","country":"UNK","message":"test message","platform":"sms"}
2023-03-23T07:03:15.847Z: {"player_token":"s2huungu702756","country":"UNK","message":"test message","platform":"sms"}
2023-03-23T07:03:15.848Z: {"player_token":"s2pilnoi275697","country":"UNK","message":"test message","platform":"sms"}
2023-03-23T07:03:15.849Z: {"player_token":"s2dactru331620","country":"UNK","message":"test message","platform":"sms"}
2023-03-23T07:03:16.881Z: {"player_token":"s2patsuc245473","country":"TH","message":"test message","platform":"sms"}
2023-03-23T07:03:17.112Z: {"player_token":"s2thilee110100","country":"UNK","message":"test message","platform":"sms"}
2023-03-23T07:03:17.113Z: {"player_token":"s2thalee886715","country":"UNK","message":"test message","platform":"sms"}
2023-03-23T07:03:17.114Z: {"player_token":"s2tanrac121847","country":"UNK","message":"test message","platform":"sms"}
2023-03-23T07:03:18.086Z: Listening on port 8041
2023-03-23T07:03:18.098Z: Successfully connected to {localhost}
2023-03-23T07:03:23.619Z: Successfully connected to {data-platform.ckghnqcooulj.ap-southeast-1.redshift.amazonaws.com}
2023-03-23T07:03:34.111Z: {"player_token":"s2dactru331620","country":"UNK","message":"test message","platform":"sms"}
2023-03-23T07:03:35.047Z: {"player_token":"s2pilnoi275697","country":"UNK","message":"test message","platform":"sms"}
2023-03-23T07:03:35.913Z: {"player_token":"s2patsuc245473","country":"TH","message":"test message","platform":"sms"}
2023-03-23T07:03:35.914Z: {"player_token":"s2duyngu550403","country":"UNK","message":"test message","platform":"sms"}
2023-03-23T07:03:35.915Z: {"player_token":"s2huungu702756","country":"UNK","message":"test message","platform":"sms"}
2023-03-23T07:03:35.915Z: {"player_token":"s2sumjon810849","country":"UNK","message":"test message","platform":"sms"}
2023-03-23T07:03:35.916Z: {"player_token":"s2huytra590111","country":"UNK","message":"test message","platform":"sms"}
2023-03-23T07:03:35.916Z: {"player_token":"s2ccclll467230","country":"UNK","message":"test message","platform":"sms"}
2023-03-23T07:03:35.917Z: {"player_token":"s2pejjae163073","country":"UNK","message":"test message","platform":"sms"}
2023-03-23T07:03:35.917Z: {"player_token":"s2thelee240915","country":"UNK","message":"test message","platform":"sms"}
2023-03-23T07:03:36.927Z: {"player_token":"s2thilee110100","country":"UNK","message":"test message","platform":"sms"}
2023-03-23T07:03:36.927Z: {"player_token":"s2thalee886715","country":"UNK","message":"test message","platform":"sms"}
2023-03-23T07:03:36.928Z: {"player_token":"s2chivon003337","country":"UNK","message":"test message","platform":"sms"}
2023-03-23T07:03:36.928Z: {"player_token":"s2tanrac121847","country":"UNK","message":"test message","platform":"sms"}
2023-03-23T07:03:37.831Z: {"player_token":"s2ngungu191810","country":"TH","message":"test message","platform":"sms"}
2023-03-23T07:03:37.831Z: {"player_token":"s2vietra663180","country":"UNK","message":"test message","platform":"sms"}
2023-03-23T07:03:37.831Z: {"player_token":"s2rawnua958082","country":"UNK","message":"test message","platform":"sms"}
2023-03-23T07:03:38.485Z: Listening on port 8041
2023-03-23T07:03:38.496Z: Successfully connected to {localhost}
2023-03-23T07:03:44.790Z: Successfully connected to {data-platform.ckghnqcooulj.ap-southeast-1.redshift.amazonaws.com}
2023-03-23T07:03:57.080Z: {"player_token":"s2thelee240915","country":"UNK","message":"test message","platform":"sms"}
2023-03-23T07:03:57.081Z: {"player_token":"s2ccclll467230","country":"UNK","message":"test message","platform":"sms"}
2023-03-23T07:03:57.082Z: {"player_token":"s2dactru331620","country":"UNK","message":"test message","platform":"sms"}
2023-03-23T07:03:57.082Z: {"player_token":"s2huytra590111","country":"UNK","message":"test message","platform":"sms"}
2023-03-23T07:03:58.354Z: {"player_token":"s2pejjae163073","country":"UNK","message":"test message","platform":"sms"}
2023-03-23T07:03:58.354Z: {"player_token":"s2sumjon810849","country":"UNK","message":"test message","platform":"sms"}
2023-03-23T07:03:59.391Z: {"player_token":"s2patsuc245473","country":"TH","message":"test message","platform":"sms"}
2023-03-23T07:03:59.392Z: {"player_token":"s2duyngu550403","country":"UNK","message":"test message","platform":"sms"}
2023-03-23T07:03:59.393Z: {"player_token":"s2pilnoi275697","country":"UNK","message":"test message","platform":"sms"}
2023-03-23T07:04:00.310Z: {"player_token":"s2tanrac121847","country":"UNK","message":"test message","platform":"sms"}
2023-03-23T07:04:00.310Z: {"player_token":"s2thilee110100","country":"UNK","message":"test message","platform":"sms"}
2023-03-23T07:04:00.315Z: {"player_token":"s2thalee886715","country":"UNK","message":"test message","platform":"sms"}
2023-03-23T07:04:00.335Z: {"player_token":"s2chivon003337","country":"UNK","message":"test message","platform":"sms"}
2023-03-23T07:04:01.217Z: {"player_token":"s2ducngu777338","country":"TH","message":"test message","platform":"sms"}
2023-03-23T07:04:01.456Z: {"player_token":"s2ngungu191810","country":"TH","message":"test message","platform":"sms"}
2023-03-23T07:04:01.464Z: {"player_token":"s2huungu702756","country":"UNK","message":"test message","platform":"sms"}
2023-03-23T07:04:01.464Z: {"player_token":"s2rawnua958082","country":"UNK","message":"test message","platform":"sms"}
2023-03-23T07:04:01.465Z: {"player_token":"s2vietra663180","country":"UNK","message":"test message","platform":"sms"}
2023-03-23T07:04:02.609Z: {"player_token":"s2linngo151089","country":"TH","message":"test message","platform":"sms"}
2023-03-23T07:04:03.249Z: Listening on port 8041
2023-03-23T07:04:03.263Z: Successfully connected to {localhost}
2023-03-23T07:04:07.711Z: Successfully connected to {data-platform.ckghnqcooulj.ap-southeast-1.redshift.amazonaws.com}
2023-03-23T07:04:31.418Z: {"player_token":"s2thelee240915","country":"UNK","message":"test message","platform":"sms"}
2023-03-23T07:04:31.421Z: {"player_token":"s2dactru331620","country":"UNK","message":"test message","platform":"sms"}
2023-03-23T07:04:31.422Z: {"player_token":"s2pejjae163073","country":"UNK","message":"test message","platform":"sms"}
2023-03-23T07:04:31.423Z: {"player_token":"s2huytra590111","country":"UNK","message":"test message","platform":"sms"}
2023-03-23T07:04:31.423Z: {"player_token":"s2sumjon810849","country":"UNK","message":"test message","platform":"sms"}
2023-03-23T07:04:31.424Z: {"player_token":"s2ccclll467230","country":"UNK","message":"test message","platform":"sms"}
2023-03-23T07:04:31.774Z: {"player_token":"s2pilnoi275697","country":"UNK","message":"test message","platform":"sms"}
2023-03-23T07:04:31.774Z: {"player_token":"s2huungu702756","country":"UNK","message":"test message","platform":"sms"}
2023-03-23T07:04:31.775Z: {"player_token":"s2patsuc245473","country":"TH","message":"test message","platform":"sms"}
2023-03-23T07:04:31.775Z: {"player_token":"s2duyngu550403","country":"UNK","message":"test message","platform":"sms"}
2023-03-23T07:04:31.993Z: {"player_token":"s2tanrac121847","country":"UNK","message":"test message","platform":"sms"}
2023-03-23T07:04:31.994Z: {"player_token":"s2thilee110100","country":"UNK","message":"test message","platform":"sms"}
2023-03-23T07:04:31.995Z: {"player_token":"s2chivon003337","country":"UNK","message":"test message","platform":"sms"}
2023-03-23T07:04:31.995Z: {"player_token":"s2thalee886715","country":"UNK","message":"test message","platform":"sms"}
2023-03-23T07:04:32.040Z: {"player_token":"s2ducngu777338","country":"TH","message":"test message","platform":"sms"}
2023-03-23T07:04:32.107Z: {"player_token":"s2vietra663180","country":"UNK","message":"test message","platform":"sms"}
2023-03-23T07:04:32.205Z: {"player_token":"s2ngungu191810","country":"TH","message":"test message","platform":"sms"}
2023-03-23T07:04:32.205Z: {"player_token":"s2rawnua958082","country":"UNK","message":"test message","platform":"sms"}
2023-03-23T07:04:32.362Z: {"player_token":"s2linngo151089","country":"TH","message":"test message","platform":"sms"}
2023-03-23T07:04:36.400Z: {"player_token":"s2chasos385807","country":"VN","message":"test message","platform":"sms"}
2023-03-23T07:04:36.401Z: {"player_token":"s2mischo927269","country":"UNK","message":"test message","platform":"sms"}
2023-03-23T07:04:36.401Z: {"player_token":"s2sasnun143217","country":"UNK","message":"test message","platform":"sms"}
2023-03-23T07:04:36.402Z: {"player_token":"s2vanhoa095477","country":"UNK","message":"test message","platform":"sms"}
2023-03-23T07:04:40.026Z: {"player_token":"s2supnga663491","country":"UNK","message":"test message","platform":"sms"}
2023-03-23T07:04:40.027Z: {"player_token":"s2baohoo901114","country":"TH","message":"test message","platform":"sms"}
2023-03-23T07:04:40.027Z: {"player_token":"s2pitsea049818","country":"UNK","message":"test message","platform":"sms"}
2023-03-23T07:04:40.027Z: {"player_token":"s2hoatra821023","country":"UNK","message":"test message","platform":"sms"}
2023-03-23T07:04:41.034Z: {"player_token":"s2bennop679138","country":"VN","message":"test message","platform":"sms"}
2023-03-23T07:04:41.035Z: {"player_token":"s2qaiqai825072","country":"UNK","message":"test message","platform":"sms"}
2023-03-23T07:04:41.707Z: {"player_token":"s2faituy081010","country":"UNK","message":"test message","platform":"sms"}
2023-03-23T07:04:41.707Z: {"player_token":"s2honngu713085","country":"UNK","message":"test message","platform":"sms"}
2023-03-23T07:04:41.707Z: {"player_token":"s2ducvoo817667","country":"UNK","message":"test message","platform":"sms"}
2023-03-23T07:04:42.425Z: {"player_token":"s2phioph186963","country":"TH","message":"test message","platform":"sms"}
2023-03-23T07:04:42.425Z: {"player_token":"s2porsri533337","country":"UNK","message":"test message","platform":"sms"}
2023-03-23T07:04:42.724Z: {"player_token":"s2atijai146091","country":"UNK","message":"test message","platform":"sms"}
2023-03-23T07:04:42.724Z: {"player_token":"s2dfgdfg242672","country":"UNK","message":"test message","platform":"sms"}
2023-03-23T07:04:42.731Z: {"player_token":"s2donltt725479","country":"UNK","message":"test message","platform":"sms"}
2023-03-23T07:04:44.084Z: {"player_token":"s2phalai234294","country":"TH","message":"test message","platform":"sms"}
2023-03-23T07:04:46.660Z: {"player_token":"s2punsim030576","country":"UNK","message":"test message","platform":"sms"}
2023-03-23T07:04:47.909Z: {"player_token":"s2ngongu215877","country":"UNK","message":"test message","platform":"sms"}
2023-03-23T07:04:47.909Z: {"player_token":"s2thacuu273965","country":"TH","message":"test message","platform":"sms"}
2023-03-23T07:04:50.315Z: {"player_token":"s2ngungu453276","country":"UNK","message":"test message","platform":"sms"}
2023-03-23T07:04:50.820Z: {"player_token":"s2ytiyur754118","country":"TH","message":"test message","platform":"sms"}
2023-03-23T07:04:50.820Z: {"player_token":"s2trhrjr459306","country":"TH","message":"test message","platform":"sms"}
2023-03-23T07:04:51.718Z: {"player_token":"s2thajan575518","country":"UNK","message":"test message","platform":"sms"}
2023-03-23T07:04:52.109Z: {"player_token":"s2kimvoo194238","country":"TH","message":"test message","platform":"sms"}
2023-03-23T07:04:52.110Z: {"player_token":"s2vanhoa101604","country":"TH","message":"test message","platform":"sms"}
2023-03-23T07:04:52.110Z: {"player_token":"s2ertert481432","country":"TH","message":"test message","platform":"sms"}
2023-03-23T07:04:52.802Z: {"player_token":"s2cuotra457513","country":"UNK","message":"test message","platform":"sms"}
2023-03-23T07:04:54.039Z: {"player_token":"s2manvuu531010","country":"UNK","message":"test message","platform":"sms"}
2023-03-23T07:04:54.172Z: {"player_token":"s2tuaphu206898","country":"UNK","message":"test message","platform":"sms"}
2023-03-23T07:04:54.615Z: {"player_token":"s2honvyy996658","country":"TH","message":"test message","platform":"sms"}
2023-03-23T07:04:55.397Z: {"player_token":"s2sayjai853550","country":"TH","message":"test message","platform":"sms"}
2023-03-23T07:04:56.235Z: {"player_token":"s2phiphi164108","country":"UNK","message":"test message","platform":"sms"}
2023-03-23T07:04:57.103Z: {"player_token":"s2natpig853723","country":"UNK","message":"test message","platform":"sms"}
2023-03-23T07:04:58.617Z: {"player_token":"s2quanon252732","country":"UNK","message":"test message","platform":"sms"}
2023-03-23T07:04:58.618Z: {"player_token":"s2tratra812565","country":"UNK","message":"test message","platform":"sms"}
2023-03-23T07:04:58.741Z: {"player_token":"s2thatra099107","country":"UNK","message":"test message","platform":"sms"}
2023-03-23T07:04:58.741Z: {"player_token":"s2duybui435369","country":"TH","message":"test message","platform":"sms"}
2023-03-23T07:04:59.216Z: {"player_token":"s2penkin773167","country":"UNK","message":"test message","platform":"sms"}
2023-03-23T07:05:01.597Z: {"player_token":"s2tanyon922389","country":"UNK","message":"test message","platform":"sms"}
2023-03-23T07:05:02.547Z: {"player_token":"s2thavuu572674","country":"UNK","message":"test message","platform":"sms"}
2023-03-23T07:05:02.547Z: {"player_token":"s2thosrl118434","country":"UNK","message":"test message","platform":"sms"}
2023-03-23T07:05:02.548Z: {"player_token":"s2khokho026199","country":"UNK","message":"test message","platform":"sms"}
2023-03-23T07:05:03.176Z: {"player_token":"s2ngungu813049","country":"UNK","message":"test message","platform":"sms"}
2023-03-23T07:05:03.176Z: {"player_token":"s2baahoo228675","country":"TH","message":"test message","platform":"sms"}
2023-03-23T07:05:05.316Z: {"player_token":"s2giango283062","country":"VN","message":"test message","platform":"sms"}
2023-03-23T07:05:05.888Z: {"player_token":"s2tuoduo530700","country":"UNK","message":"test message","platform":"sms"}
2023-03-23T07:05:47.620Z: Listening on port 8041
2023-03-23T07:05:47.628Z: Successfully connected to {localhost}
2023-03-23T07:05:54.174Z: Successfully connected to {data-platform.ckghnqcooulj.ap-southeast-1.redshift.amazonaws.com}
2023-03-23T07:06:12.244Z: {"player_token":"s2ccclll467230","country":"UNK","message":"test message","platform":"sms"}
2023-03-23T07:06:12.367Z: {"player_token":"s2pejjae163073","country":"UNK","message":"test message","platform":"sms"}
2023-03-23T07:06:12.533Z: {"player_token":"s2dactru331620","country":"UNK","message":"test message","platform":"sms"}
2023-03-23T07:06:12.533Z: {"player_token":"s2huytra590111","country":"UNK","message":"test message","platform":"sms"}
2023-03-23T07:06:12.534Z: {"player_token":"s2thelee240915","country":"UNK","message":"test message","platform":"sms"}
2023-03-23T07:06:13.286Z: {"player_token":"s2duyngu550403","country":"UNK","message":"test message","platform":"sms"}
2023-03-23T07:06:13.287Z: {"player_token":"s2patsuc245473","country":"TH","message":"test message","platform":"sms"}
2023-03-23T07:06:13.287Z: {"player_token":"s2pilnoi275697","country":"UNK","message":"test message","platform":"sms"}
2023-03-23T07:06:13.287Z: {"player_token":"s2huungu702756","country":"UNK","message":"test message","platform":"sms"}
2023-03-23T07:06:13.288Z: {"player_token":"s2sumjon810849","country":"UNK","message":"test message","platform":"sms"}
2023-03-23T07:06:14.830Z: {"player_token":"s2thilee110100","country":"UNK","message":"test message","platform":"sms"}
2023-03-23T07:06:14.831Z: {"player_token":"s2ngungu191810","country":"TH","message":"test message","platform":"sms"}
2023-03-23T07:06:14.831Z: {"player_token":"s2tanrac121847","country":"UNK","message":"test message","platform":"sms"}
2023-03-23T07:06:14.831Z: {"player_token":"s2chivon003337","country":"UNK","message":"test message","platform":"sms"}
2023-03-23T07:06:14.832Z: {"player_token":"s2thalee886715","country":"UNK","message":"test message","platform":"sms"}
2023-03-23T07:06:15.621Z: {"player_token":"s2vietra663180","country":"UNK","message":"test message","platform":"sms"}
2023-03-23T07:06:15.723Z: {"player_token":"s2rawnua958082","country":"UNK","message":"test message","platform":"sms"}
2023-03-23T07:06:15.730Z: {"player_token":"s2ducngu777338","country":"TH","message":"test message","platform":"sms"}
2023-03-23T07:06:16.303Z: {"player_token":"s2linngo151089","country":"TH","message":"test message","platform":"sms"}
2023-03-23T07:06:19.115Z: {"player_token":"s2chasos385807","country":"VN","message":"test message","platform":"sms"}
2023-03-23T07:06:20.839Z: {"player_token":"s2mischo927269","country":"UNK","message":"test message","platform":"sms"}
2023-03-23T07:06:20.840Z: {"player_token":"s2sasnun143217","country":"UNK","message":"test message","platform":"sms"}
2023-03-23T07:06:22.287Z: {"player_token":"s2vanhoa095477","country":"UNK","message":"test message","platform":"sms"}
2023-03-23T07:06:22.997Z: {"player_token":"s2bennop679138","country":"VN","message":"test message","platform":"sms"}
2023-03-23T07:06:22.999Z: {"player_token":"s2supnga663491","country":"UNK","message":"test message","platform":"sms"}
2023-03-23T07:06:23.457Z: {"player_token":"s2qaiqai825072","country":"UNK","message":"test message","platform":"sms"}
2023-03-23T07:06:24.628Z: {"player_token":"s2hoatra821023","country":"UNK","message":"test message","platform":"sms"}
2023-03-23T07:06:25.662Z: {"player_token":"s2ducvoo817667","country":"UNK","message":"test message","platform":"sms"}
2023-03-23T07:06:26.034Z: {"player_token":"s2dfgdfg242672","country":"UNK","message":"test message","platform":"sms"}
2023-03-23T07:06:26.431Z: {"player_token":"s2faituy081010","country":"UNK","message":"test message","platform":"sms"}
2023-03-23T07:06:26.433Z: {"player_token":"s2pitsea049818","country":"UNK","message":"test message","platform":"sms"}
2023-03-23T07:06:26.643Z: {"player_token":"s2donltt725479","country":"UNK","message":"test message","platform":"sms"}
2023-03-23T07:06:26.898Z: {"player_token":"s2honngu713085","country":"UNK","message":"test message","platform":"sms"}
2023-03-23T07:06:26.898Z: {"player_token":"s2phioph186963","country":"TH","message":"test message","platform":"sms"}
2023-03-23T07:06:27.101Z: {"player_token":"s2porsri533337","country":"UNK","message":"test message","platform":"sms"}
2023-03-23T07:06:27.544Z: {"player_token":"s2baohoo901114","country":"TH","message":"test message","platform":"sms"}
2023-03-23T07:06:28.216Z: {"player_token":"s2phalai234294","country":"TH","message":"test message","platform":"sms"}
2023-03-23T07:06:28.217Z: {"player_token":"s2atijai146091","country":"UNK","message":"test message","platform":"sms"}
2023-03-23T07:06:33.597Z: {"player_token":"s2punsim030576","country":"UNK","message":"test message","platform":"sms"}
2023-03-23T07:06:33.598Z: {"player_token":"s2ngongu215877","country":"UNK","message":"test message","platform":"sms"}
2023-03-23T07:06:34.503Z: {"player_token":"s2thacuu273965","country":"TH","message":"test message","platform":"sms"}
2023-03-23T07:06:34.658Z: {"player_token":"s2ytiyur754118","country":"TH","message":"test message","platform":"sms"}
2023-03-23T07:06:35.868Z: {"player_token":"s2ngungu453276","country":"UNK","message":"test message","platform":"sms"}
2023-03-23T07:06:36.665Z: {"player_token":"s2thajan575518","country":"UNK","message":"test message","platform":"sms"}
2023-03-23T07:06:37.064Z: {"player_token":"s2kimvoo194238","country":"TH","message":"test message","platform":"sms"}
2023-03-23T07:06:37.962Z: {"player_token":"s2ertert481432","country":"TH","message":"test message","platform":"sms"}
2023-03-23T07:06:37.962Z: {"player_token":"s2vanhoa101604","country":"TH","message":"test message","platform":"sms"}
2023-03-23T07:06:38.059Z: {"player_token":"s2cuotra457513","country":"UNK","message":"test message","platform":"sms"}
2023-03-23T07:06:44.798Z: {"player_token":"s2trhrjr459306","country":"TH","message":"test message","platform":"sms"}
2023-03-23T07:06:44.799Z: {"player_token":"s2honvyy996658","country":"TH","message":"test message","platform":"sms"}
2023-03-23T07:06:45.038Z: {"player_token":"s2tuaphu206898","country":"UNK","message":"test message","platform":"sms"}
2023-03-23T07:06:45.039Z: {"player_token":"s2quanon252732","country":"UNK","message":"test message","platform":"sms"}
2023-03-23T07:06:45.619Z: {"player_token":"s2phiphi164108","country":"UNK","message":"test message","platform":"sms"}
2023-03-23T07:06:46.108Z: {"player_token":"s2sayjai853550","country":"TH","message":"test message","platform":"sms"}
2023-03-23T07:06:46.373Z: {"player_token":"s2manvuu531010","country":"UNK","message":"test message","platform":"sms"}
2023-03-23T07:06:46.373Z: {"player_token":"s2natpig853723","country":"UNK","message":"test message","platform":"sms"}
2023-03-23T07:06:48.804Z: {"player_token":"s2tratra812565","country":"UNK","message":"test message","platform":"sms"}
2023-03-23T07:06:50.377Z: {"player_token":"s2duybui435369","country":"TH","message":"test message","platform":"sms"}
2023-03-23T07:06:51.366Z: {"player_token":"s2penkin773167","country":"UNK","message":"test message","platform":"sms"}
2023-03-23T07:06:51.366Z: {"player_token":"s2thatra099107","country":"UNK","message":"test message","platform":"sms"}
2023-03-23T07:06:51.759Z: {"player_token":"s2thavuu572674","country":"UNK","message":"test message","platform":"sms"}
2023-03-23T07:06:52.031Z: {"player_token":"s2khokho026199","country":"UNK","message":"test message","platform":"sms"}
2023-03-23T07:06:52.031Z: {"player_token":"s2thosrl118434","country":"UNK","message":"test message","platform":"sms"}
2023-03-23T07:06:52.694Z: {"player_token":"s2ngungu813049","country":"UNK","message":"test message","platform":"sms"}
2023-03-23T07:06:53.005Z: {"player_token":"s2tanyon922389","country":"UNK","message":"test message","platform":"sms"}
2023-03-23T07:06:55.473Z: {"player_token":"s2baahoo228675","country":"TH","message":"test message","platform":"sms"}
2023-03-23T07:06:55.474Z: {"player_token":"s2giango283062","country":"VN","message":"test message","platform":"sms"}
2023-03-23T07:06:56.785Z: {"player_token":"s2tuoduo530700","country":"UNK","message":"test message","platform":"sms"}
2023-03-23T07:08:02.272Z: Listening on port 8041
2023-03-23T07:08:02.286Z: Successfully connected to {localhost}
2023-03-23T07:08:09.667Z: Successfully connected to {data-platform.ckghnqcooulj.ap-southeast-1.redshift.amazonaws.com}
2023-03-23T07:08:23.409Z: {"player_token":"s2ccclll467230","country":"UNK","message":"test message","platform":"sms"}
2023-03-23T07:08:24.089Z: {"player_token":"s2thelee240915","country":"UNK","message":"test message","platform":"sms"}
2023-03-23T07:08:24.926Z: {"player_token":"s2pilnoi275697","country":"UNK","message":"test message","platform":"sms"}
2023-03-23T07:08:24.927Z: {"player_token":"s2ducngu777338","country":"TH","message":"test message","platform":"sms"}
2023-03-23T07:08:26.325Z: {"player_token":"s2patsuc245473","country":"TH","message":"test message","platform":"sms"}
2023-03-23T07:08:26.326Z: {"player_token":"s2duyngu550403","country":"UNK","message":"test message","platform":"sms"}
2023-03-23T07:08:26.327Z: {"player_token":"s2huungu702756","country":"UNK","message":"test message","platform":"sms"}
2023-03-23T07:08:26.630Z: {"player_token":"s2pejjae163073","country":"UNK","message":"test message","platform":"sms"}
2023-03-23T07:08:26.631Z: {"player_token":"s2huytra590111","country":"UNK","message":"test message","platform":"sms"}
2023-03-23T07:08:26.631Z: {"player_token":"s2dactru331620","country":"UNK","message":"test message","platform":"sms"}
2023-03-23T07:08:28.298Z: {"player_token":"s2thalee886715","country":"UNK","message":"test message","platform":"sms"}
2023-03-23T07:08:28.299Z: {"player_token":"s2tanrac121847","country":"UNK","message":"test message","platform":"sms"}
2023-03-23T07:08:28.299Z: {"player_token":"s2thilee110100","country":"UNK","message":"test message","platform":"sms"}
2023-03-23T07:08:31.097Z: {"player_token":"s2chivon003337","country":"UNK","message":"test message","platform":"sms"}
2023-03-23T07:08:31.097Z: {"player_token":"s2sumjon810849","country":"UNK","message":"test message","platform":"sms"}
2023-03-23T07:08:31.099Z: {"player_token":"s2ngungu191810","country":"TH","message":"test message","platform":"sms"}
2023-03-23T07:08:31.099Z: {"player_token":"s2vietra663180","country":"UNK","message":"test message","platform":"sms"}
2023-03-23T07:08:31.435Z: {"player_token":"s2rawnua958082","country":"UNK","message":"test message","platform":"sms"}
2023-03-23T07:08:31.912Z: {"player_token":"s2mischo927269","country":"UNK","message":"test message","platform":"sms"}
2023-03-23T07:08:32.144Z: {"player_token":"s2linngo151089","country":"TH","message":"test message","platform":"sms"}
2023-03-23T07:08:33.545Z: {"player_token":"s2chasos385807","country":"VN","message":"test message","platform":"sms"}
2023-03-23T07:08:34.163Z: {"player_token":"s2sasnun143217","country":"UNK","message":"test message","platform":"sms"}
2023-03-23T07:08:34.163Z: {"player_token":"s2vanhoa095477","country":"UNK","message":"test message","platform":"sms"}
2023-03-23T07:08:38.154Z: {"player_token":"s2hoatra821023","country":"UNK","message":"test message","platform":"sms"}
2023-03-23T07:08:38.154Z: {"player_token":"s2qaiqai825072","country":"UNK","message":"test message","platform":"sms"}
2023-03-23T07:08:38.155Z: {"player_token":"s2supnga663491","country":"UNK","message":"test message","platform":"sms"}
2023-03-23T07:08:38.155Z: {"player_token":"s2bennop679138","country":"VN","message":"test message","platform":"sms"}
2023-03-23T07:08:40.823Z: {"player_token":"s2ducvoo817667","country":"UNK","message":"test message","platform":"sms"}
2023-03-23T07:08:40.950Z: {"player_token":"s2baohoo901114","country":"TH","message":"test message","platform":"sms"}
2023-03-23T07:08:41.085Z: {"player_token":"s2pitsea049818","country":"UNK","message":"test message","platform":"sms"}
2023-03-23T07:08:41.344Z: {"player_token":"s2dfgdfg242672","country":"UNK","message":"test message","platform":"sms"}
2023-03-23T07:08:41.754Z: {"player_token":"s2faituy081010","country":"UNK","message":"test message","platform":"sms"}
2023-03-23T07:08:42.345Z: {"player_token":"s2honngu713085","country":"UNK","message":"test message","platform":"sms"}
2023-03-23T07:08:42.346Z: {"player_token":"s2atijai146091","country":"UNK","message":"test message","platform":"sms"}
2023-03-23T07:08:42.346Z: {"player_token":"s2donltt725479","country":"UNK","message":"test message","platform":"sms"}
2023-03-23T07:08:43.706Z: {"player_token":"s2phioph186963","country":"TH","message":"test message","platform":"sms"}
2023-03-23T07:08:43.765Z: {"player_token":"s2porsri533337","country":"UNK","message":"test message","platform":"sms"}
2023-03-23T07:08:45.733Z: {"player_token":"s2punsim030576","country":"UNK","message":"test message","platform":"sms"}
2023-03-23T07:08:47.515Z: {"player_token":"s2phalai234294","country":"TH","message":"test message","platform":"sms"}
2023-03-23T07:08:47.727Z: {"player_token":"s2ngongu215877","country":"UNK","message":"test message","platform":"sms"}
2023-03-23T07:08:49.852Z: {"player_token":"s2thacuu273965","country":"TH","message":"test message","platform":"sms"}
2023-03-23T07:08:50.191Z: {"player_token":"s2ytiyur754118","country":"TH","message":"test message","platform":"sms"}
2023-03-23T07:08:51.821Z: {"player_token":"s2ngungu453276","country":"UNK","message":"test message","platform":"sms"}
2023-03-23T07:08:53.215Z: {"player_token":"s2thajan575518","country":"UNK","message":"test message","platform":"sms"}
2023-03-23T07:08:53.398Z: {"player_token":"s2kimvoo194238","country":"TH","message":"test message","platform":"sms"}
2023-03-23T07:08:53.544Z: {"player_token":"s2vanhoa101604","country":"TH","message":"test message","platform":"sms"}
2023-03-23T07:08:53.544Z: {"player_token":"s2honvyy996658","country":"TH","message":"test message","platform":"sms"}
2023-03-23T07:08:53.820Z: {"player_token":"s2trhrjr459306","country":"TH","message":"test message","platform":"sms"}
2023-03-23T07:08:53.821Z: {"player_token":"s2tuaphu206898","country":"UNK","message":"test message","platform":"sms"}
2023-03-23T07:08:53.821Z: {"player_token":"s2manvuu531010","country":"UNK","message":"test message","platform":"sms"}
2023-03-23T07:08:54.028Z: {"player_token":"s2ertert481432","country":"TH","message":"test message","platform":"sms"}
2023-03-23T07:08:54.109Z: {"player_token":"s2cuotra457513","country":"UNK","message":"test message","platform":"sms"}
2023-03-23T07:08:57.518Z: {"player_token":"s2phiphi164108","country":"UNK","message":"test message","platform":"sms"}
2023-03-23T07:08:58.162Z: {"player_token":"s2natpig853723","country":"UNK","message":"test message","platform":"sms"}
2023-03-23T07:08:58.163Z: {"player_token":"s2quanon252732","country":"UNK","message":"test message","platform":"sms"}
2023-03-23T07:08:58.201Z: {"player_token":"s2sayjai853550","country":"TH","message":"test message","platform":"sms"}
2023-03-23T07:08:58.506Z: {"player_token":"s2thatra099107","country":"UNK","message":"test message","platform":"sms"}
2023-03-23T07:09:00.034Z: {"player_token":"s2tratra812565","country":"UNK","message":"test message","platform":"sms"}
2023-03-23T07:09:01.286Z: {"player_token":"s2duybui435369","country":"TH","message":"test message","platform":"sms"}
2023-03-23T07:09:01.286Z: {"player_token":"s2penkin773167","country":"UNK","message":"test message","platform":"sms"}
2023-03-23T07:09:03.554Z: {"player_token":"s2thosrl118434","country":"UNK","message":"test message","platform":"sms"}
2023-03-23T07:09:03.642Z: {"player_token":"s2thavuu572674","country":"UNK","message":"test message","platform":"sms"}
2023-03-23T07:09:04.779Z: {"player_token":"s2khokho026199","country":"UNK","message":"test message","platform":"sms"}
2023-03-23T07:09:04.975Z: {"player_token":"s2tanyon922389","country":"UNK","message":"test message","platform":"sms"}
2023-03-23T07:09:05.904Z: {"player_token":"s2ngungu813049","country":"UNK","message":"test message","platform":"sms"}
2023-03-23T07:09:06.046Z: {"player_token":"s2baahoo228675","country":"TH","message":"test message","platform":"sms"}
2023-03-23T07:09:06.628Z: {"player_token":"s2giango283062","country":"VN","message":"test message","platform":"sms"}
2023-03-23T07:09:08.081Z: {"player_token":"s2tuoduo530700","country":"UNK","message":"test message","platform":"sms"}
2023-03-23T07:50:30.410Z: Listening on port 8041
2023-03-23T07:50:30.422Z: Successfully connected to {localhost}
2023-03-23T07:51:08.173Z: Listening on port 8041
2023-03-23T07:51:08.184Z: Successfully connected to {localhost}
2023-03-23T07:51:09.497Z: Successfully connected to {data-platform.ckghnqcooulj.ap-southeast-1.redshift.amazonaws.com}
2023-03-23T07:51:48.281Z: Listening on port 8041
2023-03-23T07:51:48.291Z: Successfully connected to {localhost}
2023-03-23T07:51:50.398Z: Successfully connected to {data-platform.ckghnqcooulj.ap-southeast-1.redshift.amazonaws.com}
2023-03-23T07:52:26.295Z: Listening on port 8041
2023-03-23T07:52:26.305Z: Successfully connected to {localhost}
2023-03-23T07:52:29.912Z: Successfully connected to {data-platform.ckghnqcooulj.ap-southeast-1.redshift.amazonaws.com}
2023-03-23T08:10:17.153Z: Listening on port 8041
2023-03-23T08:10:17.164Z: Successfully connected to {localhost}
2023-03-23T08:10:18.904Z: Successfully connected to {data-platform.ckghnqcooulj.ap-southeast-1.redshift.amazonaws.com}
2023-03-23T08:14:36.724Z: Listening on port 8041
2023-03-23T08:14:36.732Z: Successfully connected to {localhost}
2023-03-23T08:14:42.612Z: Successfully connected to {data-platform.ckghnqcooulj.ap-southeast-1.redshift.amazonaws.com}
2023-03-23T08:16:19.535Z: Listening on port 8041
2023-03-23T08:16:19.544Z: Successfully connected to {localhost}
2023-03-23T08:16:27.603Z: Successfully connected to {data-platform.ckghnqcooulj.ap-southeast-1.redshift.amazonaws.com}
2023-03-23T08:17:18.696Z: Listening on port 8041
2023-03-23T08:17:18.707Z: Successfully connected to {localhost}
2023-03-23T08:17:20.724Z: Successfully connected to {data-platform.ckghnqcooulj.ap-southeast-1.redshift.amazonaws.com}
2023-03-23T08:18:52.020Z: Listening on port 8041
2023-03-23T08:18:52.030Z: Successfully connected to {localhost}
2023-03-23T08:18:53.514Z: Successfully connected to {data-platform.ckghnqcooulj.ap-southeast-1.redshift.amazonaws.com}
2023-03-23T08:19:33.423Z: Listening on port 8041
2023-03-23T08:19:33.435Z: Successfully connected to {localhost}
2023-03-23T08:19:34.785Z: Successfully connected to {data-platform.ckghnqcooulj.ap-southeast-1.redshift.amazonaws.com}
2023-03-23T08:21:17.579Z: Listening on port 8041
2023-03-23T08:21:17.588Z: Successfully connected to {localhost}
2023-03-23T08:21:19.217Z: Successfully connected to {data-platform.ckghnqcooulj.ap-southeast-1.redshift.amazonaws.com}
2023-03-23T08:24:23.944Z: Listening on port 8041
2023-03-23T08:24:23.954Z: Successfully connected to {localhost}
2023-03-23T08:24:25.794Z: Successfully connected to {data-platform.ckghnqcooulj.ap-southeast-1.redshift.amazonaws.com}
2023-03-23T08:25:16.027Z: Listening on port 8041
2023-03-23T08:25:16.036Z: Successfully connected to {localhost}
2023-03-23T08:25:17.405Z: Successfully connected to {data-platform.ckghnqcooulj.ap-southeast-1.redshift.amazonaws.com}
2023-03-23T08:26:40.090Z: Listening on port 8041
2023-03-23T08:26:40.099Z: Successfully connected to {localhost}
2023-03-23T08:26:41.485Z: Successfully connected to {data-platform.ckghnqcooulj.ap-southeast-1.redshift.amazonaws.com}
2023-03-23T08:29:27.826Z: Listening on port 8041
2023-03-23T08:29:27.836Z: Successfully connected to {localhost}
2023-03-23T08:29:29.533Z: Successfully connected to {data-platform.ckghnqcooulj.ap-southeast-1.redshift.amazonaws.com}
2023-03-23T08:40:35.461Z: Listening on port 8041
2023-03-23T08:40:35.474Z: Successfully connected to {localhost}
2023-03-23T08:40:37.027Z: Successfully connected to {data-platform.ckghnqcooulj.ap-southeast-1.redshift.amazonaws.com}
2023-03-23T08:42:11.708Z: Listening on port 8041
2023-03-23T08:42:11.719Z: Successfully connected to {localhost}
2023-03-23T08:42:13.342Z: Successfully connected to {data-platform.ckghnqcooulj.ap-southeast-1.redshift.amazonaws.com}
2023-03-23T08:42:38.510Z: Listening on port 8041
2023-03-23T08:42:38.523Z: Successfully connected to {localhost}
2023-03-23T08:42:39.864Z: Successfully connected to {data-platform.ckghnqcooulj.ap-southeast-1.redshift.amazonaws.com}
2023-03-23T08:43:26.438Z: Listening on port 8041
2023-03-23T08:43:26.449Z: Successfully connected to {localhost}
2023-03-23T08:43:27.762Z: Successfully connected to {data-platform.ckghnqcooulj.ap-southeast-1.redshift.amazonaws.com}
2023-03-23T08:47:29.353Z: Listening on port 8041
2023-03-23T08:47:29.362Z: Successfully connected to {localhost}
2023-03-23T08:47:31.063Z: Successfully connected to {data-platform.ckghnqcooulj.ap-southeast-1.redshift.amazonaws.com}
2023-03-23T11:31:44.417Z: Listening on port 8041
2023-03-23T11:31:44.430Z: Successfully connected to {localhost}
2023-03-23T11:31:46.951Z: Successfully connected to {data-platform.ckghnqcooulj.ap-southeast-1.redshift.amazonaws.com}
2023-03-23T11:33:44.629Z: Listening on port 8041
2023-03-23T11:33:44.640Z: Successfully connected to {localhost}
2023-03-23T11:33:47.430Z: Successfully connected to {data-platform.ckghnqcooulj.ap-southeast-1.redshift.amazonaws.com}
2023-03-23T11:50:00.997Z: Listening on port 8041
2023-03-23T11:50:01.009Z: Successfully connected to {localhost}
2023-03-23T11:50:51.142Z: Listening on port 8041
2023-03-23T11:50:51.152Z: Successfully connected to {localhost}
2023-03-23T11:50:55.685Z: Successfully connected to {data-platform.ckghnqcooulj.ap-southeast-1.redshift.amazonaws.com}
2023-03-23T11:51:12.012Z: Listening on port 8041
2023-03-23T11:51:12.022Z: Successfully connected to {localhost}
2023-03-23T11:51:14.469Z: Successfully connected to {data-platform.ckghnqcooulj.ap-southeast-1.redshift.amazonaws.com}
2023-03-23T11:51:56.136Z: Listening on port 8041
2023-03-23T11:51:56.147Z: Successfully connected to {localhost}
2023-03-23T11:51:58.207Z: Successfully connected to {data-platform.ckghnqcooulj.ap-southeast-1.redshift.amazonaws.com}
2023-03-23T11:53:58.736Z: Listening on port 8041
2023-03-23T11:53:58.749Z: Successfully connected to {localhost}
2023-03-23T11:54:04.556Z: Successfully connected to {data-platform.ckghnqcooulj.ap-southeast-1.redshift.amazonaws.com}
2023-03-23T11:54:38.121Z: Listening on port 8041
2023-03-23T11:54:38.132Z: Successfully connected to {localhost}
2023-03-23T11:54:40.226Z: Successfully connected to {data-platform.ckghnqcooulj.ap-southeast-1.redshift.amazonaws.com}
2023-03-23T11:55:40.724Z: Listening on port 8041
2023-03-23T11:55:40.736Z: Successfully connected to {localhost}
2023-03-23T11:55:46.600Z: Successfully connected to {data-platform.ckghnqcooulj.ap-southeast-1.redshift.amazonaws.com}
2023-03-23T12:10:07.266Z: Listening on port 8041
2023-03-23T12:10:07.278Z: Successfully connected to {localhost}
2023-03-23T12:10:28.799Z: Listening on port 8041
2023-03-23T12:10:28.810Z: Successfully connected to {localhost}
2023-03-23T12:10:37.490Z: Successfully connected to {data-platform.ckghnqcooulj.ap-southeast-1.redshift.amazonaws.com}
2023-03-23T12:10:48.328Z: Listening on port 8041
2023-03-23T12:10:48.338Z: Successfully connected to {localhost}
2023-03-23T12:10:51.292Z: Successfully connected to {data-platform.ckghnqcooulj.ap-southeast-1.redshift.amazonaws.com}
2023-03-23T12:11:02.127Z: Listening on port 8041
2023-03-23T12:11:02.137Z: Successfully connected to {localhost}
2023-03-23T12:11:06.531Z: Successfully connected to {data-platform.ckghnqcooulj.ap-southeast-1.redshift.amazonaws.com}
2023-03-23T12:12:08.279Z: Listening on port 8041
2023-03-23T12:12:08.290Z: Successfully connected to {localhost}
2023-03-23T12:12:11.981Z: Successfully connected to {data-platform.ckghnqcooulj.ap-southeast-1.redshift.amazonaws.com}
2023-03-23T12:12:33.213Z: Listening on port 8041
2023-03-23T12:12:33.227Z: Successfully connected to {localhost}
2023-03-23T12:12:35.504Z: Successfully connected to {data-platform.ckghnqcooulj.ap-southeast-1.redshift.amazonaws.com}
2023-03-23T12:12:37.637Z: Listening on port 8041
2023-03-23T12:12:37.649Z: Successfully connected to {localhost}
2023-03-23T12:12:40.318Z: Successfully connected to {data-platform.ckghnqcooulj.ap-southeast-1.redshift.amazonaws.com}
2023-03-23T12:19:28.850Z: Listening on port 8041
2023-03-23T12:19:28.862Z: Successfully connected to {localhost}
2023-03-23T12:19:31.865Z: Successfully connected to {data-platform.ckghnqcooulj.ap-southeast-1.redshift.amazonaws.com}
2023-03-23T12:20:23.082Z: Listening on port 8041
2023-03-23T12:20:23.095Z: Successfully connected to {localhost}
2023-03-23T12:20:26.026Z: Successfully connected to {data-platform.ckghnqcooulj.ap-southeast-1.redshift.amazonaws.com}
2023-03-23T12:21:30.425Z: Listening on port 8041
2023-03-23T12:21:30.434Z: Successfully connected to {localhost}
2023-03-23T12:21:38.219Z: Successfully connected to {data-platform.ckghnqcooulj.ap-southeast-1.redshift.amazonaws.com}
2023-03-23T12:22:05.759Z: Listening on port 8041
2023-03-23T12:22:05.767Z: Successfully connected to {localhost}
2023-03-23T12:22:09.543Z: Successfully connected to {data-platform.ckghnqcooulj.ap-southeast-1.redshift.amazonaws.com}
2023-03-23T12:23:08.132Z: Listening on port 8041
2023-03-23T12:23:08.143Z: Successfully connected to {localhost}
2023-03-23T12:23:19.640Z: Successfully connected to {data-platform.ckghnqcooulj.ap-southeast-1.redshift.amazonaws.com}
2023-03-23T12:23:35.415Z: Listening on port 8041
2023-03-23T12:23:35.426Z: Successfully connected to {localhost}
2023-03-23T12:23:40.225Z: Successfully connected to {data-platform.ckghnqcooulj.ap-southeast-1.redshift.amazonaws.com}
2023-03-23T12:24:37.946Z: Listening on port 8041
2023-03-23T12:24:37.954Z: Successfully connected to {localhost}
2023-03-23T12:24:43.412Z: Successfully connected to {data-platform.ckghnqcooulj.ap-southeast-1.redshift.amazonaws.com}
2023-03-23T12:25:25.369Z: Listening on port 8041
2023-03-23T12:25:25.380Z: Successfully connected to {localhost}
2023-03-23T12:25:27.485Z: Successfully connected to {data-platform.ckghnqcooulj.ap-southeast-1.redshift.amazonaws.com}
2023-03-23T12:27:27.171Z: Listening on port 8041
2023-03-23T12:27:27.180Z: Successfully connected to {localhost}
2023-03-23T12:27:31.108Z: Successfully connected to {data-platform.ckghnqcooulj.ap-southeast-1.redshift.amazonaws.com}
2023-03-23T12:29:35.188Z: Listening on port 8041
2023-03-23T12:29:35.198Z: Successfully connected to {localhost}
2023-03-23T12:29:39.035Z: Successfully connected to {data-platform.ckghnqcooulj.ap-southeast-1.redshift.amazonaws.com}
2023-03-23T12:30:28.838Z: Listening on port 8041
2023-03-23T12:30:28.849Z: Successfully connected to {localhost}
2023-03-23T12:30:38.569Z: Successfully connected to {data-platform.ckghnqcooulj.ap-southeast-1.redshift.amazonaws.com}
2023-03-23T12:31:53.869Z: Listening on port 8041
2023-03-23T12:31:53.878Z: Successfully connected to {localhost}
2023-03-23T12:31:59.217Z: Successfully connected to {data-platform.ckghnqcooulj.ap-southeast-1.redshift.amazonaws.com}
2023-03-23T12:32:50.541Z: Listening on port 8041
2023-03-23T12:32:50.551Z: Successfully connected to {localhost}
2023-03-23T12:32:52.274Z: Successfully connected to {data-platform.ckghnqcooulj.ap-southeast-1.redshift.amazonaws.com}
2023-03-23T12:35:12.197Z: Listening on port 8041
2023-03-23T12:35:12.206Z: Successfully connected to {localhost}
2023-03-23T12:35:15.118Z: Successfully connected to {data-platform.ckghnqcooulj.ap-southeast-1.redshift.amazonaws.com}
2023-03-23T12:36:19.569Z: Listening on port 8041
2023-03-23T12:36:19.579Z: Successfully connected to {localhost}
2023-03-23T12:36:22.464Z: Successfully connected to {data-platform.ckghnqcooulj.ap-southeast-1.redshift.amazonaws.com}
2023-03-23T12:37:25.597Z: Listening on port 8041
2023-03-23T12:37:25.606Z: Successfully connected to {localhost}
2023-03-23T12:37:40.157Z: Successfully connected to {data-platform.ckghnqcooulj.ap-southeast-1.redshift.amazonaws.com}
2023-03-23T12:38:49.756Z: Listening on port 8041
2023-03-23T12:38:49.765Z: Successfully connected to {localhost}
2023-03-23T12:38:57.503Z: Successfully connected to {data-platform.ckghnqcooulj.ap-southeast-1.redshift.amazonaws.com}
2023-03-23T12:39:01.912Z: Listening on port 8041
2023-03-23T12:39:01.922Z: Successfully connected to {localhost}
2023-03-23T12:39:08.394Z: Successfully connected to {data-platform.ckghnqcooulj.ap-southeast-1.redshift.amazonaws.com}
2023-03-23T12:40:30.449Z: Listening on port 8041
2023-03-23T12:40:30.459Z: Successfully connected to {localhost}
2023-03-23T12:40:33.449Z: Successfully connected to {data-platform.ckghnqcooulj.ap-southeast-1.redshift.amazonaws.com}
2023-03-23T12:41:26.650Z: Listening on port 8041
2023-03-23T12:41:26.660Z: Successfully connected to {localhost}
2023-03-23T12:41:29.765Z: Successfully connected to {data-platform.ckghnqcooulj.ap-southeast-1.redshift.amazonaws.com}
2023-03-23T12:45:21.792Z: Listening on port 8041
2023-03-23T12:45:21.803Z: Successfully connected to {localhost}
2023-03-23T12:45:24.653Z: Successfully connected to {data-platform.ckghnqcooulj.ap-southeast-1.redshift.amazonaws.com}
2023-03-23T12:48:41.025Z: Listening on port 8041
2023-03-23T12:48:41.035Z: Successfully connected to {localhost}
2023-03-23T12:48:44.658Z: Successfully connected to {data-platform.ckghnqcooulj.ap-southeast-1.redshift.amazonaws.com}
2023-03-23T12:50:13.705Z: Listening on port 8041
2023-03-23T12:50:13.714Z: Successfully connected to {localhost}
2023-03-23T12:50:17.790Z: Successfully connected to {data-platform.ckghnqcooulj.ap-southeast-1.redshift.amazonaws.com}
2023-03-23T12:51:24.963Z: Listening on port 8041
2023-03-23T12:51:24.973Z: Successfully connected to {localhost}
2023-03-23T12:51:27.107Z: Successfully connected to {data-platform.ckghnqcooulj.ap-southeast-1.redshift.amazonaws.com}
2023-03-23T12:52:19.760Z: Listening on port 8041
2023-03-23T12:52:19.774Z: Successfully connected to {localhost}
2023-03-23T12:52:22.006Z: Successfully connected to {data-platform.ckghnqcooulj.ap-southeast-1.redshift.amazonaws.com}
2023-03-23T12:54:16.423Z: Listening on port 8041
2023-03-23T12:54:16.437Z: Successfully connected to {localhost}
2023-03-23T12:54:30.842Z: Successfully connected to {data-platform.ckghnqcooulj.ap-southeast-1.redshift.amazonaws.com}
2023-03-23T12:55:38.755Z: Listening on port 8041
2023-03-23T12:55:38.768Z: Successfully connected to {localhost}
2023-03-23T12:55:42.638Z: Successfully connected to {data-platform.ckghnqcooulj.ap-southeast-1.redshift.amazonaws.com}
2023-03-23T12:59:18.017Z: Listening on port 8041
2023-03-23T12:59:18.026Z: Successfully connected to {localhost}
2023-03-23T12:59:20.752Z: Successfully connected to {data-platform.ckghnqcooulj.ap-southeast-1.redshift.amazonaws.com}
2023-03-23T13:01:07.424Z: Listening on port 8041
2023-03-23T13:01:07.433Z: Successfully connected to {localhost}
2023-03-23T13:01:11.978Z: Successfully connected to {data-platform.ckghnqcooulj.ap-southeast-1.redshift.amazonaws.com}
2023-03-23T13:04:08.024Z: Listening on port 8041
2023-03-23T13:04:08.034Z: Successfully connected to {localhost}
2023-03-23T13:04:10.846Z: Successfully connected to {data-platform.ckghnqcooulj.ap-southeast-1.redshift.amazonaws.com}
2023-03-23T13:04:34.488Z: Listening on port 8041
2023-03-23T13:04:34.498Z: Successfully connected to {localhost}
2023-03-23T13:04:36.507Z: Successfully connected to {data-platform.ckghnqcooulj.ap-southeast-1.redshift.amazonaws.com}
2023-03-23T13:05:40.540Z: Listening on port 8041
2023-03-23T13:05:40.550Z: Successfully connected to {localhost}
2023-03-23T13:05:47.791Z: Successfully connected to {data-platform.ckghnqcooulj.ap-southeast-1.redshift.amazonaws.com}
2023-03-23T13:24:59.610Z: Listening on port 8041
2023-03-23T13:24:59.624Z: Successfully connected to {localhost}
2023-03-23T13:25:28.295Z: Listening on port 8041
2023-03-23T13:25:28.305Z: Successfully connected to {localhost}
2023-03-23T13:25:51.645Z: Successfully connected to {data-platform.ckghnqcooulj.ap-southeast-1.redshift.amazonaws.com}
2023-03-23T13:38:51.883Z: Listening on port 8041
2023-03-23T13:38:51.895Z: Successfully connected to {localhost}
2023-03-23T13:39:47.027Z: Listening on port 8041
2023-03-23T13:39:47.040Z: Successfully connected to {localhost}
2023-03-23T13:40:56.972Z: Listening on port 8041
2023-03-23T13:40:56.983Z: Successfully connected to {localhost}
2023-03-23T13:41:26.940Z: Error connecting to {data-platform.ckghnqcooulj.ap-southeast-1.redshift.amazonaws.com}
2023-03-23T13:43:29.809Z: Listening on port 8041
2023-03-23T13:43:29.820Z: Successfully connected to {localhost}
2023-03-23T13:46:15.928Z: Error connecting to {data-platform.ckghnqcooulj.ap-southeast-1.redshift.amazonaws.com}
2023-03-23T13:49:18.410Z: Error connecting to {data-platform.ckghnqcooulj.ap-southeast-1.redshift.amazonaws.com}
2023-03-23T14:21:44.003Z: Error connecting to {data-platform.ckghnqcooulj.ap-southeast-1.redshift.amazonaws.com}
2023-03-23T14:22:44.005Z: Error connecting to {data-platform.ckghnqcooulj.ap-southeast-1.redshift.amazonaws.com}
2023-03-23T14:23:44.007Z: Error connecting to {data-platform.ckghnqcooulj.ap-southeast-1.redshift.amazonaws.com}
2023-03-23T15:47:28.570Z: Error connecting to {data-platform.ckghnqcooulj.ap-southeast-1.redshift.amazonaws.com}
2023-03-23T17:09:47.620Z: Error connecting to {data-platform.ckghnqcooulj.ap-southeast-1.redshift.amazonaws.com}
2023-03-23T17:12:02.688Z: Error connecting to {data-platform.ckghnqcooulj.ap-southeast-1.redshift.amazonaws.com}
