2023-04-19T16:01:45.137Z: Listening on port 8041
2023-04-19T16:01:45.148Z: Successfully connected to {localhost}
2023-04-19T16:02:38.465Z: Listening on port 8041
2023-04-19T16:02:38.488Z: Successfully connected to {localhost}
2023-04-19T16:02:49.197Z: Listening on port 8041
2023-04-19T16:02:49.211Z: Successfully connected to {localhost}
2023-04-19T16:03:07.698Z: Listening on port 8041
2023-04-19T16:03:07.709Z: Successfully connected to {localhost}
2023-04-19T16:04:12.860Z: Listening on port 8041
2023-04-19T16:04:12.870Z: Successfully connected to {localhost}
2023-04-19T16:05:04.370Z: Listening on port 8041
2023-04-19T16:05:04.378Z: Successfully connected to {localhost}
2023-04-19T16:06:19.374Z: Error connecting to {data-platform.ckghnqcooulj.ap-southeast-1.redshift.amazonaws.com}
2023-04-19T16:07:52.472Z: Listening on port 8041
2023-04-19T16:07:52.482Z: Successfully connected to {localhost}
2023-04-19T16:09:07.475Z: Error connecting to {data-platform.ckghnqcooulj.ap-southeast-1.redshift.amazonaws.com}
2023-04-19T16:10:17.159Z: Listening on port 8041
2023-04-19T16:10:17.168Z: Successfully connected to {localhost}
2023-04-19T16:10:56.297Z: Config queue count : 0
2023-04-19T16:10:56.297Z: payload : 0
2023-04-19T16:11:32.164Z: Error connecting to {data-platform.ckghnqcooulj.ap-southeast-1.redshift.amazonaws.com}
2023-04-19T16:11:54.315Z: Listening on port 8041
2023-04-19T16:11:54.324Z: Successfully connected to {localhost}
2023-04-19T16:13:09.319Z: Error connecting to {data-platform.ckghnqcooulj.ap-southeast-1.redshift.amazonaws.com}
2023-04-19T16:13:12.372Z: Listening on port 8041
2023-04-19T16:13:12.380Z: Successfully connected to {localhost}
2023-04-19T16:13:34.433Z: {"statusCode":200,"status":true,"message":"Config Added","data":[]}
2023-04-19T16:13:35.894Z: {"statusCode":200,"status":true,"message":"Config Added","data":[]}
2023-04-19T16:13:36.577Z: {"statusCode":200,"status":true,"message":"Config Added","data":[]}
2023-04-19T16:13:37.145Z: {"statusCode":200,"status":true,"message":"Config Added","data":[]}
2023-04-19T16:13:37.609Z: {"statusCode":200,"status":true,"message":"Config Added","data":[]}
2023-04-19T16:13:37.976Z: {"statusCode":200,"status":true,"message":"Config Added","data":[]}
2023-04-19T16:13:38.244Z: {"statusCode":200,"status":true,"message":"Config Added","data":[]}
2023-04-19T16:13:38.480Z: {"statusCode":200,"status":true,"message":"Config Added","data":[]}
2023-04-19T16:13:38.627Z: {"statusCode":200,"status":true,"message":"Config Added","data":[]}
2023-04-19T16:13:38.744Z: {"statusCode":200,"status":true,"message":"Config Added","data":[]}
2023-04-19T16:13:38.876Z: {"statusCode":200,"status":true,"message":"Config Added","data":[]}
2023-04-19T16:13:38.997Z: {"statusCode":200,"status":true,"message":"Config Added","data":[]}
2023-04-19T16:13:39.294Z: {"statusCode":200,"status":true,"message":"Config Added","data":[]}
2023-04-19T16:13:44.436Z: Config queue count : 13
2023-04-19T16:13:44.436Z: payload : 1
2023-04-19T16:13:45.897Z: Config queue count : 13
2023-04-19T16:13:45.897Z: payload : 2
2023-04-19T16:13:46.579Z: Config queue count : 13
2023-04-19T16:13:46.580Z: payload : 3
2023-04-19T16:13:47.146Z: Config queue count : 13
2023-04-19T16:13:47.147Z: payload : 4
2023-04-19T16:13:47.612Z: Config queue count : 13
2023-04-19T16:13:47.612Z: payload : 5
2023-04-19T16:13:47.978Z: Config queue count : 13
2023-04-19T16:13:47.979Z: payload : 6
2023-04-19T16:13:48.245Z: Config queue count : 13
2023-04-19T16:13:48.246Z: payload : 7
2023-04-19T16:13:48.481Z: Config queue count : 13
2023-04-19T16:13:48.481Z: payload : 8
2023-04-19T16:13:48.629Z: Config queue count : 13
2023-04-19T16:13:48.629Z: payload : 9
2023-04-19T16:13:48.747Z: Config queue count : 13
2023-04-19T16:13:48.747Z: payload : 10
2023-04-19T16:13:48.879Z: Config queue count : 13
2023-04-19T16:13:48.879Z: payload : 11
2023-04-19T16:13:49.000Z: Config queue count : 13
2023-04-19T16:13:49.000Z: payload : 12
2023-04-19T16:13:49.296Z: Config queue count : 13
2023-04-19T16:13:49.296Z: payload : 13
2023-04-19T16:13:59.317Z: Config queue count : 0
2023-04-19T16:13:59.317Z: payload : 12
2023-04-19T16:13:59.319Z: Config queue count : 0
2023-04-19T16:13:59.319Z: payload : 11
2023-04-19T16:13:59.320Z: Config queue count : 0
2023-04-19T16:13:59.320Z: payload : 10
2023-04-19T16:13:59.322Z: Config queue count : 0
2023-04-19T16:13:59.322Z: payload : 9
2023-04-19T16:13:59.323Z: Config queue count : 0
2023-04-19T16:13:59.323Z: payload : 8
2023-04-19T16:13:59.325Z: Config queue count : 0
2023-04-19T16:13:59.325Z: payload : 7
2023-04-19T16:13:59.333Z: Config queue count : 0
2023-04-19T16:13:59.333Z: payload : 6
2023-04-19T16:13:59.336Z: Config queue count : 0
2023-04-19T16:13:59.336Z: payload : 6
2023-04-19T16:13:59.336Z: Config queue count : 0
2023-04-19T16:13:59.336Z: payload : 6
2023-04-19T16:13:59.338Z: Config queue count : 0
2023-04-19T16:13:59.338Z: payload : 6
2023-04-19T16:13:59.340Z: Config queue count : 0
2023-04-19T16:13:59.340Z: payload : 2
2023-04-19T16:13:59.341Z: Config queue count : 0
2023-04-19T16:13:59.341Z: payload : 1
2023-04-19T16:13:59.349Z: Config queue count : 0
2023-04-19T16:13:59.349Z: payload : 6
2023-04-19T16:13:59.349Z: Config queue count : 0
2023-04-19T16:13:59.349Z: payload : 4
2023-04-19T16:13:59.349Z: Config queue count : 0
2023-04-19T16:13:59.349Z: payload : 5
2023-04-19T16:13:59.350Z: Config queue count : 0
2023-04-19T16:13:59.350Z: payload : 3
2023-04-19T16:14:14.934Z: Config queue count : 0
2023-04-19T16:14:14.934Z: payload : 0
2023-04-19T16:14:14.935Z: Config queue count : 0
2023-04-19T16:14:14.936Z: payload : 0
2023-04-19T16:14:14.937Z: Config queue count : 0
2023-04-19T16:14:14.937Z: payload : 0
2023-04-19T16:14:14.943Z: Config queue count : 0
2023-04-19T16:14:14.943Z: payload : 0
2023-04-19T16:14:14.943Z: Config queue count : 0
2023-04-19T16:14:14.943Z: payload : 0
2023-04-19T16:14:34.396Z: Listening on port 8041
2023-04-19T16:14:34.408Z: Successfully connected to {localhost}
2023-04-19T16:15:06.331Z: Listening on port 8041
2023-04-19T16:15:06.341Z: Successfully connected to {localhost}
2023-04-19T16:15:20.326Z: Listening on port 8041
2023-04-19T16:15:20.337Z: Successfully connected to {localhost}
2023-04-19T16:16:31.034Z: Listening on port 8041
2023-04-19T16:16:31.054Z: Successfully connected to {localhost}
2023-04-19T16:17:46.058Z: Error connecting to {data-platform.ckghnqcooulj.ap-southeast-1.redshift.amazonaws.com}
2023-04-19T16:20:01.105Z: Error connecting to {data-platform.ckghnqcooulj.ap-southeast-1.redshift.amazonaws.com}
2023-04-19T16:22:16.193Z: Error connecting to {data-platform.ckghnqcooulj.ap-southeast-1.redshift.amazonaws.com}
2023-04-19T16:24:31.237Z: Error connecting to {data-platform.ckghnqcooulj.ap-southeast-1.redshift.amazonaws.com}
2023-04-19T16:26:46.293Z: Error connecting to {data-platform.ckghnqcooulj.ap-southeast-1.redshift.amazonaws.com}
2023-04-19T16:29:01.340Z: Error connecting to {data-platform.ckghnqcooulj.ap-southeast-1.redshift.amazonaws.com}
2023-04-19T16:30:32.875Z: Listening on port 8041
2023-04-19T16:30:32.891Z: Successfully connected to {localhost}
2023-04-19T16:30:41.562Z: {"statusCode":200,"status":true,"message":"Config Added","data":[]}
2023-04-19T16:30:51.567Z: Config queue count : 1
2023-04-19T16:30:51.567Z: payload : 1
2023-04-19T16:31:01.584Z: Config queue count : 0
2023-04-19T16:31:01.584Z: payload : 0
2023-04-19T16:31:47.879Z: Error connecting to {data-platform.ckghnqcooulj.ap-southeast-1.redshift.amazonaws.com}
2023-04-19T16:32:07.114Z: Listening on port 8041
2023-04-19T16:32:07.127Z: Successfully connected to {localhost}
2023-04-19T16:33:22.135Z: Error connecting to {data-platform.ckghnqcooulj.ap-southeast-1.redshift.amazonaws.com}
2023-04-19T16:35:37.215Z: Error connecting to {data-platform.ckghnqcooulj.ap-southeast-1.redshift.amazonaws.com}
2023-04-19T16:37:52.271Z: Error connecting to {data-platform.ckghnqcooulj.ap-southeast-1.redshift.amazonaws.com}
2023-04-19T16:39:11.571Z: {"statusCode":200,"status":true,"message":"Config Added","data":[]}
2023-04-19T16:39:11.677Z: {"statusCode":200,"status":true,"message":"Config Added","data":[]}
2023-04-19T16:39:11.795Z: {"statusCode":200,"status":true,"message":"Config Added","data":[]}
2023-04-19T16:39:11.911Z: {"statusCode":200,"status":true,"message":"Config Added","data":[]}
2023-04-19T16:39:12.044Z: {"statusCode":200,"status":true,"message":"Config Added","data":[]}
2023-04-19T16:39:12.183Z: {"statusCode":200,"status":true,"message":"Config Added","data":[]}
2023-04-19T16:39:12.295Z: {"statusCode":200,"status":true,"message":"Config Added","data":[]}
2023-04-19T16:39:12.428Z: {"statusCode":200,"status":true,"message":"Config Added","data":[]}
2023-04-19T16:39:12.662Z: {"statusCode":200,"status":true,"message":"Config Added","data":[]}
2023-04-19T16:39:12.796Z: {"statusCode":200,"status":true,"message":"Config Added","data":[]}
2023-04-19T16:39:12.910Z: {"statusCode":200,"status":true,"message":"Config Added","data":[]}
2023-04-19T16:39:13.061Z: {"statusCode":200,"status":true,"message":"Config Added","data":[]}
2023-04-19T16:39:21.573Z: Config queue count : 12
2023-04-19T16:39:21.573Z: payload : 1
2023-04-19T16:39:21.679Z: Config queue count : 12
2023-04-19T16:39:21.679Z: payload : 2
2023-04-19T16:39:21.798Z: Config queue count : 12
2023-04-19T16:39:21.798Z: payload : 3
2023-04-19T16:39:21.914Z: Config queue count : 12
2023-04-19T16:39:21.914Z: payload : 4
2023-04-19T16:39:22.046Z: Config queue count : 12
2023-04-19T16:39:22.046Z: payload : 5
2023-04-19T16:39:22.184Z: Config queue count : 12
2023-04-19T16:39:22.184Z: payload : 6
2023-04-19T16:39:22.301Z: Config queue count : 12
2023-04-19T16:39:22.301Z: payload : 7
2023-04-19T16:39:22.431Z: Config queue count : 12
2023-04-19T16:39:22.431Z: payload : 8
2023-04-19T16:39:22.665Z: Config queue count : 12
2023-04-19T16:39:22.665Z: payload : 9
2023-04-19T16:39:22.797Z: Config queue count : 12
2023-04-19T16:39:22.797Z: payload : 10
2023-04-19T16:39:22.913Z: Config queue count : 12
2023-04-19T16:39:22.913Z: payload : 11
2023-04-19T16:39:23.063Z: Config queue count : 12
2023-04-19T16:39:23.064Z: payload : 12
2023-04-19T16:39:33.088Z: Config queue count : 0
2023-04-19T16:39:33.088Z: payload : 11
2023-04-19T16:39:33.090Z: Config queue count : 0
2023-04-19T16:39:33.090Z: payload : 10
2023-04-19T16:39:33.091Z: Config queue count : 0
2023-04-19T16:39:33.091Z: payload : 9
2023-04-19T16:39:33.092Z: Config queue count : 0
2023-04-19T16:39:33.092Z: payload : 8
2023-04-19T16:39:33.092Z: Config queue count : 0
2023-04-19T16:39:33.093Z: payload : 7
2023-04-19T16:39:33.106Z: Config queue count : 0
2023-04-19T16:39:33.106Z: payload : 6
2023-04-19T16:39:33.106Z: Config queue count : 0
2023-04-19T16:39:33.106Z: payload : 6
2023-04-19T16:39:33.106Z: Config queue count : 0
2023-04-19T16:39:33.106Z: payload : 5
2023-04-19T16:39:33.108Z: Config queue count : 0
2023-04-19T16:39:33.108Z: payload : 6
2023-04-19T16:39:33.109Z: Config queue count : 0
2023-04-19T16:39:33.109Z: payload : 2
2023-04-19T16:39:33.109Z: Config queue count : 0
2023-04-19T16:39:33.109Z: payload : 1
2023-04-19T16:39:33.109Z: Config queue count : 0
2023-04-19T16:39:33.109Z: payload : 3
2023-04-19T16:39:33.121Z: Config queue count : 0
2023-04-19T16:39:33.121Z: payload : 5
2023-04-19T16:39:33.121Z: Config queue count : 0
2023-04-19T16:39:33.121Z: payload : 5
2023-04-19T16:39:33.121Z: Config queue count : 0
2023-04-19T16:39:33.121Z: payload : 1
2023-04-19T16:40:07.355Z: Error connecting to {data-platform.ckghnqcooulj.ap-southeast-1.redshift.amazonaws.com}
2023-04-19T16:40:38.703Z: Listening on port 8041
2023-04-19T16:40:38.715Z: Successfully connected to {localhost}
2023-04-19T16:41:53.709Z: Error connecting to {data-platform.ckghnqcooulj.ap-southeast-1.redshift.amazonaws.com}
2023-04-19T16:44:08.757Z: Error connecting to {data-platform.ckghnqcooulj.ap-southeast-1.redshift.amazonaws.com}
2023-04-19T16:46:23.763Z: Error connecting to {data-platform.ckghnqcooulj.ap-southeast-1.redshift.amazonaws.com}
2023-04-19T16:48:38.819Z: Error connecting to {data-platform.ckghnqcooulj.ap-southeast-1.redshift.amazonaws.com}
2023-04-19T16:50:53.865Z: Error connecting to {data-platform.ckghnqcooulj.ap-southeast-1.redshift.amazonaws.com}
2023-04-19T16:53:08.923Z: Error connecting to {data-platform.ckghnqcooulj.ap-southeast-1.redshift.amazonaws.com}
2023-04-19T16:55:23.973Z: Error connecting to {data-platform.ckghnqcooulj.ap-southeast-1.redshift.amazonaws.com}
2023-04-19T16:57:39.018Z: Error connecting to {data-platform.ckghnqcooulj.ap-southeast-1.redshift.amazonaws.com}
2023-04-19T16:59:54.107Z: Error connecting to {data-platform.ckghnqcooulj.ap-southeast-1.redshift.amazonaws.com}
2023-04-19T17:02:09.164Z: Error connecting to {data-platform.ckghnqcooulj.ap-southeast-1.redshift.amazonaws.com}
2023-04-19T17:04:24.211Z: Error connecting to {data-platform.ckghnqcooulj.ap-southeast-1.redshift.amazonaws.com}
2023-04-19T17:06:39.250Z: Error connecting to {data-platform.ckghnqcooulj.ap-southeast-1.redshift.amazonaws.com}
2023-04-19T17:08:54.304Z: Error connecting to {data-platform.ckghnqcooulj.ap-southeast-1.redshift.amazonaws.com}
2023-04-19T17:11:09.357Z: Error connecting to {data-platform.ckghnqcooulj.ap-southeast-1.redshift.amazonaws.com}
2023-04-19T17:13:24.414Z: Error connecting to {data-platform.ckghnqcooulj.ap-southeast-1.redshift.amazonaws.com}
2023-04-19T17:15:39.468Z: Error connecting to {data-platform.ckghnqcooulj.ap-southeast-1.redshift.amazonaws.com}
2023-04-19T17:17:54.513Z: Error connecting to {data-platform.ckghnqcooulj.ap-southeast-1.redshift.amazonaws.com}
2023-04-19T17:20:09.612Z: Error connecting to {data-platform.ckghnqcooulj.ap-southeast-1.redshift.amazonaws.com}
2023-04-19T17:22:24.429Z: Error connecting to {data-platform.ckghnqcooulj.ap-southeast-1.redshift.amazonaws.com}
2023-04-19T17:24:39.470Z: Error connecting to {data-platform.ckghnqcooulj.ap-southeast-1.redshift.amazonaws.com}
2023-04-19T17:26:54.523Z: Error connecting to {data-platform.ckghnqcooulj.ap-southeast-1.redshift.amazonaws.com}
2023-04-19T17:29:09.559Z: Error connecting to {data-platform.ckghnqcooulj.ap-southeast-1.redshift.amazonaws.com}
2023-04-19T17:31:24.593Z: Error connecting to {data-platform.ckghnqcooulj.ap-southeast-1.redshift.amazonaws.com}
2023-04-19T17:33:39.632Z: Error connecting to {data-platform.ckghnqcooulj.ap-southeast-1.redshift.amazonaws.com}
2023-04-19T17:35:54.669Z: Error connecting to {data-platform.ckghnqcooulj.ap-southeast-1.redshift.amazonaws.com}
2023-04-19T17:38:10.018Z: Error connecting to {data-platform.ckghnqcooulj.ap-southeast-1.redshift.amazonaws.com}
2023-04-19T17:40:25.072Z: Error connecting to {data-platform.ckghnqcooulj.ap-southeast-1.redshift.amazonaws.com}
2023-04-19T17:42:40.117Z: Error connecting to {data-platform.ckghnqcooulj.ap-southeast-1.redshift.amazonaws.com}
2023-04-19T17:44:55.176Z: Error connecting to {data-platform.ckghnqcooulj.ap-southeast-1.redshift.amazonaws.com}
2023-04-19T17:47:10.174Z: Error connecting to {data-platform.ckghnqcooulj.ap-southeast-1.redshift.amazonaws.com}
2023-04-19T19:46:59.260Z: Error connecting to {data-platform.ckghnqcooulj.ap-southeast-1.redshift.amazonaws.com}
2023-04-20T02:35:21.915Z: Error connecting to {data-platform.ckghnqcooulj.ap-southeast-1.redshift.amazonaws.com}
2023-04-20T02:37:36.721Z: Error connecting to {data-platform.ckghnqcooulj.ap-southeast-1.redshift.amazonaws.com}
2023-04-20T02:39:51.819Z: Error connecting to {data-platform.ckghnqcooulj.ap-southeast-1.redshift.amazonaws.com}
2023-04-20T02:42:06.901Z: Error connecting to {data-platform.ckghnqcooulj.ap-southeast-1.redshift.amazonaws.com}
2023-04-20T02:44:21.939Z: Error connecting to {data-platform.ckghnqcooulj.ap-southeast-1.redshift.amazonaws.com}
2023-04-20T02:46:36.975Z: Error connecting to {data-platform.ckghnqcooulj.ap-southeast-1.redshift.amazonaws.com}
2023-04-20T02:48:52.035Z: Error connecting to {data-platform.ckghnqcooulj.ap-southeast-1.redshift.amazonaws.com}
2023-04-20T02:51:07.188Z: Error connecting to {data-platform.ckghnqcooulj.ap-southeast-1.redshift.amazonaws.com}
2023-04-20T03:08:14.403Z: Error connecting to {data-platform.ckghnqcooulj.ap-southeast-1.redshift.amazonaws.com}
2023-04-20T03:10:29.607Z: Error connecting to {data-platform.ckghnqcooulj.ap-southeast-1.redshift.amazonaws.com}
2023-04-20T03:12:44.715Z: Error connecting to {data-platform.ckghnqcooulj.ap-southeast-1.redshift.amazonaws.com}
2023-04-20T03:14:59.808Z: Error connecting to {data-platform.ckghnqcooulj.ap-southeast-1.redshift.amazonaws.com}
2023-04-20T03:17:14.913Z: Error connecting to {data-platform.ckghnqcooulj.ap-southeast-1.redshift.amazonaws.com}
2023-04-20T03:52:23.572Z: Error connecting to {data-platform.ckghnqcooulj.ap-southeast-1.redshift.amazonaws.com}
2023-04-20T03:54:38.670Z: Error connecting to {data-platform.ckghnqcooulj.ap-southeast-1.redshift.amazonaws.com}
2023-04-20T03:56:53.711Z: Error connecting to {data-platform.ckghnqcooulj.ap-southeast-1.redshift.amazonaws.com}
2023-04-20T03:59:08.774Z: Error connecting to {data-platform.ckghnqcooulj.ap-southeast-1.redshift.amazonaws.com}
2023-04-20T04:01:23.976Z: Error connecting to {data-platform.ckghnqcooulj.ap-southeast-1.redshift.amazonaws.com}
2023-04-20T04:03:39.067Z: Error connecting to {data-platform.ckghnqcooulj.ap-southeast-1.redshift.amazonaws.com}
2023-04-20T04:05:54.108Z: Error connecting to {data-platform.ckghnqcooulj.ap-southeast-1.redshift.amazonaws.com}
2023-04-20T04:08:09.146Z: Error connecting to {data-platform.ckghnqcooulj.ap-southeast-1.redshift.amazonaws.com}
2023-04-20T04:10:24.405Z: Error connecting to {data-platform.ckghnqcooulj.ap-southeast-1.redshift.amazonaws.com}
2023-04-20T04:12:39.449Z: Error connecting to {data-platform.ckghnqcooulj.ap-southeast-1.redshift.amazonaws.com}
2023-04-20T04:14:54.571Z: Error connecting to {data-platform.ckghnqcooulj.ap-southeast-1.redshift.amazonaws.com}
2023-04-20T04:17:09.627Z: Error connecting to {data-platform.ckghnqcooulj.ap-southeast-1.redshift.amazonaws.com}
2023-04-20T04:19:24.698Z: Error connecting to {data-platform.ckghnqcooulj.ap-southeast-1.redshift.amazonaws.com}
2023-04-20T04:21:39.751Z: Error connecting to {data-platform.ckghnqcooulj.ap-southeast-1.redshift.amazonaws.com}
2023-04-20T04:23:54.763Z: Error connecting to {data-platform.ckghnqcooulj.ap-southeast-1.redshift.amazonaws.com}
2023-04-20T04:26:09.832Z: Error connecting to {data-platform.ckghnqcooulj.ap-southeast-1.redshift.amazonaws.com}
2023-04-20T04:27:34.690Z: Listening on port 8041
2023-04-20T04:27:34.699Z: Successfully connected to {localhost}
2023-04-20T04:28:49.692Z: Error connecting to {data-platform.ckghnqcooulj.ap-southeast-1.redshift.amazonaws.com}
2023-04-20T04:31:04.740Z: Error connecting to {data-platform.ckghnqcooulj.ap-southeast-1.redshift.amazonaws.com}
2023-04-20T04:33:19.807Z: Error connecting to {data-platform.ckghnqcooulj.ap-southeast-1.redshift.amazonaws.com}
2023-04-20T04:34:37.997Z: Listening on port 8041
2023-04-20T04:34:38.006Z: Successfully connected to {localhost}
2023-04-20T04:35:52.999Z: Error connecting to {data-platform.ckghnqcooulj.ap-southeast-1.redshift.amazonaws.com}
2023-04-20T04:38:08.046Z: Error connecting to {data-platform.ckghnqcooulj.ap-southeast-1.redshift.amazonaws.com}
2023-04-20T04:40:23.085Z: Error connecting to {data-platform.ckghnqcooulj.ap-southeast-1.redshift.amazonaws.com}
2023-04-20T04:40:45.721Z: Listening on port 8041
2023-04-20T04:40:45.729Z: Successfully connected to {localhost}
2023-04-20T04:42:00.722Z: Error connecting to {data-platform.ckghnqcooulj.ap-southeast-1.redshift.amazonaws.com}
2023-04-20T04:44:15.773Z: Error connecting to {data-platform.ckghnqcooulj.ap-southeast-1.redshift.amazonaws.com}
2023-04-20T04:46:30.832Z: Error connecting to {data-platform.ckghnqcooulj.ap-southeast-1.redshift.amazonaws.com}
2023-04-20T04:48:45.898Z: Error connecting to {data-platform.ckghnqcooulj.ap-southeast-1.redshift.amazonaws.com}
2023-04-20T04:49:43.266Z: Listening on port 8041
2023-04-20T04:49:43.275Z: Successfully connected to {localhost}
2023-04-20T04:50:36.803Z: Listening on port 8041
2023-04-20T04:50:36.814Z: Successfully connected to {localhost}
2023-04-20T04:51:31.318Z: Listening on port 8041
2023-04-20T04:51:31.327Z: Successfully connected to {localhost}
2023-04-20T04:52:46.320Z: Error connecting to {data-platform.ckghnqcooulj.ap-southeast-1.redshift.amazonaws.com}
2023-04-20T04:53:15.465Z: Listening on port 8041
2023-04-20T04:53:15.474Z: Successfully connected to {localhost}
2023-04-20T04:54:03.473Z: Listening on port 8041
2023-04-20T04:54:03.482Z: Successfully connected to {localhost}
2023-04-20T04:54:42.018Z: Listening on port 8041
2023-04-20T04:54:42.028Z: Successfully connected to {localhost}
2023-04-20T04:55:18.945Z: Listening on port 8041
2023-04-20T04:55:18.953Z: Successfully connected to {localhost}
2023-04-20T04:55:48.647Z: Listening on port 8041
2023-04-20T04:55:48.657Z: Successfully connected to {localhost}
2023-04-20T04:56:19.313Z: Listening on port 8041
2023-04-20T04:56:19.321Z: Successfully connected to {localhost}
2023-04-20T04:57:19.293Z: Listening on port 8041
2023-04-20T04:57:19.302Z: Successfully connected to {localhost}
2023-04-20T04:58:21.602Z: Listening on port 8041
2023-04-20T04:58:21.613Z: Successfully connected to {localhost}
2023-04-20T04:59:02.154Z: Listening on port 8041
2023-04-20T04:59:02.164Z: Successfully connected to {localhost}
2023-04-20T05:00:17.157Z: Error connecting to {data-platform.ckghnqcooulj.ap-southeast-1.redshift.amazonaws.com}
2023-04-20T05:02:32.199Z: Error connecting to {data-platform.ckghnqcooulj.ap-southeast-1.redshift.amazonaws.com}
2023-04-20T05:04:47.264Z: Error connecting to {data-platform.ckghnqcooulj.ap-southeast-1.redshift.amazonaws.com}
2023-04-20T05:05:34.314Z: Listening on port 8041
2023-04-20T05:05:34.323Z: Successfully connected to {localhost}
2023-04-20T05:06:49.315Z: Error connecting to {data-platform.ckghnqcooulj.ap-southeast-1.redshift.amazonaws.com}
2023-04-20T05:09:04.370Z: Error connecting to {data-platform.ckghnqcooulj.ap-southeast-1.redshift.amazonaws.com}
2023-04-20T05:11:19.418Z: Error connecting to {data-platform.ckghnqcooulj.ap-southeast-1.redshift.amazonaws.com}
2023-04-20T05:13:34.529Z: Error connecting to {data-platform.ckghnqcooulj.ap-southeast-1.redshift.amazonaws.com}
2023-04-20T05:15:49.661Z: Error connecting to {data-platform.ckghnqcooulj.ap-southeast-1.redshift.amazonaws.com}
2023-04-20T05:18:04.767Z: Error connecting to {data-platform.ckghnqcooulj.ap-southeast-1.redshift.amazonaws.com}
2023-04-20T05:20:19.815Z: Error connecting to {data-platform.ckghnqcooulj.ap-southeast-1.redshift.amazonaws.com}
2023-04-20T05:22:34.863Z: Error connecting to {data-platform.ckghnqcooulj.ap-southeast-1.redshift.amazonaws.com}
2023-04-20T05:24:49.920Z: Error connecting to {data-platform.ckghnqcooulj.ap-southeast-1.redshift.amazonaws.com}
2023-04-20T05:27:04.967Z: Error connecting to {data-platform.ckghnqcooulj.ap-southeast-1.redshift.amazonaws.com}
2023-04-20T05:29:20.175Z: Error connecting to {data-platform.ckghnqcooulj.ap-southeast-1.redshift.amazonaws.com}
2023-04-20T05:31:35.218Z: Error connecting to {data-platform.ckghnqcooulj.ap-southeast-1.redshift.amazonaws.com}
2023-04-20T05:33:50.534Z: Error connecting to {data-platform.ckghnqcooulj.ap-southeast-1.redshift.amazonaws.com}
2023-04-20T05:36:05.625Z: Error connecting to {data-platform.ckghnqcooulj.ap-southeast-1.redshift.amazonaws.com}
2023-04-20T05:37:06.572Z: Successfully connected to {data-platform.ckghnqcooulj.ap-southeast-1.redshift.amazonaws.com}
2023-04-20T05:47:27.814Z: Listening on port 8041
2023-04-20T05:47:27.824Z: Successfully connected to {localhost}
2023-04-20T05:48:42.848Z: Error connecting to {data-platform.ckghnqcooulj.ap-southeast-1.redshift.amazonaws.com}
2023-04-20T05:50:57.892Z: Error connecting to {data-platform.ckghnqcooulj.ap-southeast-1.redshift.amazonaws.com}
2023-04-20T05:52:52.794Z: Listening on port 8041
2023-04-20T05:52:52.805Z: Successfully connected to {localhost}
2023-04-20T05:53:19.633Z: Listening on port 8041
2023-04-20T05:53:19.643Z: Successfully connected to {localhost}
2023-04-20T05:54:34.635Z: Error connecting to {data-platform.ckghnqcooulj.ap-southeast-1.redshift.amazonaws.com}
2023-04-20T05:56:26.126Z: Error connecting to {data-platform.ckghnqcooulj.ap-southeast-1.redshift.amazonaws.com}
2023-04-20T05:58:32.910Z: Listening on port 8041
2023-04-20T05:58:32.956Z: Successfully connected to {localhost}
2023-04-20T05:58:42.827Z: Listening on port 8041
2023-04-20T05:58:42.836Z: Successfully connected to {localhost}
2023-04-20T05:59:23.394Z: Listening on port 8041
2023-04-20T05:59:23.405Z: Successfully connected to {localhost}
2023-04-20T06:00:34.915Z: Listening on port 8041
2023-04-20T06:00:34.923Z: Successfully connected to {localhost}
2023-04-20T06:01:33.671Z: Listening on port 8041
2023-04-20T06:01:33.680Z: Successfully connected to {localhost}
2023-04-20T06:02:48.237Z: Listening on port 8041
2023-04-20T06:02:48.249Z: Successfully connected to {localhost}
2023-04-20T06:02:59.131Z: Listening on port 8041
2023-04-20T06:02:59.142Z: Successfully connected to {localhost}
2023-04-20T06:04:14.137Z: Error connecting to {data-platform.ckghnqcooulj.ap-southeast-1.redshift.amazonaws.com}
2023-04-20T06:04:18.537Z: Listening on port 8041
2023-04-20T06:04:18.546Z: Successfully connected to {localhost}
2023-04-20T06:04:41.268Z: Listening on port 8041
2023-04-20T06:04:41.277Z: Successfully connected to {localhost}
2023-04-20T06:05:34.801Z: Listening on port 8041
2023-04-20T06:05:34.812Z: Successfully connected to {localhost}
2023-04-20T06:05:48.165Z: Listening on port 8041
2023-04-20T06:05:48.173Z: Successfully connected to {localhost}
2023-04-20T06:07:03.187Z: Error connecting to {data-platform.ckghnqcooulj.ap-southeast-1.redshift.amazonaws.com}
2023-04-20T06:09:18.275Z: Error connecting to {data-platform.ckghnqcooulj.ap-southeast-1.redshift.amazonaws.com}
2023-04-20T06:11:33.332Z: Error connecting to {data-platform.ckghnqcooulj.ap-southeast-1.redshift.amazonaws.com}
2023-04-20T06:13:48.398Z: Error connecting to {data-platform.ckghnqcooulj.ap-southeast-1.redshift.amazonaws.com}
2023-04-20T06:16:03.550Z: Error connecting to {data-platform.ckghnqcooulj.ap-southeast-1.redshift.amazonaws.com}
2023-04-20T06:18:18.565Z: Error connecting to {data-platform.ckghnqcooulj.ap-southeast-1.redshift.amazonaws.com}
2023-04-20T06:20:33.610Z: Error connecting to {data-platform.ckghnqcooulj.ap-southeast-1.redshift.amazonaws.com}
2023-04-20T06:22:48.665Z: Error connecting to {data-platform.ckghnqcooulj.ap-southeast-1.redshift.amazonaws.com}
2023-04-20T06:25:03.713Z: Error connecting to {data-platform.ckghnqcooulj.ap-southeast-1.redshift.amazonaws.com}
2023-04-20T06:27:18.806Z: Error connecting to {data-platform.ckghnqcooulj.ap-southeast-1.redshift.amazonaws.com}
2023-04-20T06:29:33.882Z: Error connecting to {data-platform.ckghnqcooulj.ap-southeast-1.redshift.amazonaws.com}
2023-04-20T06:31:48.926Z: Error connecting to {data-platform.ckghnqcooulj.ap-southeast-1.redshift.amazonaws.com}
2023-04-20T06:34:03.962Z: Error connecting to {data-platform.ckghnqcooulj.ap-southeast-1.redshift.amazonaws.com}
2023-04-20T06:36:19.005Z: Error connecting to {data-platform.ckghnqcooulj.ap-southeast-1.redshift.amazonaws.com}
2023-04-20T06:36:37.190Z: Listening on port 8041
2023-04-20T06:36:37.199Z: Successfully connected to {localhost}
2023-04-20T06:37:23.871Z: Listening on port 8041
2023-04-20T06:37:23.879Z: Successfully connected to {localhost}
2023-04-20T06:38:36.695Z: Listening on port 8041
2023-04-20T06:38:36.734Z: Successfully connected to {localhost}
2023-04-20T06:39:31.186Z: Listening on port 8041
2023-04-20T06:39:31.195Z: Successfully connected to {localhost}
2023-04-20T06:40:46.190Z: Error connecting to {data-platform.ckghnqcooulj.ap-southeast-1.redshift.amazonaws.com}
2023-04-20T06:43:01.239Z: Error connecting to {data-platform.ckghnqcooulj.ap-southeast-1.redshift.amazonaws.com}
2023-04-20T06:45:16.281Z: Error connecting to {data-platform.ckghnqcooulj.ap-southeast-1.redshift.amazonaws.com}
2023-04-20T06:47:31.331Z: Error connecting to {data-platform.ckghnqcooulj.ap-southeast-1.redshift.amazonaws.com}
2023-04-20T06:48:08.119Z: Listening on port 8041
2023-04-20T06:48:08.131Z: Successfully connected to {localhost}
2023-04-20T06:48:21.683Z: Listening on port 8041
2023-04-20T06:48:21.691Z: Successfully connected to {localhost}
2023-04-20T06:48:56.412Z: Listening on port 8041
2023-04-20T06:48:56.420Z: Successfully connected to {localhost}
2023-04-20T06:49:23.480Z: Listening on port 8041
2023-04-20T06:49:23.488Z: Successfully connected to {localhost}
2023-04-20T06:50:38.483Z: Error connecting to {data-platform.ckghnqcooulj.ap-southeast-1.redshift.amazonaws.com}
2023-04-20T06:52:53.524Z: Error connecting to {data-platform.ckghnqcooulj.ap-southeast-1.redshift.amazonaws.com}
2023-04-20T06:55:08.629Z: Error connecting to {data-platform.ckghnqcooulj.ap-southeast-1.redshift.amazonaws.com}
2023-04-20T06:57:23.686Z: Error connecting to {data-platform.ckghnqcooulj.ap-southeast-1.redshift.amazonaws.com}
2023-04-20T06:58:27.242Z: Listening on port 8041
2023-04-20T06:58:27.265Z: Successfully connected to {localhost}
2023-04-20T06:59:07.270Z: Listening on port 8041
2023-04-20T06:59:07.279Z: Successfully connected to {localhost}
2023-04-20T07:00:22.272Z: Error connecting to {data-platform.ckghnqcooulj.ap-southeast-1.redshift.amazonaws.com}
2023-04-20T07:00:24.643Z: Listening on port 8041
2023-04-20T07:00:24.652Z: Successfully connected to {localhost}
2023-04-20T07:01:39.645Z: Error connecting to {data-platform.ckghnqcooulj.ap-southeast-1.redshift.amazonaws.com}
2023-04-20T07:03:54.724Z: Error connecting to {data-platform.ckghnqcooulj.ap-southeast-1.redshift.amazonaws.com}
2023-04-20T07:06:10.081Z: Error connecting to {data-platform.ckghnqcooulj.ap-southeast-1.redshift.amazonaws.com}
2023-04-20T07:08:25.195Z: Error connecting to {data-platform.ckghnqcooulj.ap-southeast-1.redshift.amazonaws.com}
2023-04-20T07:10:40.287Z: Error connecting to {data-platform.ckghnqcooulj.ap-southeast-1.redshift.amazonaws.com}
2023-04-20T07:12:55.380Z: Error connecting to {data-platform.ckghnqcooulj.ap-southeast-1.redshift.amazonaws.com}
2023-04-20T07:15:10.494Z: Error connecting to {data-platform.ckghnqcooulj.ap-southeast-1.redshift.amazonaws.com}
2023-04-20T07:15:45.785Z: Listening on port 8041
2023-04-20T07:15:45.795Z: Successfully connected to {localhost}
2023-04-20T07:17:00.827Z: Error connecting to {data-platform.ckghnqcooulj.ap-southeast-1.redshift.amazonaws.com}
2023-04-20T07:19:15.922Z: Error connecting to {data-platform.ckghnqcooulj.ap-southeast-1.redshift.amazonaws.com}
2023-04-20T07:21:31.023Z: Error connecting to {data-platform.ckghnqcooulj.ap-southeast-1.redshift.amazonaws.com}
2023-04-20T07:23:46.117Z: Error connecting to {data-platform.ckghnqcooulj.ap-southeast-1.redshift.amazonaws.com}
2023-04-20T07:26:01.341Z: Error connecting to {data-platform.ckghnqcooulj.ap-southeast-1.redshift.amazonaws.com}
2023-04-20T07:28:16.439Z: Error connecting to {data-platform.ckghnqcooulj.ap-southeast-1.redshift.amazonaws.com}
2023-04-20T07:30:31.667Z: Error connecting to {data-platform.ckghnqcooulj.ap-southeast-1.redshift.amazonaws.com}
2023-04-20T09:13:09.624Z: Error connecting to {data-platform.ckghnqcooulj.ap-southeast-1.redshift.amazonaws.com}
2023-04-20T09:18:18.262Z: Error connecting to {data-platform.ckghnqcooulj.ap-southeast-1.redshift.amazonaws.com}
2023-04-20T09:20:33.360Z: Error connecting to {data-platform.ckghnqcooulj.ap-southeast-1.redshift.amazonaws.com}
2023-04-20T09:22:48.505Z: Error connecting to {data-platform.ckghnqcooulj.ap-southeast-1.redshift.amazonaws.com}
2023-04-20T09:25:03.705Z: Error connecting to {data-platform.ckghnqcooulj.ap-southeast-1.redshift.amazonaws.com}
2023-04-20T09:27:18.913Z: Error connecting to {data-platform.ckghnqcooulj.ap-southeast-1.redshift.amazonaws.com}
2023-04-20T09:29:34.319Z: Error connecting to {data-platform.ckghnqcooulj.ap-southeast-1.redshift.amazonaws.com}
2023-04-20T09:31:49.432Z: Error connecting to {data-platform.ckghnqcooulj.ap-southeast-1.redshift.amazonaws.com}
2023-04-20T09:34:04.538Z: Error connecting to {data-platform.ckghnqcooulj.ap-southeast-1.redshift.amazonaws.com}
2023-04-20T09:36:19.636Z: Error connecting to {data-platform.ckghnqcooulj.ap-southeast-1.redshift.amazonaws.com}
2023-04-20T09:38:34.752Z: Error connecting to {data-platform.ckghnqcooulj.ap-southeast-1.redshift.amazonaws.com}
2023-04-20T09:40:49.832Z: Error connecting to {data-platform.ckghnqcooulj.ap-southeast-1.redshift.amazonaws.com}
2023-04-20T09:43:04.932Z: Error connecting to {data-platform.ckghnqcooulj.ap-southeast-1.redshift.amazonaws.com}
2023-04-20T09:45:20.042Z: Error connecting to {data-platform.ckghnqcooulj.ap-southeast-1.redshift.amazonaws.com}
2023-04-20T09:47:35.144Z: Error connecting to {data-platform.ckghnqcooulj.ap-southeast-1.redshift.amazonaws.com}
2023-04-20T09:49:50.371Z: Error connecting to {data-platform.ckghnqcooulj.ap-southeast-1.redshift.amazonaws.com}
2023-04-20T09:52:05.474Z: Error connecting to {data-platform.ckghnqcooulj.ap-southeast-1.redshift.amazonaws.com}
2023-04-20T09:54:20.654Z: Error connecting to {data-platform.ckghnqcooulj.ap-southeast-1.redshift.amazonaws.com}
2023-04-20T09:56:35.951Z: Error connecting to {data-platform.ckghnqcooulj.ap-southeast-1.redshift.amazonaws.com}
2023-04-20T09:58:50.988Z: Error connecting to {data-platform.ckghnqcooulj.ap-southeast-1.redshift.amazonaws.com}
2023-04-20T10:01:06.031Z: Error connecting to {data-platform.ckghnqcooulj.ap-southeast-1.redshift.amazonaws.com}
2023-04-20T10:03:19.443Z: Listening on port 8041
2023-04-20T10:03:19.455Z: Successfully connected to {localhost}
2023-04-20T10:04:34.446Z: Error connecting to {data-platform.ckghnqcooulj.ap-southeast-1.redshift.amazonaws.com}
2023-04-20T10:05:43.240Z: Listening on port 8041
2023-04-20T10:05:43.271Z: Successfully connected to {localhost}
2023-04-20T10:06:58.544Z: Error connecting to {data-platform.ckghnqcooulj.ap-southeast-1.redshift.amazonaws.com}
2023-04-20T10:09:13.646Z: Error connecting to {data-platform.ckghnqcooulj.ap-southeast-1.redshift.amazonaws.com}
2023-04-20T10:10:59.599Z: Listening on port 8041
2023-04-20T10:10:59.610Z: Successfully connected to {localhost}
2023-04-20T10:12:14.627Z: Error connecting to {data-platform.ckghnqcooulj.ap-southeast-1.redshift.amazonaws.com}
2023-04-20T10:14:29.722Z: Error connecting to {data-platform.ckghnqcooulj.ap-southeast-1.redshift.amazonaws.com}
2023-04-20T10:16:44.835Z: Error connecting to {data-platform.ckghnqcooulj.ap-southeast-1.redshift.amazonaws.com}
2023-04-20T10:17:51.221Z: Listening on port 8041
2023-04-20T10:17:51.230Z: Successfully connected to {localhost}
2023-04-20T10:18:04.302Z: Listening on port 8041
2023-04-20T10:18:04.309Z: Successfully connected to {localhost}
2023-04-20T10:18:13.898Z: Listening on port 8041
2023-04-20T10:18:13.907Z: Successfully connected to {localhost}
2023-04-20T10:18:18.232Z: Listening on port 8041
2023-04-20T10:18:18.241Z: Successfully connected to {localhost}
2023-04-20T10:18:29.959Z: Listening on port 8041
2023-04-20T10:18:29.967Z: Successfully connected to {localhost}
2023-04-20T10:19:44.962Z: Error connecting to {data-platform.ckghnqcooulj.ap-southeast-1.redshift.amazonaws.com}
2023-04-20T10:22:00.055Z: Error connecting to {data-platform.ckghnqcooulj.ap-southeast-1.redshift.amazonaws.com}
2023-04-20T10:24:15.235Z: Error connecting to {data-platform.ckghnqcooulj.ap-southeast-1.redshift.amazonaws.com}
2023-04-20T10:26:30.569Z: Error connecting to {data-platform.ckghnqcooulj.ap-southeast-1.redshift.amazonaws.com}
2023-04-20T10:28:45.664Z: Error connecting to {data-platform.ckghnqcooulj.ap-southeast-1.redshift.amazonaws.com}
2023-04-20T10:31:00.774Z: Error connecting to {data-platform.ckghnqcooulj.ap-southeast-1.redshift.amazonaws.com}
2023-04-20T10:33:15.917Z: Error connecting to {data-platform.ckghnqcooulj.ap-southeast-1.redshift.amazonaws.com}
2023-04-20T10:35:31.011Z: Error connecting to {data-platform.ckghnqcooulj.ap-southeast-1.redshift.amazonaws.com}
2023-04-20T10:37:46.104Z: Error connecting to {data-platform.ckghnqcooulj.ap-southeast-1.redshift.amazonaws.com}
2023-04-20T10:40:01.195Z: Error connecting to {data-platform.ckghnqcooulj.ap-southeast-1.redshift.amazonaws.com}
2023-04-20T10:42:16.276Z: Error connecting to {data-platform.ckghnqcooulj.ap-southeast-1.redshift.amazonaws.com}
2023-04-20T10:44:31.380Z: Error connecting to {data-platform.ckghnqcooulj.ap-southeast-1.redshift.amazonaws.com}
2023-04-20T10:46:46.596Z: Error connecting to {data-platform.ckghnqcooulj.ap-southeast-1.redshift.amazonaws.com}
2023-04-20T10:49:02.050Z: Error connecting to {data-platform.ckghnqcooulj.ap-southeast-1.redshift.amazonaws.com}
2023-04-20T10:51:17.167Z: Error connecting to {data-platform.ckghnqcooulj.ap-southeast-1.redshift.amazonaws.com}
2023-04-20T10:53:32.257Z: Error connecting to {data-platform.ckghnqcooulj.ap-southeast-1.redshift.amazonaws.com}
2023-04-20T10:55:47.356Z: Error connecting to {data-platform.ckghnqcooulj.ap-southeast-1.redshift.amazonaws.com}
2023-04-20T10:58:02.443Z: Error connecting to {data-platform.ckghnqcooulj.ap-southeast-1.redshift.amazonaws.com}
2023-04-20T11:00:17.580Z: Error connecting to {data-platform.ckghnqcooulj.ap-southeast-1.redshift.amazonaws.com}
2023-04-20T11:02:32.707Z: Error connecting to {data-platform.ckghnqcooulj.ap-southeast-1.redshift.amazonaws.com}
2023-04-20T11:04:47.801Z: Error connecting to {data-platform.ckghnqcooulj.ap-southeast-1.redshift.amazonaws.com}
2023-04-20T11:07:02.912Z: Error connecting to {data-platform.ckghnqcooulj.ap-southeast-1.redshift.amazonaws.com}
2023-04-20T11:08:47.603Z: {"statusCode":200,"status":true,"message":"Config Added","data":[]}
2023-04-20T11:08:57.607Z: Config queue count : 1
2023-04-20T11:08:57.607Z: payload : 1
2023-04-20T11:09:07.655Z: Config queue count : 0
2023-04-20T11:09:07.655Z: payload : 0
2023-04-20T11:09:18.148Z: Error connecting to {data-platform.ckghnqcooulj.ap-southeast-1.redshift.amazonaws.com}
2023-04-20T11:10:13.234Z: Listening on port 8041
2023-04-20T11:10:13.243Z: Successfully connected to {localhost}
2023-04-20T11:11:28.324Z: Error connecting to {data-platform.ckghnqcooulj.ap-southeast-1.redshift.amazonaws.com}
2023-04-20T11:13:43.430Z: Error connecting to {data-platform.ckghnqcooulj.ap-southeast-1.redshift.amazonaws.com}
2023-04-20T11:15:58.623Z: Error connecting to {data-platform.ckghnqcooulj.ap-southeast-1.redshift.amazonaws.com}
2023-04-20T11:18:13.713Z: Error connecting to {data-platform.ckghnqcooulj.ap-southeast-1.redshift.amazonaws.com}
2023-04-20T11:20:28.808Z: Error connecting to {data-platform.ckghnqcooulj.ap-southeast-1.redshift.amazonaws.com}
2023-04-20T11:22:43.893Z: Error connecting to {data-platform.ckghnqcooulj.ap-southeast-1.redshift.amazonaws.com}
2023-04-20T11:24:59.032Z: Error connecting to {data-platform.ckghnqcooulj.ap-southeast-1.redshift.amazonaws.com}
2023-04-20T11:27:14.192Z: Error connecting to {data-platform.ckghnqcooulj.ap-southeast-1.redshift.amazonaws.com}
2023-04-20T11:29:29.291Z: Error connecting to {data-platform.ckghnqcooulj.ap-southeast-1.redshift.amazonaws.com}
2023-04-20T11:31:15.006Z: Listening on port 8041
2023-04-20T11:31:15.034Z: Successfully connected to {localhost}
2023-04-20T11:32:30.011Z: Error connecting to {data-platform.ckghnqcooulj.ap-southeast-1.redshift.amazonaws.com}
2023-04-20T11:34:45.097Z: Error connecting to {data-platform.ckghnqcooulj.ap-southeast-1.redshift.amazonaws.com}
2023-04-20T11:35:48.477Z: Listening on port 8041
2023-04-20T11:35:48.494Z: Successfully connected to {localhost}
2023-04-20T11:36:56.572Z: Listening on port 8041
2023-04-20T11:36:56.588Z: Successfully connected to {localhost}
2023-04-20T11:38:11.574Z: Error connecting to {data-platform.ckghnqcooulj.ap-southeast-1.redshift.amazonaws.com}
2023-04-20T11:40:26.651Z: Error connecting to {data-platform.ckghnqcooulj.ap-southeast-1.redshift.amazonaws.com}
2023-04-20T11:41:23.804Z: Listening on port 8041
2023-04-20T11:41:23.815Z: Successfully connected to {localhost}
2023-04-20T11:42:38.807Z: Error connecting to {data-platform.ckghnqcooulj.ap-southeast-1.redshift.amazonaws.com}
2023-04-20T11:43:08.314Z: Listening on port 8041
2023-04-20T11:43:08.329Z: Successfully connected to {localhost}
2023-04-20T11:43:56.194Z: Listening on port 8041
2023-04-20T11:43:56.208Z: Successfully connected to {localhost}
2023-04-20T11:44:15.530Z: Listening on port 8041
2023-04-20T11:44:15.540Z: Successfully connected to {localhost}
2023-04-20T11:45:02.156Z: Listening on port 8041
2023-04-20T11:45:02.172Z: Successfully connected to {localhost}
2023-04-20T11:46:17.159Z: Error connecting to {data-platform.ckghnqcooulj.ap-southeast-1.redshift.amazonaws.com}
2023-04-20T11:48:20.830Z: Listening on port 8041
2023-04-20T11:48:20.841Z: Successfully connected to {localhost}
2023-04-20T11:48:38.786Z: Listening on port 8041
2023-04-20T11:48:38.799Z: Successfully connected to {localhost}
2023-04-20T11:49:53.796Z: Error connecting to {data-platform.ckghnqcooulj.ap-southeast-1.redshift.amazonaws.com}
2023-04-20T11:52:08.904Z: Error connecting to {data-platform.ckghnqcooulj.ap-southeast-1.redshift.amazonaws.com}
2023-04-20T11:54:23.905Z: Error connecting to {data-platform.ckghnqcooulj.ap-southeast-1.redshift.amazonaws.com}
2023-04-20T11:56:38.997Z: Error connecting to {data-platform.ckghnqcooulj.ap-southeast-1.redshift.amazonaws.com}
2023-04-20T11:58:54.198Z: Error connecting to {data-platform.ckghnqcooulj.ap-southeast-1.redshift.amazonaws.com}
2023-04-20T11:59:30.990Z: Config queue count : 0
2023-04-20T11:59:30.990Z: payload : 0
2023-04-20T11:59:30.990Z: Config queue count : 0
2023-04-20T11:59:30.990Z: payload : 0
2023-04-20T11:59:30.990Z: Config queue count : 0
2023-04-20T11:59:30.990Z: payload : 0
2023-04-20T11:59:30.990Z: Config queue count : 0
2023-04-20T11:59:30.991Z: payload : 0
2023-04-20T11:59:30.991Z: Config queue count : 0
2023-04-20T11:59:30.991Z: payload : 0
2023-04-20T11:59:30.991Z: Config queue count : 0
2023-04-20T11:59:30.991Z: payload : 0
2023-04-20T11:59:30.991Z: Config queue count : 0
2023-04-20T11:59:30.991Z: payload : 0
2023-04-20T12:00:04.341Z: Listening on port 8041
2023-04-20T12:00:04.356Z: Successfully connected to {localhost}
2023-04-20T12:00:17.684Z: Listening on port 8041
2023-04-20T12:00:17.694Z: Successfully connected to {localhost}
2023-04-20T12:01:32.687Z: Error connecting to {data-platform.ckghnqcooulj.ap-southeast-1.redshift.amazonaws.com}
2023-04-20T12:02:44.742Z: Listening on port 8041
2023-04-20T12:02:44.750Z: Successfully connected to {localhost}
2023-04-20T12:03:11.664Z: Config queue count : 0
2023-04-20T12:03:11.664Z: payload : 0
2023-04-20T12:03:11.665Z: Config queue count : 0
2023-04-20T12:03:11.665Z: payload : 0
2023-04-20T12:03:11.665Z: Config queue count : 0
2023-04-20T12:03:11.665Z: payload : 0
2023-04-20T12:03:15.907Z: Listening on port 8041
2023-04-20T12:03:15.917Z: Successfully connected to {localhost}
2023-04-20T12:03:46.394Z: Config queue count : 0
2023-04-20T12:03:46.394Z: payload : 0
2023-04-20T12:04:30.910Z: Error connecting to {data-platform.ckghnqcooulj.ap-southeast-1.redshift.amazonaws.com}
2023-04-20T12:06:45.961Z: Error connecting to {data-platform.ckghnqcooulj.ap-southeast-1.redshift.amazonaws.com}
2023-04-20T12:09:01.000Z: Error connecting to {data-platform.ckghnqcooulj.ap-southeast-1.redshift.amazonaws.com}
2023-04-20T12:09:49.475Z: Listening on port 8041
2023-04-20T12:09:49.484Z: Successfully connected to {localhost}
2023-04-20T12:10:35.007Z: Listening on port 8041
2023-04-20T12:10:35.015Z: Successfully connected to {localhost}
2023-04-20T12:11:41.272Z: Listening on port 8041
2023-04-20T12:11:41.281Z: Successfully connected to {localhost}
2023-04-20T12:12:56.372Z: Error connecting to {data-platform.ckghnqcooulj.ap-southeast-1.redshift.amazonaws.com}
2023-04-20T12:15:11.700Z: Error connecting to {data-platform.ckghnqcooulj.ap-southeast-1.redshift.amazonaws.com}
2023-04-20T12:17:26.860Z: Error connecting to {data-platform.ckghnqcooulj.ap-southeast-1.redshift.amazonaws.com}
2023-04-20T12:18:50.528Z: Listening on port 8041
2023-04-20T12:18:50.544Z: Successfully connected to {localhost}
2023-04-20T12:18:55.090Z: Successfully connected to {data-platform.ckghnqcooulj.ap-southeast-1.redshift.amazonaws.com}
2023-04-20T12:18:59.880Z: Listening on port 8041
2023-04-20T12:18:59.889Z: Successfully connected to {localhost}
2023-04-20T12:19:00.858Z: Successfully connected to {data-platform.ckghnqcooulj.ap-southeast-1.redshift.amazonaws.com}
2023-04-20T12:19:33.356Z: Listening on port 8041
2023-04-20T12:19:33.365Z: Successfully connected to {localhost}
2023-04-20T12:20:37.594Z: Listening on port 8041
2023-04-20T12:20:37.603Z: Successfully connected to {localhost}
2023-04-20T12:20:41.779Z: Successfully connected to {data-platform.ckghnqcooulj.ap-southeast-1.redshift.amazonaws.com}
2023-04-20T12:21:30.364Z: Listening on port 8041
2023-04-20T12:21:30.372Z: Successfully connected to {localhost}
2023-04-20T12:21:32.629Z: Successfully connected to {data-platform.ckghnqcooulj.ap-southeast-1.redshift.amazonaws.com}
2023-04-20T12:22:22.087Z: {"statusCode":200,"status":true,"message":"Config Added","data":[]}
2023-04-20T12:22:32.098Z: Config queue count : 1
2023-04-20T12:22:32.098Z: payload : 1
2023-04-20T12:22:42.116Z: Config queue count : 0
2023-04-20T12:22:42.116Z: payload : 0
2023-04-20T12:22:46.250Z: Status : s2nydfrq976541 Sent, Campaign : test trigger
2023-04-20T12:22:46.336Z: Status : s2poyuqr641549 Sent, Campaign : test trigger
2023-04-20T12:22:46.337Z: Status : s2mmgmqv584475 Failed, Campaign : test trigger
2023-04-20T12:22:47.819Z: Status : s2oxutki739774 Failed, Campaign : test trigger
2023-04-20T12:22:47.820Z: Status : s2zkdtrd297338 Failed, Campaign : test trigger
2023-04-20T12:22:47.821Z: Status : s2tdtftr239276 Failed, Campaign : test trigger
2023-04-20T12:22:47.847Z: Status : s2bcelgz003769 Failed, Campaign : test trigger
2023-04-20T12:22:47.962Z: Status : s2yemnil959403 Failed, Campaign : test trigger
2023-04-20T12:22:48.105Z: Status : s2awrpph587154 Sent, Campaign : test trigger
2023-04-20T12:22:48.219Z: Status : s2sthajs721606 Failed, Campaign : test trigger
2023-04-20T12:22:48.219Z: Campaign: test trigger, Result: 3 sent, 7 failed
2023-04-20T12:22:58.233Z: Config queue count : 0
2023-04-20T12:22:58.233Z: payload : 0
2023-04-20T12:23:00.221Z: Listening on port 8041
2023-04-20T12:23:00.231Z: Successfully connected to {localhost}
2023-04-20T12:23:01.460Z: Successfully connected to {data-platform.ckghnqcooulj.ap-southeast-1.redshift.amazonaws.com}
2023-04-20T12:23:47.528Z: Listening on port 8041
2023-04-20T12:23:47.536Z: Successfully connected to {localhost}
2023-04-20T12:25:02.531Z: Error connecting to {data-platform.ckghnqcooulj.ap-southeast-1.redshift.amazonaws.com}
2023-04-20T12:27:17.534Z: Error connecting to {data-platform.ckghnqcooulj.ap-southeast-1.redshift.amazonaws.com}
2023-04-20T12:29:33.566Z: Error connecting to {data-platform.ckghnqcooulj.ap-southeast-1.redshift.amazonaws.com}
2023-04-20T12:31:49.541Z: Error connecting to {data-platform.ckghnqcooulj.ap-southeast-1.redshift.amazonaws.com}
2023-04-20T12:34:08.592Z: Error connecting to {data-platform.ckghnqcooulj.ap-southeast-1.redshift.amazonaws.com}
2023-04-20T12:36:26.911Z: Error connecting to {data-platform.ckghnqcooulj.ap-southeast-1.redshift.amazonaws.com}
2023-04-20T12:36:58.414Z: Listening on port 8041
2023-04-20T12:36:58.426Z: Successfully connected to {localhost}
2023-04-20T12:37:10.508Z: {"statusCode":200,"status":true,"message":"Config Added","data":[]}
2023-04-20T12:37:20.520Z: Config queue count : 1
2023-04-20T12:37:20.520Z: payload : 1
2023-04-20T12:37:30.539Z: Config queue count : 0
2023-04-20T12:37:30.539Z: payload : 0
2023-04-20T12:38:13.417Z: Error connecting to {data-platform.ckghnqcooulj.ap-southeast-1.redshift.amazonaws.com}
2023-04-20T12:38:36.115Z: Listening on port 8041
2023-04-20T12:38:36.126Z: Successfully connected to {localhost}
2023-04-20T12:39:40.019Z: Listening on port 8041
2023-04-20T12:39:40.028Z: Successfully connected to {localhost}
2023-04-20T12:40:55.022Z: Error connecting to {data-platform.ckghnqcooulj.ap-southeast-1.redshift.amazonaws.com}
2023-04-20T12:43:10.065Z: Error connecting to {data-platform.ckghnqcooulj.ap-southeast-1.redshift.amazonaws.com}
2023-04-20T12:45:25.229Z: Error connecting to {data-platform.ckghnqcooulj.ap-southeast-1.redshift.amazonaws.com}
2023-04-20T12:47:42.448Z: Error connecting to {data-platform.ckghnqcooulj.ap-southeast-1.redshift.amazonaws.com}
2023-04-20T12:50:01.655Z: Error connecting to {data-platform.ckghnqcooulj.ap-southeast-1.redshift.amazonaws.com}
2023-04-20T12:52:19.929Z: Error connecting to {data-platform.ckghnqcooulj.ap-southeast-1.redshift.amazonaws.com}
2023-04-20T12:54:35.209Z: Error connecting to {data-platform.ckghnqcooulj.ap-southeast-1.redshift.amazonaws.com}
2023-04-20T12:56:53.507Z: Error connecting to {data-platform.ckghnqcooulj.ap-southeast-1.redshift.amazonaws.com}
2023-04-20T12:59:12.742Z: Error connecting to {data-platform.ckghnqcooulj.ap-southeast-1.redshift.amazonaws.com}
2023-04-20T13:01:31.030Z: Error connecting to {data-platform.ckghnqcooulj.ap-southeast-1.redshift.amazonaws.com}
2023-04-20T13:03:50.136Z: Error connecting to {data-platform.ckghnqcooulj.ap-southeast-1.redshift.amazonaws.com}
2023-04-20T13:06:08.551Z: Error connecting to {data-platform.ckghnqcooulj.ap-southeast-1.redshift.amazonaws.com}
2023-04-20T13:08:30.178Z: Error connecting to {data-platform.ckghnqcooulj.ap-southeast-1.redshift.amazonaws.com}
2023-04-20T13:10:45.332Z: Error connecting to {data-platform.ckghnqcooulj.ap-southeast-1.redshift.amazonaws.com}
2023-04-20T13:13:03.486Z: Error connecting to {data-platform.ckghnqcooulj.ap-southeast-1.redshift.amazonaws.com}
2023-04-20T13:15:18.693Z: Error connecting to {data-platform.ckghnqcooulj.ap-southeast-1.redshift.amazonaws.com}
2023-04-20T13:17:36.908Z: Error connecting to {data-platform.ckghnqcooulj.ap-southeast-1.redshift.amazonaws.com}
2023-04-20T13:19:55.491Z: Error connecting to {data-platform.ckghnqcooulj.ap-southeast-1.redshift.amazonaws.com}
2023-04-20T13:22:15.194Z: Error connecting to {data-platform.ckghnqcooulj.ap-southeast-1.redshift.amazonaws.com}
2023-04-20T13:24:32.039Z: Error connecting to {data-platform.ckghnqcooulj.ap-southeast-1.redshift.amazonaws.com}
2023-04-20T13:26:50.342Z: Error connecting to {data-platform.ckghnqcooulj.ap-southeast-1.redshift.amazonaws.com}
2023-04-20T13:29:08.642Z: Error connecting to {data-platform.ckghnqcooulj.ap-southeast-1.redshift.amazonaws.com}
2023-04-20T13:31:27.814Z: Error connecting to {data-platform.ckghnqcooulj.ap-southeast-1.redshift.amazonaws.com}
2023-04-20T13:33:46.002Z: Error connecting to {data-platform.ckghnqcooulj.ap-southeast-1.redshift.amazonaws.com}
2023-04-20T13:36:04.113Z: Error connecting to {data-platform.ckghnqcooulj.ap-southeast-1.redshift.amazonaws.com}
2023-04-20T13:38:19.291Z: Error connecting to {data-platform.ckghnqcooulj.ap-southeast-1.redshift.amazonaws.com}
2023-04-20T13:40:36.121Z: Error connecting to {data-platform.ckghnqcooulj.ap-southeast-1.redshift.amazonaws.com}
2023-04-20T13:42:55.779Z: Error connecting to {data-platform.ckghnqcooulj.ap-southeast-1.redshift.amazonaws.com}
2023-04-20T13:45:11.188Z: Error connecting to {data-platform.ckghnqcooulj.ap-southeast-1.redshift.amazonaws.com}
2023-04-20T13:47:27.176Z: Error connecting to {data-platform.ckghnqcooulj.ap-southeast-1.redshift.amazonaws.com}
2023-04-20T13:49:45.319Z: Error connecting to {data-platform.ckghnqcooulj.ap-southeast-1.redshift.amazonaws.com}
2023-04-20T13:52:05.217Z: Error connecting to {data-platform.ckghnqcooulj.ap-southeast-1.redshift.amazonaws.com}
2023-04-20T13:54:21.060Z: Error connecting to {data-platform.ckghnqcooulj.ap-southeast-1.redshift.amazonaws.com}
2023-04-20T13:56:41.269Z: Error connecting to {data-platform.ckghnqcooulj.ap-southeast-1.redshift.amazonaws.com}
2023-04-20T13:58:59.678Z: Error connecting to {data-platform.ckghnqcooulj.ap-southeast-1.redshift.amazonaws.com}
2023-04-20T14:01:18.677Z: Error connecting to {data-platform.ckghnqcooulj.ap-southeast-1.redshift.amazonaws.com}
2023-04-20T14:03:36.805Z: Error connecting to {data-platform.ckghnqcooulj.ap-southeast-1.redshift.amazonaws.com}
2023-04-20T14:05:55.805Z: Error connecting to {data-platform.ckghnqcooulj.ap-southeast-1.redshift.amazonaws.com}
2023-04-20T14:08:14.219Z: Error connecting to {data-platform.ckghnqcooulj.ap-southeast-1.redshift.amazonaws.com}
2023-04-20T14:10:29.335Z: Error connecting to {data-platform.ckghnqcooulj.ap-southeast-1.redshift.amazonaws.com}
2023-04-20T14:12:47.466Z: Error connecting to {data-platform.ckghnqcooulj.ap-southeast-1.redshift.amazonaws.com}
2023-04-20T14:15:02.642Z: Error connecting to {data-platform.ckghnqcooulj.ap-southeast-1.redshift.amazonaws.com}
2023-04-20T14:17:21.649Z: Error connecting to {data-platform.ckghnqcooulj.ap-southeast-1.redshift.amazonaws.com}
2023-04-20T14:19:40.783Z: Error connecting to {data-platform.ckghnqcooulj.ap-southeast-1.redshift.amazonaws.com}
2023-04-20T14:22:00.858Z: Error connecting to {data-platform.ckghnqcooulj.ap-southeast-1.redshift.amazonaws.com}
2023-04-20T14:24:19.079Z: Error connecting to {data-platform.ckghnqcooulj.ap-southeast-1.redshift.amazonaws.com}
2023-04-20T14:26:35.904Z: Error connecting to {data-platform.ckghnqcooulj.ap-southeast-1.redshift.amazonaws.com}
2023-04-20T14:28:51.094Z: Error connecting to {data-platform.ckghnqcooulj.ap-southeast-1.redshift.amazonaws.com}
2023-04-20T14:31:09.334Z: Error connecting to {data-platform.ckghnqcooulj.ap-southeast-1.redshift.amazonaws.com}
2023-04-20T14:33:25.192Z: Error connecting to {data-platform.ckghnqcooulj.ap-southeast-1.redshift.amazonaws.com}
2023-04-20T14:35:43.286Z: Error connecting to {data-platform.ckghnqcooulj.ap-southeast-1.redshift.amazonaws.com}
2023-04-20T14:37:58.539Z: Error connecting to {data-platform.ckghnqcooulj.ap-southeast-1.redshift.amazonaws.com}
2023-04-20T14:40:16.841Z: Error connecting to {data-platform.ckghnqcooulj.ap-southeast-1.redshift.amazonaws.com}
2023-04-20T14:42:31.919Z: Error connecting to {data-platform.ckghnqcooulj.ap-southeast-1.redshift.amazonaws.com}
2023-04-20T14:44:47.024Z: Error connecting to {data-platform.ckghnqcooulj.ap-southeast-1.redshift.amazonaws.com}
2023-04-20T14:47:06.041Z: Error connecting to {data-platform.ckghnqcooulj.ap-southeast-1.redshift.amazonaws.com}
2023-04-20T14:49:21.102Z: Error connecting to {data-platform.ckghnqcooulj.ap-southeast-1.redshift.amazonaws.com}
2023-04-20T14:51:39.555Z: Error connecting to {data-platform.ckghnqcooulj.ap-southeast-1.redshift.amazonaws.com}
2023-04-20T14:53:54.620Z: Error connecting to {data-platform.ckghnqcooulj.ap-southeast-1.redshift.amazonaws.com}
2023-04-20T14:56:12.906Z: Error connecting to {data-platform.ckghnqcooulj.ap-southeast-1.redshift.amazonaws.com}
2023-04-20T14:58:30.981Z: Error connecting to {data-platform.ckghnqcooulj.ap-southeast-1.redshift.amazonaws.com}
2023-04-20T15:00:46.221Z: Error connecting to {data-platform.ckghnqcooulj.ap-southeast-1.redshift.amazonaws.com}
2023-04-20T15:03:04.621Z: Error connecting to {data-platform.ckghnqcooulj.ap-southeast-1.redshift.amazonaws.com}
2023-04-20T15:05:20.681Z: Error connecting to {data-platform.ckghnqcooulj.ap-southeast-1.redshift.amazonaws.com}
2023-04-20T15:07:35.741Z: Error connecting to {data-platform.ckghnqcooulj.ap-southeast-1.redshift.amazonaws.com}
2023-04-20T15:09:53.837Z: Error connecting to {data-platform.ckghnqcooulj.ap-southeast-1.redshift.amazonaws.com}
2023-04-20T15:12:12.762Z: Error connecting to {data-platform.ckghnqcooulj.ap-southeast-1.redshift.amazonaws.com}
2023-04-20T15:14:27.871Z: Error connecting to {data-platform.ckghnqcooulj.ap-southeast-1.redshift.amazonaws.com}
2023-04-20T15:16:43.225Z: Error connecting to {data-platform.ckghnqcooulj.ap-southeast-1.redshift.amazonaws.com}
2023-04-20T15:18:58.409Z: Error connecting to {data-platform.ckghnqcooulj.ap-southeast-1.redshift.amazonaws.com}
2023-04-20T15:21:16.806Z: Error connecting to {data-platform.ckghnqcooulj.ap-southeast-1.redshift.amazonaws.com}
2023-04-20T15:23:38.168Z: Error connecting to {data-platform.ckghnqcooulj.ap-southeast-1.redshift.amazonaws.com}
2023-04-20T15:25:54.031Z: Error connecting to {data-platform.ckghnqcooulj.ap-southeast-1.redshift.amazonaws.com}
2023-04-20T15:28:10.102Z: Error connecting to {data-platform.ckghnqcooulj.ap-southeast-1.redshift.amazonaws.com}
2023-04-20T15:30:26.853Z: Error connecting to {data-platform.ckghnqcooulj.ap-southeast-1.redshift.amazonaws.com}
2023-04-20T15:32:45.779Z: Error connecting to {data-platform.ckghnqcooulj.ap-southeast-1.redshift.amazonaws.com}
2023-04-20T15:35:00.853Z: Error connecting to {data-platform.ckghnqcooulj.ap-southeast-1.redshift.amazonaws.com}
2023-04-20T15:37:19.062Z: Error connecting to {data-platform.ckghnqcooulj.ap-southeast-1.redshift.amazonaws.com}
2023-04-20T15:39:34.130Z: Error connecting to {data-platform.ckghnqcooulj.ap-southeast-1.redshift.amazonaws.com}
2023-04-20T15:41:53.766Z: Error connecting to {data-platform.ckghnqcooulj.ap-southeast-1.redshift.amazonaws.com}
2023-04-20T15:44:09.593Z: Error connecting to {data-platform.ckghnqcooulj.ap-southeast-1.redshift.amazonaws.com}
2023-04-20T15:46:27.814Z: Error connecting to {data-platform.ckghnqcooulj.ap-southeast-1.redshift.amazonaws.com}
2023-04-20T15:48:45.932Z: Error connecting to {data-platform.ckghnqcooulj.ap-southeast-1.redshift.amazonaws.com}
2023-04-20T15:51:05.687Z: Error connecting to {data-platform.ckghnqcooulj.ap-southeast-1.redshift.amazonaws.com}
2023-04-20T15:53:23.912Z: Error connecting to {data-platform.ckghnqcooulj.ap-southeast-1.redshift.amazonaws.com}
2023-04-20T15:55:42.139Z: Error connecting to {data-platform.ckghnqcooulj.ap-southeast-1.redshift.amazonaws.com}
2023-04-20T15:58:00.323Z: Error connecting to {data-platform.ckghnqcooulj.ap-southeast-1.redshift.amazonaws.com}
2023-04-20T16:00:18.477Z: Error connecting to {data-platform.ckghnqcooulj.ap-southeast-1.redshift.amazonaws.com}
2023-04-20T16:02:37.632Z: Error connecting to {data-platform.ckghnqcooulj.ap-southeast-1.redshift.amazonaws.com}
2023-04-20T16:04:52.807Z: Error connecting to {data-platform.ckghnqcooulj.ap-southeast-1.redshift.amazonaws.com}
2023-04-20T16:07:11.042Z: Error connecting to {data-platform.ckghnqcooulj.ap-southeast-1.redshift.amazonaws.com}
2023-04-20T16:09:29.287Z: Error connecting to {data-platform.ckghnqcooulj.ap-southeast-1.redshift.amazonaws.com}
2023-04-20T16:11:44.422Z: Error connecting to {data-platform.ckghnqcooulj.ap-southeast-1.redshift.amazonaws.com}
2023-04-20T16:14:02.572Z: Error connecting to {data-platform.ckghnqcooulj.ap-southeast-1.redshift.amazonaws.com}
2023-04-20T16:16:20.721Z: Error connecting to {data-platform.ckghnqcooulj.ap-southeast-1.redshift.amazonaws.com}
2023-04-20T16:18:36.029Z: Error connecting to {data-platform.ckghnqcooulj.ap-southeast-1.redshift.amazonaws.com}
2023-04-20T16:20:54.408Z: Error connecting to {data-platform.ckghnqcooulj.ap-southeast-1.redshift.amazonaws.com}
2023-04-20T16:23:12.726Z: Error connecting to {data-platform.ckghnqcooulj.ap-southeast-1.redshift.amazonaws.com}
2023-04-20T16:25:28.074Z: Error connecting to {data-platform.ckghnqcooulj.ap-southeast-1.redshift.amazonaws.com}
2023-04-20T16:27:49.385Z: Error connecting to {data-platform.ckghnqcooulj.ap-southeast-1.redshift.amazonaws.com}
2023-04-20T16:30:04.517Z: Error connecting to {data-platform.ckghnqcooulj.ap-southeast-1.redshift.amazonaws.com}
2023-04-20T16:32:22.855Z: Error connecting to {data-platform.ckghnqcooulj.ap-southeast-1.redshift.amazonaws.com}
2023-04-20T16:34:40.052Z: Error connecting to {data-platform.ckghnqcooulj.ap-southeast-1.redshift.amazonaws.com}
2023-04-20T16:36:58.435Z: Error connecting to {data-platform.ckghnqcooulj.ap-southeast-1.redshift.amazonaws.com}
2023-04-20T16:39:13.475Z: Error connecting to {data-platform.ckghnqcooulj.ap-southeast-1.redshift.amazonaws.com}
2023-04-20T16:41:28.658Z: Error connecting to {data-platform.ckghnqcooulj.ap-southeast-1.redshift.amazonaws.com}
2023-04-20T16:43:47.823Z: Error connecting to {data-platform.ckghnqcooulj.ap-southeast-1.redshift.amazonaws.com}
2023-04-20T16:46:02.885Z: Error connecting to {data-platform.ckghnqcooulj.ap-southeast-1.redshift.amazonaws.com}
2023-04-20T16:48:21.052Z: Error connecting to {data-platform.ckghnqcooulj.ap-southeast-1.redshift.amazonaws.com}
2023-04-20T16:50:38.451Z: Error connecting to {data-platform.ckghnqcooulj.ap-southeast-1.redshift.amazonaws.com}
2023-04-20T16:52:56.525Z: Error connecting to {data-platform.ckghnqcooulj.ap-southeast-1.redshift.amazonaws.com}
2023-04-20T16:55:11.705Z: Error connecting to {data-platform.ckghnqcooulj.ap-southeast-1.redshift.amazonaws.com}
2023-04-20T16:57:30.797Z: Error connecting to {data-platform.ckghnqcooulj.ap-southeast-1.redshift.amazonaws.com}
2023-04-20T16:59:46.196Z: Error connecting to {data-platform.ckghnqcooulj.ap-southeast-1.redshift.amazonaws.com}
2023-04-20T17:02:07.402Z: Error connecting to {data-platform.ckghnqcooulj.ap-southeast-1.redshift.amazonaws.com}
2023-04-20T17:04:23.482Z: Error connecting to {data-platform.ckghnqcooulj.ap-southeast-1.redshift.amazonaws.com}
2023-04-20T17:06:44.821Z: Error connecting to {data-platform.ckghnqcooulj.ap-southeast-1.redshift.amazonaws.com}
2023-04-20T17:09:01.057Z: Error connecting to {data-platform.ckghnqcooulj.ap-southeast-1.redshift.amazonaws.com}
2023-04-20T17:11:16.368Z: Error connecting to {data-platform.ckghnqcooulj.ap-southeast-1.redshift.amazonaws.com}
2023-04-20T17:13:31.409Z: Error connecting to {data-platform.ckghnqcooulj.ap-southeast-1.redshift.amazonaws.com}
2023-04-20T17:15:49.515Z: Error connecting to {data-platform.ckghnqcooulj.ap-southeast-1.redshift.amazonaws.com}
2023-04-20T17:18:07.741Z: Error connecting to {data-platform.ckghnqcooulj.ap-southeast-1.redshift.amazonaws.com}
2023-04-20T17:20:26.766Z: Error connecting to {data-platform.ckghnqcooulj.ap-southeast-1.redshift.amazonaws.com}
2023-04-20T17:22:45.003Z: Error connecting to {data-platform.ckghnqcooulj.ap-southeast-1.redshift.amazonaws.com}
2023-04-20T17:25:00.057Z: Error connecting to {data-platform.ckghnqcooulj.ap-southeast-1.redshift.amazonaws.com}
2023-04-20T17:27:18.158Z: Error connecting to {data-platform.ckghnqcooulj.ap-southeast-1.redshift.amazonaws.com}
2023-04-20T17:29:34.023Z: Error connecting to {data-platform.ckghnqcooulj.ap-southeast-1.redshift.amazonaws.com}
2023-04-20T17:31:50.036Z: Error connecting to {data-platform.ckghnqcooulj.ap-southeast-1.redshift.amazonaws.com}
2023-04-20T17:34:08.999Z: Error connecting to {data-platform.ckghnqcooulj.ap-southeast-1.redshift.amazonaws.com}
2023-04-20T17:36:27.234Z: Error connecting to {data-platform.ckghnqcooulj.ap-southeast-1.redshift.amazonaws.com}
2023-04-20T17:38:43.201Z: Error connecting to {data-platform.ckghnqcooulj.ap-southeast-1.redshift.amazonaws.com}
2023-04-20T17:40:59.122Z: Error connecting to {data-platform.ckghnqcooulj.ap-southeast-1.redshift.amazonaws.com}
2023-04-20T17:43:18.071Z: Error connecting to {data-platform.ckghnqcooulj.ap-southeast-1.redshift.amazonaws.com}
2023-04-20T17:45:36.367Z: Error connecting to {data-platform.ckghnqcooulj.ap-southeast-1.redshift.amazonaws.com}
2023-04-20T17:47:51.412Z: Error connecting to {data-platform.ckghnqcooulj.ap-southeast-1.redshift.amazonaws.com}
2023-04-20T17:50:09.577Z: Error connecting to {data-platform.ckghnqcooulj.ap-southeast-1.redshift.amazonaws.com}
2023-04-20T17:52:27.747Z: Error connecting to {data-platform.ckghnqcooulj.ap-southeast-1.redshift.amazonaws.com}
2023-04-20T17:54:42.845Z: Error connecting to {data-platform.ckghnqcooulj.ap-southeast-1.redshift.amazonaws.com}
2023-04-20T17:57:01.007Z: Error connecting to {data-platform.ckghnqcooulj.ap-southeast-1.redshift.amazonaws.com}
2023-04-20T17:59:20.064Z: Error connecting to {data-platform.ckghnqcooulj.ap-southeast-1.redshift.amazonaws.com}
2023-04-20T18:01:35.103Z: Error connecting to {data-platform.ckghnqcooulj.ap-southeast-1.redshift.amazonaws.com}
2023-04-20T18:03:50.891Z: Error connecting to {data-platform.ckghnqcooulj.ap-southeast-1.redshift.amazonaws.com}
2023-04-20T18:06:09.229Z: Error connecting to {data-platform.ckghnqcooulj.ap-southeast-1.redshift.amazonaws.com}
2023-04-20T18:08:28.463Z: Error connecting to {data-platform.ckghnqcooulj.ap-southeast-1.redshift.amazonaws.com}
2023-04-20T18:10:43.649Z: Error connecting to {data-platform.ckghnqcooulj.ap-southeast-1.redshift.amazonaws.com}
2023-04-20T18:13:05.058Z: Error connecting to {data-platform.ckghnqcooulj.ap-southeast-1.redshift.amazonaws.com}
2023-04-20T18:15:21.128Z: Error connecting to {data-platform.ckghnqcooulj.ap-southeast-1.redshift.amazonaws.com}
2023-04-20T18:17:37.181Z: Error connecting to {data-platform.ckghnqcooulj.ap-southeast-1.redshift.amazonaws.com}
2023-04-20T18:19:55.344Z: Error connecting to {data-platform.ckghnqcooulj.ap-southeast-1.redshift.amazonaws.com}
2023-04-20T18:22:13.633Z: Error connecting to {data-platform.ckghnqcooulj.ap-southeast-1.redshift.amazonaws.com}
2023-04-20T18:24:28.601Z: Error connecting to {data-platform.ckghnqcooulj.ap-southeast-1.redshift.amazonaws.com}
2023-04-20T18:26:46.689Z: Error connecting to {data-platform.ckghnqcooulj.ap-southeast-1.redshift.amazonaws.com}
2023-04-20T18:29:01.764Z: Error connecting to {data-platform.ckghnqcooulj.ap-southeast-1.redshift.amazonaws.com}
2023-04-20T18:31:21.564Z: Error connecting to {data-platform.ckghnqcooulj.ap-southeast-1.redshift.amazonaws.com}
2023-04-20T18:33:36.676Z: Error connecting to {data-platform.ckghnqcooulj.ap-southeast-1.redshift.amazonaws.com}
2023-04-20T18:35:51.745Z: Error connecting to {data-platform.ckghnqcooulj.ap-southeast-1.redshift.amazonaws.com}
2023-04-20T18:38:15.752Z: Error connecting to {data-platform.ckghnqcooulj.ap-southeast-1.redshift.amazonaws.com}
2023-04-20T18:40:33.904Z: Error connecting to {data-platform.ckghnqcooulj.ap-southeast-1.redshift.amazonaws.com}
2023-04-20T18:42:52.114Z: Error connecting to {data-platform.ckghnqcooulj.ap-southeast-1.redshift.amazonaws.com}
2023-04-20T18:45:07.298Z: Error connecting to {data-platform.ckghnqcooulj.ap-southeast-1.redshift.amazonaws.com}
2023-04-20T18:47:22.339Z: Error connecting to {data-platform.ckghnqcooulj.ap-southeast-1.redshift.amazonaws.com}
2023-04-20T18:49:41.418Z: Error connecting to {data-platform.ckghnqcooulj.ap-southeast-1.redshift.amazonaws.com}
2023-04-20T18:52:01.043Z: Error connecting to {data-platform.ckghnqcooulj.ap-southeast-1.redshift.amazonaws.com}
2023-04-20T18:54:20.865Z: Error connecting to {data-platform.ckghnqcooulj.ap-southeast-1.redshift.amazonaws.com}
2023-04-20T18:56:38.962Z: Error connecting to {data-platform.ckghnqcooulj.ap-southeast-1.redshift.amazonaws.com}
2023-04-20T18:58:57.981Z: Error connecting to {data-platform.ckghnqcooulj.ap-southeast-1.redshift.amazonaws.com}
2023-04-20T19:01:16.154Z: Error connecting to {data-platform.ckghnqcooulj.ap-southeast-1.redshift.amazonaws.com}
2023-04-20T19:03:34.434Z: Error connecting to {data-platform.ckghnqcooulj.ap-southeast-1.redshift.amazonaws.com}
2023-04-20T19:05:52.476Z: Error connecting to {data-platform.ckghnqcooulj.ap-southeast-1.redshift.amazonaws.com}
2023-04-20T19:08:11.645Z: Error connecting to {data-platform.ckghnqcooulj.ap-southeast-1.redshift.amazonaws.com}
2023-04-20T19:10:29.864Z: Error connecting to {data-platform.ckghnqcooulj.ap-southeast-1.redshift.amazonaws.com}
2023-04-20T19:12:48.213Z: Error connecting to {data-platform.ckghnqcooulj.ap-southeast-1.redshift.amazonaws.com}
2023-04-20T19:15:03.262Z: Error connecting to {data-platform.ckghnqcooulj.ap-southeast-1.redshift.amazonaws.com}
2023-04-20T19:17:24.392Z: Error connecting to {data-platform.ckghnqcooulj.ap-southeast-1.redshift.amazonaws.com}
2023-04-20T19:19:45.988Z: Error connecting to {data-platform.ckghnqcooulj.ap-southeast-1.redshift.amazonaws.com}
2023-04-20T19:22:07.334Z: Error connecting to {data-platform.ckghnqcooulj.ap-southeast-1.redshift.amazonaws.com}
2023-04-20T19:24:26.570Z: Error connecting to {data-platform.ckghnqcooulj.ap-southeast-1.redshift.amazonaws.com}
2023-04-20T19:26:44.757Z: Error connecting to {data-platform.ckghnqcooulj.ap-southeast-1.redshift.amazonaws.com}
2023-04-20T19:29:05.987Z: Error connecting to {data-platform.ckghnqcooulj.ap-southeast-1.redshift.amazonaws.com}
2023-04-20T19:31:24.325Z: Error connecting to {data-platform.ckghnqcooulj.ap-southeast-1.redshift.amazonaws.com}
2023-04-20T19:33:42.663Z: Error connecting to {data-platform.ckghnqcooulj.ap-southeast-1.redshift.amazonaws.com}
2023-04-20T19:35:57.705Z: Error connecting to {data-platform.ckghnqcooulj.ap-southeast-1.redshift.amazonaws.com}
2023-04-20T19:38:15.797Z: Error connecting to {data-platform.ckghnqcooulj.ap-southeast-1.redshift.amazonaws.com}
2023-04-20T19:40:33.962Z: Error connecting to {data-platform.ckghnqcooulj.ap-southeast-1.redshift.amazonaws.com}
2023-04-20T19:42:52.072Z: Error connecting to {data-platform.ckghnqcooulj.ap-southeast-1.redshift.amazonaws.com}
2023-04-20T19:45:11.191Z: Error connecting to {data-platform.ckghnqcooulj.ap-southeast-1.redshift.amazonaws.com}
2023-04-20T19:47:27.152Z: Error connecting to {data-platform.ckghnqcooulj.ap-southeast-1.redshift.amazonaws.com}
2023-04-20T19:49:42.202Z: Error connecting to {data-platform.ckghnqcooulj.ap-southeast-1.redshift.amazonaws.com}
2023-04-20T19:52:00.269Z: Error connecting to {data-platform.ckghnqcooulj.ap-southeast-1.redshift.amazonaws.com}
2023-04-20T19:54:15.332Z: Error connecting to {data-platform.ckghnqcooulj.ap-southeast-1.redshift.amazonaws.com}
2023-04-20T19:56:33.450Z: Error connecting to {data-platform.ckghnqcooulj.ap-southeast-1.redshift.amazonaws.com}
2023-04-20T19:58:48.470Z: Error connecting to {data-platform.ckghnqcooulj.ap-southeast-1.redshift.amazonaws.com}
2023-04-20T20:01:07.706Z: Error connecting to {data-platform.ckghnqcooulj.ap-southeast-1.redshift.amazonaws.com}
2023-04-20T20:03:22.753Z: Error connecting to {data-platform.ckghnqcooulj.ap-southeast-1.redshift.amazonaws.com}
2023-04-20T20:05:41.672Z: Error connecting to {data-platform.ckghnqcooulj.ap-southeast-1.redshift.amazonaws.com}
2023-04-20T20:07:56.745Z: Error connecting to {data-platform.ckghnqcooulj.ap-southeast-1.redshift.amazonaws.com}
2023-04-20T20:10:12.622Z: Error connecting to {data-platform.ckghnqcooulj.ap-southeast-1.redshift.amazonaws.com}
2023-04-20T20:12:27.737Z: Error connecting to {data-platform.ckghnqcooulj.ap-southeast-1.redshift.amazonaws.com}
2023-04-20T20:14:42.800Z: Error connecting to {data-platform.ckghnqcooulj.ap-southeast-1.redshift.amazonaws.com}
2023-04-20T20:16:59.693Z: Error connecting to {data-platform.ckghnqcooulj.ap-southeast-1.redshift.amazonaws.com}
2023-04-20T20:19:14.985Z: Error connecting to {data-platform.ckghnqcooulj.ap-southeast-1.redshift.amazonaws.com}
2023-04-20T20:21:34.317Z: Error connecting to {data-platform.ckghnqcooulj.ap-southeast-1.redshift.amazonaws.com}
2023-04-20T20:23:55.597Z: Error connecting to {data-platform.ckghnqcooulj.ap-southeast-1.redshift.amazonaws.com}
2023-04-20T20:26:17.152Z: Error connecting to {data-platform.ckghnqcooulj.ap-southeast-1.redshift.amazonaws.com}
2023-04-20T20:28:35.278Z: Error connecting to {data-platform.ckghnqcooulj.ap-southeast-1.redshift.amazonaws.com}
2023-04-20T20:30:54.315Z: Error connecting to {data-platform.ckghnqcooulj.ap-southeast-1.redshift.amazonaws.com}
2023-04-20T20:33:09.375Z: Error connecting to {data-platform.ckghnqcooulj.ap-southeast-1.redshift.amazonaws.com}
2023-04-20T20:35:24.399Z: Error connecting to {data-platform.ckghnqcooulj.ap-southeast-1.redshift.amazonaws.com}
2023-04-20T20:37:39.460Z: Error connecting to {data-platform.ckghnqcooulj.ap-southeast-1.redshift.amazonaws.com}
2023-04-20T20:39:57.756Z: Error connecting to {data-platform.ckghnqcooulj.ap-southeast-1.redshift.amazonaws.com}
2023-04-20T20:42:17.535Z: Error connecting to {data-platform.ckghnqcooulj.ap-southeast-1.redshift.amazonaws.com}
2023-04-20T20:44:33.443Z: Error connecting to {data-platform.ckghnqcooulj.ap-southeast-1.redshift.amazonaws.com}
2023-04-20T20:46:48.552Z: Error connecting to {data-platform.ckghnqcooulj.ap-southeast-1.redshift.amazonaws.com}
2023-04-20T20:49:06.637Z: Error connecting to {data-platform.ckghnqcooulj.ap-southeast-1.redshift.amazonaws.com}
2023-04-20T20:51:28.005Z: Error connecting to {data-platform.ckghnqcooulj.ap-southeast-1.redshift.amazonaws.com}
2023-04-20T20:53:46.285Z: Error connecting to {data-platform.ckghnqcooulj.ap-southeast-1.redshift.amazonaws.com}
2023-04-20T20:56:01.334Z: Error connecting to {data-platform.ckghnqcooulj.ap-southeast-1.redshift.amazonaws.com}
2023-04-20T20:58:19.576Z: Error connecting to {data-platform.ckghnqcooulj.ap-southeast-1.redshift.amazonaws.com}
2023-04-20T21:00:37.672Z: Error connecting to {data-platform.ckghnqcooulj.ap-southeast-1.redshift.amazonaws.com}
2023-04-20T21:02:55.915Z: Error connecting to {data-platform.ckghnqcooulj.ap-southeast-1.redshift.amazonaws.com}
2023-04-20T21:05:13.998Z: Error connecting to {data-platform.ckghnqcooulj.ap-southeast-1.redshift.amazonaws.com}
2023-04-20T21:07:32.262Z: Error connecting to {data-platform.ckghnqcooulj.ap-southeast-1.redshift.amazonaws.com}
2023-04-20T21:09:50.455Z: Error connecting to {data-platform.ckghnqcooulj.ap-southeast-1.redshift.amazonaws.com}
2023-04-20T21:12:08.532Z: Error connecting to {data-platform.ckghnqcooulj.ap-southeast-1.redshift.amazonaws.com}
2023-04-20T21:14:24.748Z: Error connecting to {data-platform.ckghnqcooulj.ap-southeast-1.redshift.amazonaws.com}
2023-04-20T21:16:42.991Z: Error connecting to {data-platform.ckghnqcooulj.ap-southeast-1.redshift.amazonaws.com}
2023-04-20T21:18:58.934Z: Error connecting to {data-platform.ckghnqcooulj.ap-southeast-1.redshift.amazonaws.com}
2023-04-20T21:21:17.175Z: Error connecting to {data-platform.ckghnqcooulj.ap-southeast-1.redshift.amazonaws.com}
2023-04-20T21:23:32.220Z: Error connecting to {data-platform.ckghnqcooulj.ap-southeast-1.redshift.amazonaws.com}
2023-04-20T21:25:51.302Z: Error connecting to {data-platform.ckghnqcooulj.ap-southeast-1.redshift.amazonaws.com}
2023-04-20T21:28:11.228Z: Error connecting to {data-platform.ckghnqcooulj.ap-southeast-1.redshift.amazonaws.com}
2023-04-20T21:30:29.397Z: Error connecting to {data-platform.ckghnqcooulj.ap-southeast-1.redshift.amazonaws.com}
2023-04-20T21:32:45.516Z: Error connecting to {data-platform.ckghnqcooulj.ap-southeast-1.redshift.amazonaws.com}
2023-04-20T21:35:00.763Z: Error connecting to {data-platform.ckghnqcooulj.ap-southeast-1.redshift.amazonaws.com}
2023-04-20T21:37:15.976Z: Error connecting to {data-platform.ckghnqcooulj.ap-southeast-1.redshift.amazonaws.com}
2023-04-20T21:39:31.020Z: Error connecting to {data-platform.ckghnqcooulj.ap-southeast-1.redshift.amazonaws.com}
2023-04-20T21:41:46.232Z: Error connecting to {data-platform.ckghnqcooulj.ap-southeast-1.redshift.amazonaws.com}
2023-04-20T21:44:04.487Z: Error connecting to {data-platform.ckghnqcooulj.ap-southeast-1.redshift.amazonaws.com}
2023-04-20T21:46:24.246Z: Error connecting to {data-platform.ckghnqcooulj.ap-southeast-1.redshift.amazonaws.com}
2023-04-20T21:48:43.302Z: Error connecting to {data-platform.ckghnqcooulj.ap-southeast-1.redshift.amazonaws.com}
2023-04-20T21:50:59.111Z: Error connecting to {data-platform.ckghnqcooulj.ap-southeast-1.redshift.amazonaws.com}
2023-04-20T21:53:17.196Z: Error connecting to {data-platform.ckghnqcooulj.ap-southeast-1.redshift.amazonaws.com}
2023-04-20T21:55:32.297Z: Error connecting to {data-platform.ckghnqcooulj.ap-southeast-1.redshift.amazonaws.com}
2023-04-20T21:57:50.669Z: Error connecting to {data-platform.ckghnqcooulj.ap-southeast-1.redshift.amazonaws.com}
2023-04-20T22:00:09.019Z: Error connecting to {data-platform.ckghnqcooulj.ap-southeast-1.redshift.amazonaws.com}
2023-04-20T22:02:28.789Z: Error connecting to {data-platform.ckghnqcooulj.ap-southeast-1.redshift.amazonaws.com}
2023-04-20T22:04:43.876Z: Error connecting to {data-platform.ckghnqcooulj.ap-southeast-1.redshift.amazonaws.com}
2023-04-20T22:07:01.995Z: Error connecting to {data-platform.ckghnqcooulj.ap-southeast-1.redshift.amazonaws.com}
2023-04-20T22:09:20.918Z: Error connecting to {data-platform.ckghnqcooulj.ap-southeast-1.redshift.amazonaws.com}
2023-04-20T22:11:39.751Z: Error connecting to {data-platform.ckghnqcooulj.ap-southeast-1.redshift.amazonaws.com}
2023-04-20T22:13:58.625Z: Error connecting to {data-platform.ckghnqcooulj.ap-southeast-1.redshift.amazonaws.com}
2023-04-20T22:16:14.618Z: Error connecting to {data-platform.ckghnqcooulj.ap-southeast-1.redshift.amazonaws.com}
2023-04-20T22:18:32.961Z: Error connecting to {data-platform.ckghnqcooulj.ap-southeast-1.redshift.amazonaws.com}
2023-04-20T22:20:51.073Z: Error connecting to {data-platform.ckghnqcooulj.ap-southeast-1.redshift.amazonaws.com}
2023-04-20T22:23:06.241Z: Error connecting to {data-platform.ckghnqcooulj.ap-southeast-1.redshift.amazonaws.com}
2023-04-20T22:25:24.571Z: Error connecting to {data-platform.ckghnqcooulj.ap-southeast-1.redshift.amazonaws.com}
2023-04-20T22:27:43.715Z: Error connecting to {data-platform.ckghnqcooulj.ap-southeast-1.redshift.amazonaws.com}
2023-04-20T22:30:01.851Z: Error connecting to {data-platform.ckghnqcooulj.ap-southeast-1.redshift.amazonaws.com}
2023-04-20T22:32:20.195Z: Error connecting to {data-platform.ckghnqcooulj.ap-southeast-1.redshift.amazonaws.com}
2023-04-20T22:34:38.264Z: Error connecting to {data-platform.ckghnqcooulj.ap-southeast-1.redshift.amazonaws.com}
2023-04-20T22:36:57.392Z: Error connecting to {data-platform.ckghnqcooulj.ap-southeast-1.redshift.amazonaws.com}
2023-04-20T22:39:15.507Z: Error connecting to {data-platform.ckghnqcooulj.ap-southeast-1.redshift.amazonaws.com}
2023-04-20T22:41:34.496Z: Error connecting to {data-platform.ckghnqcooulj.ap-southeast-1.redshift.amazonaws.com}
2023-04-20T22:43:50.352Z: Error connecting to {data-platform.ckghnqcooulj.ap-southeast-1.redshift.amazonaws.com}
2023-04-20T22:46:09.449Z: Error connecting to {data-platform.ckghnqcooulj.ap-southeast-1.redshift.amazonaws.com}
2023-04-20T22:48:27.747Z: Error connecting to {data-platform.ckghnqcooulj.ap-southeast-1.redshift.amazonaws.com}
2023-04-20T22:50:45.883Z: Error connecting to {data-platform.ckghnqcooulj.ap-southeast-1.redshift.amazonaws.com}
2023-04-20T22:53:01.123Z: Error connecting to {data-platform.ckghnqcooulj.ap-southeast-1.redshift.amazonaws.com}
2023-04-20T22:55:16.233Z: Error connecting to {data-platform.ckghnqcooulj.ap-southeast-1.redshift.amazonaws.com}
2023-04-20T22:57:31.427Z: Error connecting to {data-platform.ckghnqcooulj.ap-southeast-1.redshift.amazonaws.com}
2023-04-20T22:59:49.637Z: Error connecting to {data-platform.ckghnqcooulj.ap-southeast-1.redshift.amazonaws.com}
2023-04-20T23:02:04.715Z: Error connecting to {data-platform.ckghnqcooulj.ap-southeast-1.redshift.amazonaws.com}
2023-04-20T23:04:23.705Z: Error connecting to {data-platform.ckghnqcooulj.ap-southeast-1.redshift.amazonaws.com}
2023-04-20T23:06:40.986Z: Error connecting to {data-platform.ckghnqcooulj.ap-southeast-1.redshift.amazonaws.com}
2023-04-20T23:08:59.100Z: Error connecting to {data-platform.ckghnqcooulj.ap-southeast-1.redshift.amazonaws.com}
2023-04-20T23:11:14.196Z: Error connecting to {data-platform.ckghnqcooulj.ap-southeast-1.redshift.amazonaws.com}
2023-04-20T23:13:35.486Z: Error connecting to {data-platform.ckghnqcooulj.ap-southeast-1.redshift.amazonaws.com}
2023-04-20T23:15:53.708Z: Error connecting to {data-platform.ckghnqcooulj.ap-southeast-1.redshift.amazonaws.com}
2023-04-20T23:18:11.926Z: Error connecting to {data-platform.ckghnqcooulj.ap-southeast-1.redshift.amazonaws.com}
2023-04-20T23:20:30.079Z: Error connecting to {data-platform.ckghnqcooulj.ap-southeast-1.redshift.amazonaws.com}
2023-04-20T23:22:48.325Z: Error connecting to {data-platform.ckghnqcooulj.ap-southeast-1.redshift.amazonaws.com}
2023-04-20T23:25:04.344Z: Error connecting to {data-platform.ckghnqcooulj.ap-southeast-1.redshift.amazonaws.com}
2023-04-20T23:27:23.331Z: Error connecting to {data-platform.ckghnqcooulj.ap-southeast-1.redshift.amazonaws.com}
2023-04-20T23:29:41.533Z: Error connecting to {data-platform.ckghnqcooulj.ap-southeast-1.redshift.amazonaws.com}
2023-04-20T23:32:01.928Z: Error connecting to {data-platform.ckghnqcooulj.ap-southeast-1.redshift.amazonaws.com}
2023-04-20T23:34:20.885Z: Error connecting to {data-platform.ckghnqcooulj.ap-southeast-1.redshift.amazonaws.com}
2023-04-20T23:36:39.946Z: Error connecting to {data-platform.ckghnqcooulj.ap-southeast-1.redshift.amazonaws.com}
2023-04-20T23:38:55.038Z: Error connecting to {data-platform.ckghnqcooulj.ap-southeast-1.redshift.amazonaws.com}
2023-04-20T23:41:13.253Z: Error connecting to {data-platform.ckghnqcooulj.ap-southeast-1.redshift.amazonaws.com}
2023-04-20T23:43:31.597Z: Error connecting to {data-platform.ckghnqcooulj.ap-southeast-1.redshift.amazonaws.com}
2023-04-20T23:45:49.752Z: Error connecting to {data-platform.ckghnqcooulj.ap-southeast-1.redshift.amazonaws.com}
2023-04-20T23:48:04.817Z: Error connecting to {data-platform.ckghnqcooulj.ap-southeast-1.redshift.amazonaws.com}
2023-04-20T23:50:23.265Z: Error connecting to {data-platform.ckghnqcooulj.ap-southeast-1.redshift.amazonaws.com}
2023-04-20T23:52:41.438Z: Error connecting to {data-platform.ckghnqcooulj.ap-southeast-1.redshift.amazonaws.com}
2023-04-20T23:54:57.308Z: Error connecting to {data-platform.ckghnqcooulj.ap-southeast-1.redshift.amazonaws.com}
2023-04-20T23:57:16.351Z: Error connecting to {data-platform.ckghnqcooulj.ap-southeast-1.redshift.amazonaws.com}
2023-04-20T23:59:36.009Z: Error connecting to {data-platform.ckghnqcooulj.ap-southeast-1.redshift.amazonaws.com}
2023-04-21T00:01:51.164Z: Error connecting to {data-platform.ckghnqcooulj.ap-southeast-1.redshift.amazonaws.com}
2023-04-21T00:04:11.745Z: Error connecting to {data-platform.ckghnqcooulj.ap-southeast-1.redshift.amazonaws.com}
2023-04-21T00:06:29.895Z: Error connecting to {data-platform.ckghnqcooulj.ap-southeast-1.redshift.amazonaws.com}
2023-04-21T00:08:48.921Z: Error connecting to {data-platform.ckghnqcooulj.ap-southeast-1.redshift.amazonaws.com}
2023-04-21T00:11:07.119Z: Error connecting to {data-platform.ckghnqcooulj.ap-southeast-1.redshift.amazonaws.com}
2023-04-21T00:13:26.225Z: Error connecting to {data-platform.ckghnqcooulj.ap-southeast-1.redshift.amazonaws.com}
2023-04-21T00:15:44.420Z: Error connecting to {data-platform.ckghnqcooulj.ap-southeast-1.redshift.amazonaws.com}
2023-04-21T00:18:03.529Z: Error connecting to {data-platform.ckghnqcooulj.ap-southeast-1.redshift.amazonaws.com}
2023-04-21T00:20:21.739Z: Error connecting to {data-platform.ckghnqcooulj.ap-southeast-1.redshift.amazonaws.com}
2023-04-21T00:22:38.252Z: Error connecting to {data-platform.ckghnqcooulj.ap-southeast-1.redshift.amazonaws.com}
2023-04-21T00:24:55.239Z: Error connecting to {data-platform.ckghnqcooulj.ap-southeast-1.redshift.amazonaws.com}
2023-04-21T00:27:10.490Z: Error connecting to {data-platform.ckghnqcooulj.ap-southeast-1.redshift.amazonaws.com}
2023-04-21T00:29:26.475Z: Error connecting to {data-platform.ckghnqcooulj.ap-southeast-1.redshift.amazonaws.com}
2023-04-21T00:31:41.521Z: Error connecting to {data-platform.ckghnqcooulj.ap-southeast-1.redshift.amazonaws.com}
2023-04-21T00:33:59.753Z: Error connecting to {data-platform.ckghnqcooulj.ap-southeast-1.redshift.amazonaws.com}
2023-04-21T00:36:14.812Z: Error connecting to {data-platform.ckghnqcooulj.ap-southeast-1.redshift.amazonaws.com}
2023-04-21T00:38:32.171Z: Error connecting to {data-platform.ckghnqcooulj.ap-southeast-1.redshift.amazonaws.com}
2023-04-21T00:40:48.101Z: Error connecting to {data-platform.ckghnqcooulj.ap-southeast-1.redshift.amazonaws.com}
2023-04-21T00:43:06.389Z: Error connecting to {data-platform.ckghnqcooulj.ap-southeast-1.redshift.amazonaws.com}
2023-04-21T00:45:23.055Z: Error connecting to {data-platform.ckghnqcooulj.ap-southeast-1.redshift.amazonaws.com}
2023-04-21T00:47:38.975Z: Error connecting to {data-platform.ckghnqcooulj.ap-southeast-1.redshift.amazonaws.com}
2023-04-21T00:49:57.315Z: Error connecting to {data-platform.ckghnqcooulj.ap-southeast-1.redshift.amazonaws.com}
2023-04-21T00:52:16.533Z: Error connecting to {data-platform.ckghnqcooulj.ap-southeast-1.redshift.amazonaws.com}
2023-04-21T00:54:33.915Z: Error connecting to {data-platform.ckghnqcooulj.ap-southeast-1.redshift.amazonaws.com}
2023-04-21T00:56:49.965Z: Error connecting to {data-platform.ckghnqcooulj.ap-southeast-1.redshift.amazonaws.com}
2023-04-21T00:59:08.297Z: Error connecting to {data-platform.ckghnqcooulj.ap-southeast-1.redshift.amazonaws.com}
2023-04-21T01:01:27.922Z: Error connecting to {data-platform.ckghnqcooulj.ap-southeast-1.redshift.amazonaws.com}
2023-04-21T01:03:47.752Z: Error connecting to {data-platform.ckghnqcooulj.ap-southeast-1.redshift.amazonaws.com}
2023-04-21T01:06:08.169Z: Error connecting to {data-platform.ckghnqcooulj.ap-southeast-1.redshift.amazonaws.com}
2023-04-21T01:08:26.528Z: Error connecting to {data-platform.ckghnqcooulj.ap-southeast-1.redshift.amazonaws.com}
2023-04-21T01:10:41.623Z: Error connecting to {data-platform.ckghnqcooulj.ap-southeast-1.redshift.amazonaws.com}
2023-04-21T01:12:59.994Z: Error connecting to {data-platform.ckghnqcooulj.ap-southeast-1.redshift.amazonaws.com}
2023-04-21T01:15:16.088Z: Error connecting to {data-platform.ckghnqcooulj.ap-southeast-1.redshift.amazonaws.com}
2023-04-21T01:17:34.275Z: Error connecting to {data-platform.ckghnqcooulj.ap-southeast-1.redshift.amazonaws.com}
2023-04-21T01:19:52.513Z: Error connecting to {data-platform.ckghnqcooulj.ap-southeast-1.redshift.amazonaws.com}
2023-04-21T01:22:10.750Z: Error connecting to {data-platform.ckghnqcooulj.ap-southeast-1.redshift.amazonaws.com}
2023-04-21T01:24:29.844Z: Error connecting to {data-platform.ckghnqcooulj.ap-southeast-1.redshift.amazonaws.com}
2023-04-21T01:26:48.118Z: Error connecting to {data-platform.ckghnqcooulj.ap-southeast-1.redshift.amazonaws.com}
2023-04-21T01:29:06.229Z: Error connecting to {data-platform.ckghnqcooulj.ap-southeast-1.redshift.amazonaws.com}
2023-04-21T01:31:24.328Z: Error connecting to {data-platform.ckghnqcooulj.ap-southeast-1.redshift.amazonaws.com}
2023-04-21T01:33:39.495Z: Error connecting to {data-platform.ckghnqcooulj.ap-southeast-1.redshift.amazonaws.com}
2023-04-21T01:35:58.852Z: Error connecting to {data-platform.ckghnqcooulj.ap-southeast-1.redshift.amazonaws.com}
2023-04-21T01:38:18.618Z: Error connecting to {data-platform.ckghnqcooulj.ap-southeast-1.redshift.amazonaws.com}
2023-04-21T01:40:36.710Z: Error connecting to {data-platform.ckghnqcooulj.ap-southeast-1.redshift.amazonaws.com}
2023-04-21T01:42:55.724Z: Error connecting to {data-platform.ckghnqcooulj.ap-southeast-1.redshift.amazonaws.com}
2023-04-21T01:45:11.017Z: Error connecting to {data-platform.ckghnqcooulj.ap-southeast-1.redshift.amazonaws.com}
2023-04-21T01:47:26.241Z: Error connecting to {data-platform.ckghnqcooulj.ap-southeast-1.redshift.amazonaws.com}
2023-04-21T01:49:44.553Z: Error connecting to {data-platform.ckghnqcooulj.ap-southeast-1.redshift.amazonaws.com}
2023-04-21T01:51:59.622Z: Error connecting to {data-platform.ckghnqcooulj.ap-southeast-1.redshift.amazonaws.com}
2023-04-21T01:54:17.738Z: Error connecting to {data-platform.ckghnqcooulj.ap-southeast-1.redshift.amazonaws.com}
2023-04-21T01:56:32.795Z: Error connecting to {data-platform.ckghnqcooulj.ap-southeast-1.redshift.amazonaws.com}
2023-04-21T01:58:52.461Z: Error connecting to {data-platform.ckghnqcooulj.ap-southeast-1.redshift.amazonaws.com}
2023-04-21T02:01:07.899Z: Error connecting to {data-platform.ckghnqcooulj.ap-southeast-1.redshift.amazonaws.com}
2023-04-21T02:03:26.171Z: Error connecting to {data-platform.ckghnqcooulj.ap-southeast-1.redshift.amazonaws.com}
2023-04-21T02:05:46.018Z: Error connecting to {data-platform.ckghnqcooulj.ap-southeast-1.redshift.amazonaws.com}
2023-04-21T02:08:04.131Z: Error connecting to {data-platform.ckghnqcooulj.ap-southeast-1.redshift.amazonaws.com}
2023-04-21T02:10:19.608Z: Error connecting to {data-platform.ckghnqcooulj.ap-southeast-1.redshift.amazonaws.com}
2023-04-21T02:12:37.762Z: Error connecting to {data-platform.ckghnqcooulj.ap-southeast-1.redshift.amazonaws.com}
2023-04-21T02:14:53.742Z: Error connecting to {data-platform.ckghnqcooulj.ap-southeast-1.redshift.amazonaws.com}
2023-04-21T02:17:11.966Z: Error connecting to {data-platform.ckghnqcooulj.ap-southeast-1.redshift.amazonaws.com}
2023-04-21T02:19:27.567Z: Error connecting to {data-platform.ckghnqcooulj.ap-southeast-1.redshift.amazonaws.com}
2023-04-21T02:21:45.827Z: Error connecting to {data-platform.ckghnqcooulj.ap-southeast-1.redshift.amazonaws.com}
2023-04-21T02:24:03.159Z: Error connecting to {data-platform.ckghnqcooulj.ap-southeast-1.redshift.amazonaws.com}
2023-04-21T02:26:24.595Z: Error connecting to {data-platform.ckghnqcooulj.ap-southeast-1.redshift.amazonaws.com}
2023-04-21T02:28:42.852Z: Error connecting to {data-platform.ckghnqcooulj.ap-southeast-1.redshift.amazonaws.com}
2023-04-21T02:31:00.999Z: Error connecting to {data-platform.ckghnqcooulj.ap-southeast-1.redshift.amazonaws.com}
2023-04-21T02:33:19.457Z: Error connecting to {data-platform.ckghnqcooulj.ap-southeast-1.redshift.amazonaws.com}
2023-04-21T02:35:37.554Z: Error connecting to {data-platform.ckghnqcooulj.ap-southeast-1.redshift.amazonaws.com}
2023-04-21T02:37:52.656Z: Error connecting to {data-platform.ckghnqcooulj.ap-southeast-1.redshift.amazonaws.com}
2023-04-21T02:40:11.009Z: Error connecting to {data-platform.ckghnqcooulj.ap-southeast-1.redshift.amazonaws.com}
2023-04-21T02:42:29.241Z: Error connecting to {data-platform.ckghnqcooulj.ap-southeast-1.redshift.amazonaws.com}
2023-04-21T02:44:45.269Z: Error connecting to {data-platform.ckghnqcooulj.ap-southeast-1.redshift.amazonaws.com}
2023-04-21T02:47:00.433Z: Error connecting to {data-platform.ckghnqcooulj.ap-southeast-1.redshift.amazonaws.com}
2023-04-21T02:49:20.380Z: Error connecting to {data-platform.ckghnqcooulj.ap-southeast-1.redshift.amazonaws.com}
2023-04-21T02:51:38.623Z: Error connecting to {data-platform.ckghnqcooulj.ap-southeast-1.redshift.amazonaws.com}
2023-04-21T02:53:57.735Z: Error connecting to {data-platform.ckghnqcooulj.ap-southeast-1.redshift.amazonaws.com}
2023-04-21T02:56:14.459Z: Error connecting to {data-platform.ckghnqcooulj.ap-southeast-1.redshift.amazonaws.com}
2023-04-21T02:58:34.880Z: Error connecting to {data-platform.ckghnqcooulj.ap-southeast-1.redshift.amazonaws.com}
2023-04-21T03:00:54.621Z: Error connecting to {data-platform.ckghnqcooulj.ap-southeast-1.redshift.amazonaws.com}
2023-04-21T03:03:12.966Z: Error connecting to {data-platform.ckghnqcooulj.ap-southeast-1.redshift.amazonaws.com}
2023-04-21T03:05:28.822Z: Error connecting to {data-platform.ckghnqcooulj.ap-southeast-1.redshift.amazonaws.com}
2023-04-21T03:07:47.963Z: Error connecting to {data-platform.ckghnqcooulj.ap-southeast-1.redshift.amazonaws.com}
2023-04-21T03:10:03.197Z: Error connecting to {data-platform.ckghnqcooulj.ap-southeast-1.redshift.amazonaws.com}
2023-04-21T03:12:21.490Z: Error connecting to {data-platform.ckghnqcooulj.ap-southeast-1.redshift.amazonaws.com}
2023-04-21T03:14:37.720Z: Error connecting to {data-platform.ckghnqcooulj.ap-southeast-1.redshift.amazonaws.com}
2023-04-21T03:16:57.522Z: Error connecting to {data-platform.ckghnqcooulj.ap-southeast-1.redshift.amazonaws.com}
2023-04-21T03:19:12.668Z: Error connecting to {data-platform.ckghnqcooulj.ap-southeast-1.redshift.amazonaws.com}
2023-04-21T03:21:27.776Z: Error connecting to {data-platform.ckghnqcooulj.ap-southeast-1.redshift.amazonaws.com}
2023-04-21T03:23:45.996Z: Error connecting to {data-platform.ckghnqcooulj.ap-southeast-1.redshift.amazonaws.com}
2023-04-21T03:26:01.064Z: Error connecting to {data-platform.ckghnqcooulj.ap-southeast-1.redshift.amazonaws.com}
2023-04-21T03:28:20.854Z: Error connecting to {data-platform.ckghnqcooulj.ap-southeast-1.redshift.amazonaws.com}
2023-04-21T03:30:36.883Z: Error connecting to {data-platform.ckghnqcooulj.ap-southeast-1.redshift.amazonaws.com}
2023-04-21T03:32:51.988Z: Error connecting to {data-platform.ckghnqcooulj.ap-southeast-1.redshift.amazonaws.com}
2023-04-21T03:35:07.260Z: Error connecting to {data-platform.ckghnqcooulj.ap-southeast-1.redshift.amazonaws.com}
2023-04-21T03:37:25.574Z: Error connecting to {data-platform.ckghnqcooulj.ap-southeast-1.redshift.amazonaws.com}
2023-04-21T03:39:40.751Z: Error connecting to {data-platform.ckghnqcooulj.ap-southeast-1.redshift.amazonaws.com}
2023-04-21T03:41:59.178Z: Error connecting to {data-platform.ckghnqcooulj.ap-southeast-1.redshift.amazonaws.com}
2023-04-21T03:44:17.411Z: Error connecting to {data-platform.ckghnqcooulj.ap-southeast-1.redshift.amazonaws.com}
2023-04-21T03:46:33.919Z: Error connecting to {data-platform.ckghnqcooulj.ap-southeast-1.redshift.amazonaws.com}
2023-04-21T03:48:51.190Z: Error connecting to {data-platform.ckghnqcooulj.ap-southeast-1.redshift.amazonaws.com}
2023-04-21T03:51:10.691Z: Error connecting to {data-platform.ckghnqcooulj.ap-southeast-1.redshift.amazonaws.com}
2023-04-21T03:53:29.096Z: Error connecting to {data-platform.ckghnqcooulj.ap-southeast-1.redshift.amazonaws.com}
2023-04-21T03:55:47.411Z: Error connecting to {data-platform.ckghnqcooulj.ap-southeast-1.redshift.amazonaws.com}
2023-04-21T03:58:08.610Z: Error connecting to {data-platform.ckghnqcooulj.ap-southeast-1.redshift.amazonaws.com}
2023-04-21T04:24:00.454Z: Error connecting to {data-platform.ckghnqcooulj.ap-southeast-1.redshift.amazonaws.com}
2023-04-21T05:50:16.029Z: Error connecting to {data-platform.ckghnqcooulj.ap-southeast-1.redshift.amazonaws.com}
2023-04-21T11:19:42.554Z: Error connecting to {data-platform.ckghnqcooulj.ap-southeast-1.redshift.amazonaws.com}
2023-04-21T11:33:06.765Z: Error connecting to {data-platform.ckghnqcooulj.ap-southeast-1.redshift.amazonaws.com}
2023-04-21T12:44:21.932Z: Error connecting to {data-platform.ckghnqcooulj.ap-southeast-1.redshift.amazonaws.com}
2023-04-21T14:08:26.492Z: Error connecting to {data-platform.ckghnqcooulj.ap-southeast-1.redshift.amazonaws.com}
2023-04-21T22:16:29.139Z: Error connecting to {data-platform.ckghnqcooulj.ap-southeast-1.redshift.amazonaws.com}
2023-04-21T23:34:16.158Z: Error connecting to {data-platform.ckghnqcooulj.ap-southeast-1.redshift.amazonaws.com}
2023-04-22T04:28:05.555Z: Error connecting to {data-platform.ckghnqcooulj.ap-southeast-1.redshift.amazonaws.com}
2023-04-22T05:06:19.491Z: Error connecting to {data-platform.ckghnqcooulj.ap-southeast-1.redshift.amazonaws.com}
2023-04-22T06:29:23.103Z: Error connecting to {data-platform.ckghnqcooulj.ap-southeast-1.redshift.amazonaws.com}
2023-04-22T07:06:19.959Z: Error connecting to {data-platform.ckghnqcooulj.ap-southeast-1.redshift.amazonaws.com}
2023-04-22T07:52:20.438Z: Error connecting to {data-platform.ckghnqcooulj.ap-southeast-1.redshift.amazonaws.com}
2023-04-22T11:52:43.842Z: Error connecting to {data-platform.ckghnqcooulj.ap-southeast-1.redshift.amazonaws.com}
2023-04-22T12:14:51.495Z: Error connecting to {data-platform.ckghnqcooulj.ap-southeast-1.redshift.amazonaws.com}
2023-04-22T12:17:07.053Z: Error connecting to {data-platform.ckghnqcooulj.ap-southeast-1.redshift.amazonaws.com}
2023-04-22T12:19:22.527Z: Error connecting to {data-platform.ckghnqcooulj.ap-southeast-1.redshift.amazonaws.com}
2023-04-22T12:21:37.865Z: Error connecting to {data-platform.ckghnqcooulj.ap-southeast-1.redshift.amazonaws.com}
2023-04-22T12:23:53.161Z: Error connecting to {data-platform.ckghnqcooulj.ap-southeast-1.redshift.amazonaws.com}
2023-04-22T12:26:08.929Z: Error connecting to {data-platform.ckghnqcooulj.ap-southeast-1.redshift.amazonaws.com}
2023-04-22T12:28:24.271Z: Error connecting to {data-platform.ckghnqcooulj.ap-southeast-1.redshift.amazonaws.com}
2023-04-22T12:30:39.810Z: Error connecting to {data-platform.ckghnqcooulj.ap-southeast-1.redshift.amazonaws.com}
2023-04-22T12:32:55.127Z: Error connecting to {data-platform.ckghnqcooulj.ap-southeast-1.redshift.amazonaws.com}
2023-04-22T12:35:10.422Z: Error connecting to {data-platform.ckghnqcooulj.ap-southeast-1.redshift.amazonaws.com}
2023-04-22T12:37:25.725Z: Error connecting to {data-platform.ckghnqcooulj.ap-southeast-1.redshift.amazonaws.com}
2023-04-22T12:39:40.993Z: Error connecting to {data-platform.ckghnqcooulj.ap-southeast-1.redshift.amazonaws.com}
2023-04-22T12:41:56.501Z: Error connecting to {data-platform.ckghnqcooulj.ap-southeast-1.redshift.amazonaws.com}
2023-04-22T12:44:12.084Z: Error connecting to {data-platform.ckghnqcooulj.ap-southeast-1.redshift.amazonaws.com}
2023-04-22T12:46:27.612Z: Error connecting to {data-platform.ckghnqcooulj.ap-southeast-1.redshift.amazonaws.com}
2023-04-22T12:48:42.923Z: Error connecting to {data-platform.ckghnqcooulj.ap-southeast-1.redshift.amazonaws.com}
2023-04-22T12:51:00.109Z: Error connecting to {data-platform.ckghnqcooulj.ap-southeast-1.redshift.amazonaws.com}
2023-04-22T12:53:18.985Z: Error connecting to {data-platform.ckghnqcooulj.ap-southeast-1.redshift.amazonaws.com}
2023-04-22T12:55:37.173Z: Error connecting to {data-platform.ckghnqcooulj.ap-southeast-1.redshift.amazonaws.com}
2023-04-22T12:57:56.081Z: Error connecting to {data-platform.ckghnqcooulj.ap-southeast-1.redshift.amazonaws.com}
2023-04-22T13:00:14.311Z: Error connecting to {data-platform.ckghnqcooulj.ap-southeast-1.redshift.amazonaws.com}
2023-04-22T13:02:29.349Z: Error connecting to {data-platform.ckghnqcooulj.ap-southeast-1.redshift.amazonaws.com}
2023-04-22T13:04:48.505Z: Error connecting to {data-platform.ckghnqcooulj.ap-southeast-1.redshift.amazonaws.com}
2023-04-22T13:07:04.323Z: Error connecting to {data-platform.ckghnqcooulj.ap-southeast-1.redshift.amazonaws.com}
2023-04-22T13:09:22.596Z: Error connecting to {data-platform.ckghnqcooulj.ap-southeast-1.redshift.amazonaws.com}
2023-04-22T13:11:40.716Z: Error connecting to {data-platform.ckghnqcooulj.ap-southeast-1.redshift.amazonaws.com}
2023-04-22T13:14:00.274Z: Error connecting to {data-platform.ckghnqcooulj.ap-southeast-1.redshift.amazonaws.com}
2023-04-22T13:16:15.460Z: Error connecting to {data-platform.ckghnqcooulj.ap-southeast-1.redshift.amazonaws.com}
2023-04-22T13:18:33.788Z: Error connecting to {data-platform.ckghnqcooulj.ap-southeast-1.redshift.amazonaws.com}
2023-04-22T13:20:51.929Z: Error connecting to {data-platform.ckghnqcooulj.ap-southeast-1.redshift.amazonaws.com}
2023-04-22T13:23:07.420Z: Error connecting to {data-platform.ckghnqcooulj.ap-southeast-1.redshift.amazonaws.com}
2023-04-22T13:25:25.562Z: Error connecting to {data-platform.ckghnqcooulj.ap-southeast-1.redshift.amazonaws.com}
2023-04-22T13:27:40.629Z: Error connecting to {data-platform.ckghnqcooulj.ap-southeast-1.redshift.amazonaws.com}
2023-04-22T13:29:59.832Z: Error connecting to {data-platform.ckghnqcooulj.ap-southeast-1.redshift.amazonaws.com}
2023-04-22T13:32:21.555Z: Error connecting to {data-platform.ckghnqcooulj.ap-southeast-1.redshift.amazonaws.com}
2023-04-22T13:34:36.638Z: Error connecting to {data-platform.ckghnqcooulj.ap-southeast-1.redshift.amazonaws.com}
2023-04-22T13:36:56.992Z: Error connecting to {data-platform.ckghnqcooulj.ap-southeast-1.redshift.amazonaws.com}
2023-04-22T13:39:15.224Z: Error connecting to {data-platform.ckghnqcooulj.ap-southeast-1.redshift.amazonaws.com}
2023-04-22T13:41:33.375Z: Error connecting to {data-platform.ckghnqcooulj.ap-southeast-1.redshift.amazonaws.com}
2023-04-22T13:43:48.485Z: Error connecting to {data-platform.ckghnqcooulj.ap-southeast-1.redshift.amazonaws.com}
2023-04-22T13:46:03.574Z: Error connecting to {data-platform.ckghnqcooulj.ap-southeast-1.redshift.amazonaws.com}
2023-04-22T13:48:22.544Z: Error connecting to {data-platform.ckghnqcooulj.ap-southeast-1.redshift.amazonaws.com}
2023-04-22T13:50:40.709Z: Error connecting to {data-platform.ckghnqcooulj.ap-southeast-1.redshift.amazonaws.com}
2023-04-22T13:53:00.370Z: Error connecting to {data-platform.ckghnqcooulj.ap-southeast-1.redshift.amazonaws.com}
2023-04-22T13:55:15.480Z: Error connecting to {data-platform.ckghnqcooulj.ap-southeast-1.redshift.amazonaws.com}
2023-04-22T13:57:34.831Z: Error connecting to {data-platform.ckghnqcooulj.ap-southeast-1.redshift.amazonaws.com}
2023-04-22T13:59:53.001Z: Error connecting to {data-platform.ckghnqcooulj.ap-southeast-1.redshift.amazonaws.com}
2023-04-22T14:02:11.202Z: Error connecting to {data-platform.ckghnqcooulj.ap-southeast-1.redshift.amazonaws.com}
2023-04-22T14:04:30.354Z: Error connecting to {data-platform.ckghnqcooulj.ap-southeast-1.redshift.amazonaws.com}
2023-04-22T14:06:49.281Z: Error connecting to {data-platform.ckghnqcooulj.ap-southeast-1.redshift.amazonaws.com}
2023-04-22T14:27:09.573Z: Error connecting to {data-platform.ckghnqcooulj.ap-southeast-1.redshift.amazonaws.com}
2023-04-22T14:29:26.872Z: Error connecting to {data-platform.ckghnqcooulj.ap-southeast-1.redshift.amazonaws.com}
2023-04-22T14:31:41.935Z: Error connecting to {data-platform.ckghnqcooulj.ap-southeast-1.redshift.amazonaws.com}
2023-04-22T14:33:57.724Z: Error connecting to {data-platform.ckghnqcooulj.ap-southeast-1.redshift.amazonaws.com}
2023-04-22T14:36:16.713Z: Error connecting to {data-platform.ckghnqcooulj.ap-southeast-1.redshift.amazonaws.com}
2023-04-22T14:38:31.818Z: Error connecting to {data-platform.ckghnqcooulj.ap-southeast-1.redshift.amazonaws.com}
2023-04-22T14:40:50.017Z: Error connecting to {data-platform.ckghnqcooulj.ap-southeast-1.redshift.amazonaws.com}
2023-04-22T14:43:05.905Z: Error connecting to {data-platform.ckghnqcooulj.ap-southeast-1.redshift.amazonaws.com}
2023-04-22T14:45:24.009Z: Error connecting to {data-platform.ckghnqcooulj.ap-southeast-1.redshift.amazonaws.com}
2023-04-22T14:47:42.932Z: Error connecting to {data-platform.ckghnqcooulj.ap-southeast-1.redshift.amazonaws.com}
2023-04-22T14:50:01.172Z: Error connecting to {data-platform.ckghnqcooulj.ap-southeast-1.redshift.amazonaws.com}
2023-04-22T14:52:19.417Z: Error connecting to {data-platform.ckghnqcooulj.ap-southeast-1.redshift.amazonaws.com}
2023-04-22T14:54:35.272Z: Error connecting to {data-platform.ckghnqcooulj.ap-southeast-1.redshift.amazonaws.com}
2023-04-22T14:56:53.331Z: Error connecting to {data-platform.ckghnqcooulj.ap-southeast-1.redshift.amazonaws.com}
2023-04-22T14:59:08.447Z: Error connecting to {data-platform.ckghnqcooulj.ap-southeast-1.redshift.amazonaws.com}
2023-04-22T15:01:26.680Z: Error connecting to {data-platform.ckghnqcooulj.ap-southeast-1.redshift.amazonaws.com}
2023-04-22T15:03:44.738Z: Error connecting to {data-platform.ckghnqcooulj.ap-southeast-1.redshift.amazonaws.com}
2023-04-22T15:06:02.823Z: Error connecting to {data-platform.ckghnqcooulj.ap-southeast-1.redshift.amazonaws.com}
2023-04-22T15:08:21.906Z: Error connecting to {data-platform.ckghnqcooulj.ap-southeast-1.redshift.amazonaws.com}
2023-04-22T15:10:40.096Z: Error connecting to {data-platform.ckghnqcooulj.ap-southeast-1.redshift.amazonaws.com}
2023-04-22T15:12:55.334Z: Error connecting to {data-platform.ckghnqcooulj.ap-southeast-1.redshift.amazonaws.com}
